LiDAR_Front,LiDAR_Left,LiDAR_Right,LiDAR_Top,LiDAR_Bottom,Depth_Mean,Depth_Variance,IMU_Roll,IMU_Pitch,IMU_Yaw_Rate,Velocity,Altitude,Battery_Level,Wind_Speed,GPS_Accuracy,Optical_Flow_X,Optical_Flow_Y,Temperature,Navigation_Action
18.85,32.48,32.78,19.55,20.72,25.63,4.58,26.8,11.2,-88.64,11.12,52.07,52.98,3.0,1.09,3.77,-0.9,24.08,Forward
47.55,8.78,4.19,12.37,14.29,18.53,4.75,23.78,-5.25,29.44,13.22,6.9,98.0,14.2,3.26,4.07,-0.82,4.07,Forward
36.65,43.65,12.27,14.42,2.14,38.59,0.03,-15.87,-13.18,74.42,6.95,24.93,83.52,1.38,2.45,-1.22,-1.88,42.8,Forward
30.01,30.73,38.73,21.64,27.6,8.99,1.59,-14.23,6.95,-26.14,4.34,3.29,81.81,14.71,5.12,-2.68,3.19,32.23,Forward
7.97,8.03,26.53,26.35,29.42,23.64,4.19,28.89,14.42,-33.47,4.78,31.32,62.53,8.56,6.73,-3.08,-3.96,38.54,Slow_Forward
7.97,48.12,46.41,8.53,13.22,28.1,2.69,-15.81,-14.72,22.69,10.45,89.01,51.5,16.74,8.5,3.82,0.33,-0.43,Slow_Forward
3.09,26.01,21.55,10.59,18.6,33.07,4.04,27.21,-12.04,-30.86,8.51,24.0,90.51,19.55,3.39,-2.69,-0.42,22.59,Ascend
43.34,3.83,43.52,27.96,13.78,16.46,4.27,8.99,8.42,-17.56,7.3,63.84,82.41,19.78,0.98,0.31,0.51,44.5,Forward
30.14,31.42,22.56,17.57,10.0,27.57,2.22,-26.99,27.91,-40.84,3.04,84.49,56.51,0.94,0.54,-1.68,-4.49,9.22,Forward
35.46,12.81,48.97,5.78,2.78,12.34,1.8,-9.86,-17.17,-27.92,13.13,66.29,34.34,23.68,8.52,-0.01,1.74,12.19,Hover
1.23,40.22,48.0,20.08,13.95,17.59,2.28,-1.43,9.25,32.29,11.72,2.83,23.26,14.67,8.84,-1.54,-4.86,19.54,Turn_Right
48.5,40.93,16.59,29.73,24.64,35.86,3.27,19.99,24.4,76.03,2.11,44.24,59.74,22.39,1.46,-2.07,0.28,-7.55,Hover
41.66,48.95,44.32,24.79,1.0,38.01,1.84,-10.28,-2.28,14.96,5.51,53.55,36.64,15.38,0.6,-0.73,-2.34,2.42,Ascend
10.77,25.19,42.41,22.5,17.67,28.84,3.88,-11.37,-10.99,-88.19,8.13,41.79,33.78,12.1,8.1,-1.67,-1.87,7.76,Forward
9.25,22.86,10.69,6.64,26.48,15.16,4.52,25.22,10.01,-42.5,6.82,66.01,19.52,18.24,6.59,3.4,2.38,-9.49,Slow_Forward
9.33,37.72,31.29,26.35,6.92,32.86,1.42,-25.26,-28.11,81.4,5.97,62.07,13.1,5.49,5.78,0.81,4.86,7.37,Hover
15.35,6.8,3.82,16.01,5.91,1.33,4.83,3.09,-8.39,73.86,10.78,23.31,80.5,2.58,5.57,-3.24,-0.25,19.99,Forward
26.33,27.44,41.87,26.73,23.28,4.38,3.12,0.25,-14.52,-69.18,0.82,90.48,19.72,2.26,7.85,-2.64,1.7,-8.94,Forward
21.71,27.4,8.89,10.23,8.03,26.56,4.39,-26.56,-16.52,73.52,7.07,20.18,89.97,21.23,3.29,-4.46,-2.52,19.25,Hover
14.7,4.66,3.73,2.33,6.16,11.86,0.53,-24.73,-19.21,83.62,3.93,55.62,29.24,22.81,4.2,-2.0,0.54,33.99,Hover
30.67,21.02,20.13,14.54,11.65,38.07,1.26,-7.08,14.22,-31.58,1.27,91.0,78.37,20.36,1.24,1.7,-4.0,-1.97,Hover
7.15,42.69,28.93,8.46,12.08,17.61,1.61,-21.95,27.31,36.18,6.97,83.97,84.07,22.61,5.88,-3.17,3.5,42.88,Hover
14.75,42.84,42.77,21.6,26.29,17.35,1.52,-1.32,-6.91,10.8,2.57,52.43,81.33,24.62,9.63,-4.01,-0.44,12.82,Hover
18.44,5.14,48.72,28.73,18.74,27.22,0.87,6.53,-27.05,-29.33,3.87,94.88,88.56,13.15,3.2,-1.79,-1.39,14.11,Forward
22.91,4.72,22.09,20.88,12.48,30.77,4.34,11.48,13.13,-62.4,7.61,85.94,40.57,3.85,9.33,1.13,0.13,18.31,Forward
39.3,13.28,3.21,26.66,16.26,19.18,2.1,2.79,2.29,-23.95,14.61,46.76,98.73,15.2,7.43,-0.27,4.13,11.62,Forward
10.14,43.76,37.51,13.86,28.64,8.8,4.82,-7.22,13.42,77.0,10.26,107.57,35.16,8.85,2.72,-1.68,2.76,25.88,Descend
25.81,6.62,28.35,23.26,3.84,31.0,2.92,-22.21,8.87,56.02,4.19,17.89,94.09,8.66,6.8,3.83,-3.47,-0.21,Forward
29.7,36.06,22.5,25.37,6.63,13.02,0.7,-15.15,24.33,-30.48,5.74,43.66,49.37,18.2,3.98,-0.31,2.68,40.62,Forward
2.51,5.24,15.6,21.47,28.89,7.25,2.73,-4.83,-21.57,8.58,6.09,84.04,15.12,2.27,1.66,-0.45,-1.07,37.76,Turn_Right
30.46,31.23,25.22,15.48,28.74,25.38,4.97,25.45,-19.85,-16.93,2.3,104.88,80.64,0.94,1.38,-4.68,-1.05,25.46,Descend
8.69,17.93,17.07,18.96,5.73,3.89,2.83,-17.84,-9.51,-6.08,2.41,39.39,80.87,17.38,0.66,1.39,2.58,33.41,Slow_Forward
3.44,39.49,37.9,21.16,4.78,38.86,0.02,-5.2,-0.52,47.02,2.23,67.79,27.76,6.52,8.08,-0.41,-0.4,28.97,Ascend
47.45,11.84,27.29,7.97,12.92,25.41,4.67,13.94,25.54,7.74,7.82,2.41,84.12,9.64,8.91,-3.55,-4.28,16.09,Forward
48.29,32.03,43.87,24.38,1.97,39.44,1.18,12.31,24.42,-57.41,10.11,45.13,24.18,7.69,5.08,-2.56,-2.53,-1.44,Ascend
40.46,11.94,27.27,28.53,19.82,13.75,3.45,27.94,22.31,-41.57,8.86,40.38,23.63,15.37,5.44,-2.98,3.95,7.83,Forward
15.37,35.74,12.07,14.22,2.79,38.86,2.58,-18.55,-16.65,12.2,14.67,101.25,82.8,3.86,7.07,-3.78,0.92,38.65,Descend
5.06,43.71,42.58,21.18,2.21,6.08,1.63,-29.01,13.78,34.71,1.89,9.8,36.12,18.01,7.16,-0.64,3.62,26.62,Slow_Forward
34.27,6.51,27.95,22.24,14.81,1.92,1.42,-10.66,-6.99,1.46,14.8,8.39,16.92,23.12,3.58,-1.37,-1.95,37.59,Hover
22.12,43.36,10.5,20.04,28.75,1.61,4.64,-21.02,25.87,21.64,7.0,53.68,96.07,20.9,2.01,-1.4,1.89,38.28,Turn_Left
6.28,29.76,31.25,16.64,13.09,18.76,4.56,2.91,-17.13,52.09,3.28,49.48,60.13,22.68,4.59,-2.48,2.85,19.0,Hover
24.86,6.53,18.01,26.51,11.02,3.6,2.57,23.93,-21.52,8.17,14.15,20.23,50.33,23.43,7.12,-0.64,-3.17,14.01,Hover
1.91,21.49,42.25,13.74,29.94,20.63,1.3,11.29,20.54,85.89,7.03,32.34,55.37,9.31,8.14,0.48,-4.77,13.61,Turn_Right
45.48,8.21,22.77,2.3,16.19,13.3,0.52,-21.85,13.01,-47.6,5.21,116.93,70.34,19.89,1.35,1.12,1.34,14.42,Descend
13.09,35.08,36.38,25.41,11.57,13.62,0.79,-23.03,19.29,75.54,3.21,62.07,87.55,12.37,6.09,-2.8,0.77,42.04,Forward
33.19,37.99,4.96,20.38,11.88,25.53,2.62,24.69,-20.52,-45.42,4.02,11.45,70.53,6.74,1.01,2.28,-4.6,-1.73,Forward
15.72,5.47,19.92,25.55,6.25,6.77,1.55,-0.74,23.09,5.7,14.69,6.92,76.56,18.67,8.34,-4.73,-0.89,-1.65,Forward
26.1,25.41,49.17,4.59,15.61,30.73,0.22,25.42,10.66,-7.94,4.56,5.99,26.21,6.1,6.83,2.5,0.63,11.3,Forward
27.43,40.77,40.46,1.41,13.45,23.41,2.28,14.17,9.09,-22.88,14.67,47.29,44.57,2.74,7.12,-2.17,-2.88,34.1,Forward
9.41,46.82,8.17,28.06,8.49,36.62,3.73,29.6,4.96,83.29,4.95,104.01,62.63,17.62,7.74,-1.3,-4.03,36.87,Slow_Forward
48.49,25.77,14.03,4.86,5.24,14.78,4.46,22.27,15.89,-40.99,3.47,100.12,65.75,7.19,5.21,0.81,3.01,35.4,Descend
38.8,47.52,16.62,24.38,9.68,39.31,2.93,-5.15,-5.06,31.48,2.75,44.78,34.36,7.65,3.34,1.1,4.25,22.01,Forward
46.99,26.88,32.59,24.78,15.51,23.16,3.62,15.49,-22.03,54.73,6.18,93.16,97.75,22.03,7.96,-0.79,-0.53,37.17,Hover
44.76,19.83,37.9,21.41,2.22,38.94,1.83,-1.73,2.36,-54.54,3.55,90.52,20.64,3.39,7.89,4.38,-3.66,0.6,Forward
29.98,42.44,37.53,4.37,5.04,1.37,2.49,-16.02,14.89,85.17,10.45,58.48,20.11,19.12,1.78,3.58,-0.79,22.93,Forward
46.11,24.75,25.59,20.19,28.46,29.2,3.65,-15.54,-20.78,8.4,3.6,49.12,30.62,9.66,9.08,-2.75,-2.21,8.07,Forward
4.61,23.7,40.58,26.73,16.51,32.72,3.64,-6.16,-16.56,74.61,12.53,22.49,77.85,22.33,2.6,0.89,-0.09,5.02,Ascend
9.96,24.62,21.97,13.05,2.37,2.41,2.13,-23.31,11.79,29.5,12.51,34.17,13.29,11.01,3.41,2.21,-4.91,-4.52,Hover
2.45,42.37,6.37,12.7,20.95,23.29,2.72,-19.33,-13.82,26.9,4.28,41.3,98.91,10.23,2.55,-2.83,3.67,10.06,Turn_Left
16.4,41.63,28.31,13.56,2.32,32.14,4.62,0.04,-19.8,-27.79,11.3,97.71,98.9,10.75,9.67,-4.82,-4.42,-8.08,Forward
19.56,20.3,47.62,2.93,22.3,22.57,3.16,27.24,23.36,48.71,12.86,66.8,24.37,20.94,3.34,4.76,-0.7,9.38,Hover
13.71,16.8,39.69,26.81,22.62,2.83,3.22,4.66,-20.35,-84.64,8.85,24.91,46.11,0.26,9.73,4.58,1.61,16.11,Forward
41.47,24.7,29.02,26.14,19.71,27.83,3.93,-5.49,-9.35,10.05,5.49,12.4,28.35,17.62,6.56,-1.8,1.51,9.68,Descend
17.97,28.72,32.41,29.94,22.1,2.71,0.58,-15.44,-4.29,-84.21,6.61,60.1,46.72,5.13,2.18,-2.61,-2.02,32.42,Forward
14.19,12.07,46.54,17.76,3.09,32.75,2.62,-18.25,-1.43,-34.76,11.79,80.29,57.96,22.05,5.76,-3.45,-0.0,5.44,Hover
27.23,39.74,21.53,22.66,21.94,2.01,4.8,9.5,-8.32,-72.67,4.4,98.45,84.05,9.4,8.88,1.87,-0.03,-5.88,Forward
7.22,24.43,16.7,6.48,4.53,5.75,1.81,20.9,24.75,74.09,5.02,95.88,13.22,8.47,5.84,2.55,-3.69,0.95,Hover
40.15,16.84,48.87,20.19,10.52,11.22,1.48,-6.07,9.52,23.09,2.41,99.07,98.82,17.82,1.76,-0.8,-1.28,35.1,Forward
3.91,5.52,43.2,19.67,28.31,25.44,3.01,3.04,-8.43,30.33,5.99,54.29,94.65,18.06,3.23,-2.57,-3.81,24.98,Ascend
49.35,12.09,16.29,27.09,15.33,39.06,1.11,12.4,-8.54,63.2,1.3,104.01,61.34,15.84,2.64,-0.51,-4.43,21.75,Descend
38.66,47.47,23.3,25.01,29.04,4.98,2.78,-26.5,0.18,41.95,4.82,53.91,53.28,8.25,1.7,0.16,-4.44,19.62,Forward
10.1,15.39,20.87,28.18,3.12,5.97,0.79,-8.95,-27.98,-67.64,5.6,21.01,59.56,15.26,3.61,0.43,-0.65,31.2,Forward
0.48,8.61,7.62,26.13,14.59,14.94,2.9,13.79,25.6,21.16,3.83,48.29,11.66,1.36,6.78,-0.57,2.3,0.8,Turn_Left
40.81,23.14,47.9,26.13,2.34,33.5,3.02,11.08,-16.6,86.07,1.52,41.46,76.39,23.88,4.13,-4.96,4.85,1.53,Hover
35.4,15.49,20.33,2.38,19.09,18.85,2.1,-26.8,11.86,-51.46,7.83,47.67,54.68,11.32,4.72,-0.28,0.71,-2.84,Forward
36.5,1.95,43.79,25.46,2.82,13.07,1.92,-15.73,16.66,21.55,12.98,79.38,35.74,7.61,3.55,-1.53,-2.01,8.66,Descend
38.61,16.29,9.63,18.42,5.67,22.58,1.23,10.8,19.64,11.45,5.03,79.17,51.54,21.52,9.95,0.57,-2.93,5.06,Hover
3.89,27.3,27.48,11.72,8.14,10.64,1.66,-13.72,-20.06,-19.5,3.55,27.76,36.33,8.1,6.07,-4.31,1.95,40.33,Ascend
18.05,27.68,1.39,2.17,22.59,16.23,2.5,18.86,2.2,81.83,4.28,38.6,73.0,24.93,8.42,3.79,-4.48,-9.32,Hover
5.97,17.96,38.26,20.49,5.34,13.5,1.25,-28.23,-24.98,-25.85,12.93,71.85,65.3,17.26,4.69,3.75,-2.38,16.08,Slow_Forward
43.18,22.48,29.13,10.18,25.48,32.22,3.92,-18.58,18.29,-73.14,7.92,11.01,44.93,16.24,2.1,0.64,1.89,30.19,Forward
31.24,48.28,31.35,14.3,4.39,36.99,3.55,-13.12,-0.81,83.26,1.96,82.95,38.28,3.8,8.54,2.37,-0.55,39.86,Forward
16.68,18.99,2.78,20.61,1.54,30.46,1.35,25.52,-20.49,41.26,10.64,22.29,89.02,15.25,7.75,-0.62,0.0,43.13,Ascend
3.37,13.06,10.71,27.4,12.15,17.73,0.5,17.78,13.12,-28.36,2.32,102.23,71.4,3.88,3.63,0.9,4.75,-6.19,Ascend
15.69,12.32,3.9,24.85,29.39,20.32,0.01,23.05,-10.13,-39.51,0.9,48.79,74.42,19.59,6.26,1.18,-0.95,0.73,Forward
16.39,23.0,14.59,13.79,3.76,5.27,2.99,-3.57,-23.13,77.04,3.84,27.28,65.67,3.46,1.39,-1.46,0.95,44.95,Forward
36.53,38.02,31.45,11.94,3.5,29.95,1.06,19.35,-2.34,-40.76,2.52,80.47,16.77,8.97,0.75,4.61,4.99,7.24,Forward
31.95,10.46,28.4,7.57,22.66,23.98,0.07,21.21,-15.89,6.69,9.07,66.93,15.33,11.92,8.25,1.03,1.86,-6.94,Forward
44.38,35.52,30.69,11.49,9.71,36.13,1.8,-6.0,27.01,-51.31,7.27,21.46,48.63,20.13,9.45,4.91,0.14,41.35,Hover
23.72,1.25,27.55,3.78,21.66,8.26,4.81,29.67,-8.32,89.14,10.86,99.43,93.74,15.82,3.77,-0.68,-1.76,12.19,Forward
6.16,21.06,13.8,29.15,6.4,30.46,3.45,21.07,4.35,48.51,7.67,54.94,57.22,18.7,6.18,-4.68,4.76,6.01,Slow_Forward
35.72,38.84,12.38,17.43,14.07,27.48,4.29,28.45,26.9,12.17,6.29,19.12,88.83,6.1,7.31,-1.98,-2.06,-1.72,Forward
38.09,17.07,7.03,4.27,8.33,10.85,0.73,21.99,-6.38,44.25,7.89,95.75,18.69,5.93,7.59,1.51,-3.84,13.39,Forward
28.15,28.27,42.48,10.91,13.82,26.79,0.38,16.57,-8.51,74.95,6.52,16.88,75.18,9.52,5.07,4.1,4.26,10.23,Forward
38.59,10.41,30.9,16.64,23.19,37.0,0.07,26.63,-20.26,83.36,0.56,116.2,32.08,0.47,6.33,1.15,-1.81,40.83,Descend
24.79,37.15,9.49,16.22,22.98,36.76,4.78,-4.81,26.3,51.48,10.21,53.58,57.2,20.77,6.74,-0.28,0.89,1.65,Hover
26.23,2.8,9.03,1.55,15.72,28.87,1.51,17.0,18.04,62.83,14.43,87.66,36.36,9.25,1.48,-4.19,1.46,-5.24,Forward
21.49,42.66,43.68,28.55,27.89,2.21,2.3,-17.23,-16.74,-18.4,6.33,54.78,74.11,1.69,6.63,-3.55,-2.39,5.2,Forward
1.47,10.07,37.19,8.62,8.28,34.93,1.98,13.97,-10.04,-19.47,6.36,23.32,46.08,21.81,5.35,-4.47,-0.77,20.03,Turn_Right
5.57,43.75,33.04,0.98,7.59,26.41,3.65,17.12,24.89,55.49,0.69,91.22,51.6,24.2,4.1,2.11,-3.45,8.03,Hover
1.77,17.76,20.46,2.76,18.61,12.62,1.56,12.99,2.24,46.73,13.36,35.43,32.08,16.16,2.99,3.31,3.85,7.17,Turn_Right
31.89,36.19,13.25,17.62,18.83,7.73,2.68,20.99,3.38,72.18,13.94,82.21,35.33,8.91,6.56,-3.36,0.85,11.89,Forward
15.85,16.1,48.98,4.56,1.87,4.91,4.98,-5.2,8.89,-66.06,12.2,31.63,26.15,10.34,2.08,-1.75,3.9,37.99,Ascend
25.53,45.31,39.9,1.73,18.43,2.29,2.23,2.69,15.73,34.35,1.6,29.69,59.84,6.4,8.2,-0.21,-2.43,26.45,Forward
45.4,6.51,15.23,11.7,11.55,30.24,2.76,-29.36,26.36,26.58,13.5,55.44,23.05,17.78,2.13,-3.57,1.34,18.99,Forward
12.61,9.09,42.41,18.87,22.55,9.66,2.52,-21.24,18.13,53.73,0.36,98.13,34.14,8.9,7.83,-0.84,-2.82,12.16,Forward
20.64,24.75,37.99,3.8,24.34,1.26,4.02,8.65,26.07,-85.58,6.67,74.02,57.74,0.81,8.27,4.67,-2.11,-6.13,Turn_Left
37.83,4.28,14.99,9.74,16.79,16.07,1.34,3.74,19.24,58.73,7.51,8.7,34.73,1.15,9.43,2.19,-1.39,38.65,Forward
11.59,9.96,21.44,12.82,0.55,19.46,0.86,-18.16,-27.21,-31.24,12.51,88.33,62.96,15.37,4.9,-3.33,0.49,-2.94,Ascend
4.03,47.2,9.46,5.2,19.27,7.02,3.77,-15.39,-22.95,33.68,11.26,69.99,11.27,7.26,1.11,-4.01,0.56,0.26,Ascend
14.63,48.83,5.73,15.43,22.59,2.05,2.08,-9.36,23.09,20.98,11.96,75.2,97.59,4.21,6.94,-0.55,-3.0,14.76,Forward
8.23,18.94,36.19,3.01,7.85,7.81,4.57,12.98,-28.34,-10.76,13.02,43.08,75.7,13.81,3.18,4.88,-4.54,-2.29,Slow_Forward
46.5,46.18,13.52,1.87,14.21,27.26,3.22,6.58,17.65,44.28,7.14,67.18,55.34,6.96,1.38,2.93,2.72,25.2,Forward
40.44,27.33,41.04,15.84,28.99,3.57,2.83,-25.83,20.99,83.02,11.7,45.25,92.88,1.83,8.63,-2.07,0.26,17.19,Forward
31.74,13.63,49.78,7.81,9.29,22.33,0.36,15.6,-5.07,-31.77,1.02,10.7,88.28,4.84,1.83,-4.74,-1.87,17.38,Forward
43.6,35.18,4.02,3.31,7.08,6.11,3.65,-14.24,-8.71,44.72,6.67,101.49,42.99,19.45,5.31,-0.89,-4.47,43.19,Descend
40.22,33.01,23.76,13.01,6.72,8.07,3.43,10.31,-18.34,-33.38,0.45,81.69,20.45,21.3,7.99,-3.39,-3.95,27.06,Hover
9.49,49.46,40.14,27.5,16.98,15.91,3.2,-22.6,-27.06,62.22,13.73,80.78,32.7,21.8,2.39,-3.2,-0.76,30.26,Hover
44.65,13.4,39.49,21.86,28.52,4.3,1.35,29.88,14.72,-11.29,14.38,24.05,28.78,13.37,9.02,-3.38,-0.16,23.52,Forward
27.06,33.67,38.05,24.56,18.46,7.18,4.73,-25.18,-25.58,-9.13,1.26,79.97,77.51,23.77,3.65,2.2,-1.23,4.27,Hover
40.41,2.79,17.58,26.22,9.45,14.15,1.62,14.5,26.68,48.94,7.99,28.61,59.33,3.79,4.27,-4.64,0.67,-6.54,Forward
44.83,5.86,22.8,29.19,19.34,13.39,0.77,2.48,-12.2,-0.69,4.88,82.82,86.51,16.96,1.75,0.65,3.14,20.85,Forward
16.04,0.4,29.83,23.02,18.93,30.05,4.94,-24.84,17.65,-42.0,5.14,40.69,54.07,17.61,6.62,2.53,1.77,14.56,Forward
5.68,49.97,48.7,18.45,18.11,3.27,3.73,-28.39,-26.42,89.2,6.76,19.74,79.28,1.33,5.21,-3.44,3.67,-3.23,Slow_Forward
11.55,40.15,16.51,11.28,5.2,34.46,2.08,-8.24,2.18,21.64,1.88,108.85,39.11,7.06,9.75,3.93,1.16,37.27,Descend
21.47,39.38,46.17,5.86,19.22,32.7,4.68,18.13,-9.05,26.13,2.71,13.45,64.19,23.73,7.13,-4.22,-3.95,17.32,Hover
40.94,25.58,13.61,20.76,13.19,30.71,0.46,-27.53,-28.2,26.38,8.66,91.65,67.55,18.98,7.71,1.83,-3.5,14.96,Forward
43.06,15.14,49.46,29.85,1.05,12.58,0.45,12.26,9.35,69.0,0.28,13.11,78.34,1.37,2.39,-3.28,-1.09,12.96,Ascend
0.55,7.73,33.58,14.29,16.42,32.97,3.42,9.32,26.59,-56.9,9.0,82.48,81.95,13.52,7.27,3.06,-2.16,30.58,Turn_Right
25.64,14.38,23.28,21.85,29.68,7.56,0.9,-14.07,-29.35,-79.35,4.78,14.14,34.89,16.22,5.8,0.71,1.52,-7.15,Forward
20.99,18.92,30.75,15.11,10.82,5.24,4.59,-25.35,-13.77,-20.39,12.48,61.55,44.66,24.33,4.34,0.89,1.26,1.84,Hover
11.26,37.86,13.77,13.24,28.98,2.08,4.2,24.92,12.22,11.68,9.0,23.37,28.64,17.91,7.94,-1.54,-0.37,39.63,Forward
6.17,27.08,13.85,12.6,3.34,37.59,1.54,-11.98,22.28,-38.57,10.62,104.12,77.31,15.97,9.8,-2.17,1.44,-7.79,Slow_Forward
17.01,4.06,5.86,15.39,22.11,12.53,4.45,-23.32,-18.55,34.06,1.72,48.78,34.37,22.71,1.4,-0.37,4.11,23.59,Hover
47.16,1.1,5.88,11.32,3.87,36.73,0.22,10.89,-25.76,-76.7,3.99,2.84,45.19,16.52,7.99,2.58,-0.08,3.27,Descend
16.3,5.3,17.51,22.59,8.57,11.12,2.75,-17.0,-29.48,52.33,14.95,75.75,82.27,23.3,9.24,-3.32,-1.53,19.73,Hover
26.04,20.64,38.19,26.29,17.34,36.33,4.68,-1.46,-17.09,39.26,6.5,53.97,40.58,12.32,3.49,3.16,-0.24,19.21,Forward
35.21,46.67,30.48,26.55,17.99,36.19,4.28,-26.98,-25.72,-51.49,5.38,103.31,36.24,17.96,3.95,-0.2,-3.55,26.09,Descend
18.31,31.94,5.31,7.22,23.37,36.97,1.79,29.58,-8.44,-36.28,13.11,52.54,68.61,15.79,8.05,-0.48,-4.03,-0.55,Forward
48.59,40.13,42.64,26.93,18.65,20.0,0.92,-3.14,-3.59,55.26,0.5,49.93,97.78,13.81,9.56,-4.83,-0.89,25.24,Forward
48.13,23.43,30.15,10.58,18.01,34.68,1.06,29.95,-1.2,49.2,8.02,55.04,15.64,8.1,9.42,-3.76,4.23,32.99,Forward
12.74,18.21,48.05,9.62,27.41,38.05,2.58,-6.86,-21.46,56.48,3.15,103.32,85.13,22.59,1.03,-0.68,3.63,-0.34,Descend
24.96,5.6,33.58,21.94,13.84,13.19,2.99,-9.13,-2.16,-32.0,5.52,70.83,20.94,6.75,8.78,4.81,1.78,33.42,Turn_Left
15.18,43.82,8.92,9.49,7.15,16.93,0.17,24.87,-29.46,84.52,3.0,80.65,41.04,3.98,6.07,-2.5,2.19,-3.3,Forward
14.39,39.2,23.79,2.06,5.27,28.85,2.07,-10.23,-15.63,38.76,0.57,86.73,47.5,17.8,4.5,-4.9,3.61,4.45,Forward
2.04,8.57,32.5,11.52,12.3,12.22,4.15,-4.08,-7.85,-78.26,6.25,112.56,74.69,13.66,8.53,-0.64,4.15,9.9,Slow_Forward
30.56,25.71,1.61,21.78,21.53,30.23,2.23,-25.31,-22.9,-4.01,11.84,100.66,93.39,6.57,8.1,-4.84,1.59,7.12,Descend
25.23,24.47,0.94,10.15,1.76,3.23,0.85,27.33,18.84,29.62,14.28,111.35,19.18,21.76,5.34,-1.64,-1.14,30.36,Ascend
2.76,31.33,6.64,19.07,4.31,21.08,4.77,-24.89,-17.93,-59.64,9.36,41.85,77.03,7.16,4.4,-1.46,-3.53,4.79,Turn_Left
14.08,47.32,12.73,19.97,3.63,5.16,1.34,16.27,15.29,72.32,5.83,26.57,39.01,1.59,4.99,-4.98,-4.93,31.29,Forward
45.43,29.07,21.59,22.15,17.76,11.94,3.99,2.32,-1.57,45.74,11.55,25.2,91.17,0.38,3.52,2.8,1.48,-6.86,Forward
12.13,27.1,24.47,26.97,7.66,10.57,0.98,-26.32,-1.22,-75.34,7.58,103.08,35.04,23.07,6.96,4.13,-1.02,7.52,Descend
7.42,2.71,7.07,13.26,5.4,33.61,2.12,-29.9,8.71,74.38,5.51,99.84,72.45,10.05,8.97,4.99,-4.2,40.2,Slow_Forward
24.57,3.33,33.73,5.41,17.99,7.98,2.46,26.13,-27.34,-17.21,2.69,78.4,24.83,5.34,2.88,0.09,-2.21,11.2,Forward
49.29,9.53,29.89,9.91,22.96,32.4,2.51,14.53,-25.27,-8.56,11.94,8.49,96.22,14.18,8.34,-1.93,-0.31,15.87,Forward
12.25,1.82,14.86,13.25,10.3,31.82,2.59,11.19,-10.39,50.96,7.51,38.85,10.39,12.2,3.93,2.17,2.84,31.41,Forward
33.67,37.22,0.88,21.56,17.56,20.11,1.13,-3.69,-4.99,25.92,14.46,88.37,30.96,25.0,1.75,2.36,-1.85,-7.04,Hover
38.13,36.22,4.07,0.89,3.39,9.58,2.58,-15.68,-4.2,-11.24,12.03,30.58,70.83,22.21,0.88,-1.21,1.56,28.53,Turn_Right
12.03,6.98,19.71,9.82,28.09,9.31,2.41,10.79,10.61,-43.27,6.3,75.26,86.82,6.78,5.05,0.66,-4.57,-6.46,Forward
36.47,41.84,7.87,23.51,10.44,18.76,1.05,6.5,-29.96,3.04,11.11,65.59,99.42,17.44,5.9,3.22,4.62,20.39,Forward
18.52,7.91,18.97,20.29,29.93,0.65,4.94,13.58,27.55,14.25,6.8,32.26,25.59,9.68,0.56,-3.11,4.72,23.63,Forward
31.69,15.2,31.48,22.09,29.37,21.39,4.33,-8.05,-19.53,23.57,1.2,112.19,37.64,9.11,6.7,-4.8,0.28,-2.04,Descend
31.75,12.6,27.45,24.45,23.48,38.13,4.44,29.22,-15.08,18.91,7.75,31.55,90.27,9.18,5.43,0.4,1.58,36.8,Turn_Right
26.88,18.74,11.71,23.61,1.09,6.44,3.43,-25.98,24.34,21.11,12.99,107.48,12.92,15.98,9.98,1.64,2.65,21.29,Ascend
4.7,12.88,17.32,20.62,16.53,23.06,0.81,-25.22,-29.67,-4.37,12.83,65.37,76.0,13.45,1.49,0.75,4.7,-1.49,Ascend
41.8,24.55,30.78,13.47,3.06,38.48,2.84,25.01,29.48,11.14,8.62,11.93,48.07,18.88,7.2,0.96,0.45,37.35,Forward
16.17,20.49,43.07,29.52,26.91,34.46,4.11,8.86,-27.84,-38.05,5.7,100.2,71.99,3.82,2.56,-1.07,2.55,35.36,Descend
9.49,49.33,37.71,17.29,23.79,34.06,0.2,-10.42,-22.77,-61.49,0.15,95.18,57.24,10.64,2.46,1.51,-3.08,26.89,Ascend
2.23,2.99,27.76,6.48,29.18,32.93,2.48,15.72,-15.59,19.25,4.67,99.89,66.44,21.51,0.68,-4.57,-3.46,12.3,Turn_Right
29.63,7.28,18.24,9.14,18.45,12.57,1.99,-2.83,-3.68,-81.54,14.85,76.94,70.0,0.08,0.56,-3.49,2.13,17.18,Forward
33.94,2.83,18.38,20.96,15.9,35.66,1.07,-28.73,1.11,-78.26,10.9,85.68,66.81,15.59,2.27,-0.55,4.24,28.69,Forward
1.03,31.37,43.99,27.78,15.81,37.67,1.9,9.07,-23.72,-45.48,10.76,108.94,69.81,19.64,2.17,4.43,0.68,6.52,Turn_Right
25.7,2.91,2.15,5.77,11.9,19.98,4.92,-15.41,-25.58,-55.02,11.42,16.2,61.15,9.6,0.5,1.44,0.35,22.75,Forward
11.48,41.85,49.4,2.93,14.33,14.38,3.62,-23.08,-28.09,-22.66,9.3,10.88,74.25,22.09,7.31,-1.45,0.71,24.21,Hover
32.33,25.69,33.29,26.51,19.24,16.74,1.5,-16.48,-14.59,-23.17,8.79,15.88,79.84,18.39,5.28,-0.42,3.8,2.22,Forward
8.88,26.44,34.12,27.5,28.02,13.57,3.03,-1.43,25.29,-68.97,6.8,104.54,80.91,15.15,4.26,3.46,3.0,-2.92,Slow_Forward
34.61,28.17,2.09,8.65,18.08,8.73,1.24,-27.01,-6.61,-45.63,6.66,67.99,86.82,4.96,1.49,0.42,3.02,-0.94,Forward
19.46,8.71,30.36,11.63,25.78,24.85,3.06,22.99,15.84,-89.18,13.06,21.95,38.48,16.75,3.67,-4.52,-3.93,-8.84,Forward
46.85,10.04,24.34,19.98,25.95,22.64,4.48,3.6,-18.59,-26.83,5.9,17.86,77.12,20.84,4.97,-0.83,2.6,31.31,Slow_Forward
7.05,16.08,5.47,10.23,15.81,18.66,2.79,-12.42,-26.12,53.36,12.6,54.01,95.2,18.25,9.98,-1.12,2.68,34.52,Slow_Forward
17.19,29.76,14.04,26.38,10.75,4.11,3.67,11.22,3.26,-42.09,12.57,98.07,43.07,14.37,5.35,4.0,-3.68,33.98,Forward
5.85,10.66,44.54,3.67,19.37,31.94,2.27,18.25,19.33,25.8,11.56,96.82,79.99,17.86,0.69,-1.95,-0.29,41.15,Slow_Forward
46.25,5.99,27.59,1.62,13.65,7.24,2.63,6.84,23.91,-72.31,0.56,102.3,36.23,24.42,2.47,-4.35,-4.02,-5.34,Descend
43.89,48.51,20.79,6.65,2.9,4.85,3.48,-17.85,2.77,-87.79,2.22,92.5,25.8,0.27,3.87,-1.45,-1.03,41.19,Forward
13.05,1.29,3.82,8.94,11.65,25.04,4.06,-23.38,-12.36,-0.29,4.72,8.33,50.18,16.6,4.83,-4.56,1.41,17.6,Forward
33.07,40.17,35.76,3.83,29.83,16.13,3.3,21.59,-23.43,-6.93,12.71,86.7,82.59,19.82,6.91,3.32,-2.82,11.64,Forward
40.9,39.44,35.2,2.44,1.93,2.67,4.89,-15.92,10.07,-55.53,13.1,62.76,37.64,15.97,6.11,0.9,-3.68,-2.2,Ascend
27.85,15.0,30.78,22.79,21.05,14.42,4.1,-28.8,-13.17,-38.41,0.62,87.44,36.54,6.83,5.34,-0.31,1.38,16.58,Forward
26.58,6.95,25.61,5.35,25.32,30.94,3.89,8.57,20.64,-84.48,4.87,58.63,34.99,20.57,8.46,-1.4,3.27,27.49,Hover
12.24,7.45,21.8,27.46,19.64,24.73,4.23,-20.83,6.31,53.6,12.76,58.54,29.63,22.83,2.36,-0.82,-3.46,-5.11,Hover
4.84,34.93,29.74,11.36,17.31,14.7,1.41,29.46,21.53,-35.77,3.75,16.01,65.0,17.09,1.24,2.88,4.04,43.78,Ascend
44.88,32.21,11.82,20.28,21.37,7.91,2.17,22.18,4.0,-50.5,14.64,108.72,31.9,12.78,8.46,-3.2,2.37,40.42,Descend
45.04,39.18,47.07,7.15,13.17,25.38,2.83,6.51,16.3,54.84,7.34,45.58,94.14,9.16,4.89,-4.29,1.78,38.8,Forward
31.73,46.89,29.52,7.59,3.2,35.54,2.32,20.03,-12.34,-82.93,14.06,70.3,41.13,8.25,5.76,0.62,-3.79,12.53,Forward
17.08,34.66,15.7,17.45,28.89,25.96,4.24,-1.77,0.18,-38.79,6.43,25.65,58.82,18.08,8.46,3.59,4.3,37.08,Forward
17.59,7.96,22.59,17.04,13.25,32.57,0.15,17.31,-28.84,-42.7,4.86,44.9,46.83,15.18,9.49,0.62,-0.27,-3.1,Forward
36.35,12.32,40.32,23.18,20.13,21.0,1.05,8.79,6.47,-42.66,5.44,104.6,96.64,3.92,5.74,2.96,0.36,40.09,Descend
44.88,42.14,8.25,22.86,16.17,28.8,4.41,-28.28,2.02,-87.93,13.26,25.94,48.16,3.53,8.22,3.93,0.13,37.01,Forward
44.38,10.62,14.78,20.29,2.11,35.88,0.3,26.93,15.32,78.24,4.96,25.53,60.73,1.78,5.68,-4.23,0.31,22.29,Forward
39.04,3.81,34.04,13.75,28.61,31.0,1.14,21.66,13.74,65.55,10.04,32.0,78.71,17.09,0.82,0.89,3.23,26.43,Forward
32.17,35.22,15.91,26.77,23.88,36.42,1.76,27.2,7.66,-15.39,7.05,69.38,25.42,7.86,9.58,3.33,-4.01,9.29,Forward
4.39,20.25,39.67,18.87,4.9,17.42,3.76,13.88,-26.6,-9.82,14.13,62.96,12.94,0.51,8.27,1.44,-0.16,42.19,Ascend
8.25,46.02,6.7,29.71,29.46,36.2,2.81,-5.28,24.18,4.35,2.39,21.86,50.94,8.44,7.66,0.92,1.14,-6.33,Slow_Forward
44.95,32.58,38.18,24.67,22.24,24.98,4.77,-17.58,-28.92,-3.9,6.43,83.34,59.56,20.8,4.7,2.88,-3.82,39.0,Hover
30.4,4.7,3.6,1.81,14.43,34.84,1.15,-19.2,18.2,50.24,1.87,109.0,35.84,6.19,9.45,2.07,0.81,4.38,Descend
0.66,47.4,0.83,9.96,18.54,1.86,4.36,-21.31,-1.24,-2.08,8.67,24.66,51.63,15.84,5.15,0.02,0.09,34.28,Turn_Left
5.25,13.08,44.93,17.37,3.65,26.42,1.42,-16.76,19.08,-56.01,6.04,81.08,65.36,10.99,7.35,-4.56,-2.77,-7.28,Slow_Forward
33.24,16.99,29.15,21.78,17.03,33.96,1.24,3.04,-2.1,-68.95,0.91,70.78,97.59,13.72,1.46,1.13,-2.43,3.44,Forward
0.45,20.23,17.72,16.73,2.67,7.22,2.5,11.02,8.82,75.29,12.75,40.14,64.16,14.89,2.58,-2.87,-4.14,0.88,Turn_Left
8.21,2.75,11.78,23.69,16.57,26.57,0.37,-11.16,-8.2,-81.29,5.63,74.52,50.4,11.37,4.53,-2.46,2.05,43.8,Slow_Forward
27.53,24.93,30.92,8.84,16.8,33.05,1.93,2.92,14.62,71.56,7.4,25.98,12.03,1.45,6.02,1.8,-3.52,1.54,Forward
34.66,6.34,25.55,5.93,26.3,11.73,1.78,-9.52,-14.75,34.29,6.11,100.24,37.95,14.19,8.15,-0.47,2.89,10.41,Descend
32.67,20.17,49.58,2.09,21.89,16.39,0.81,11.79,13.16,-17.15,7.33,3.64,42.26,9.94,2.79,2.17,3.9,6.39,Ascend
11.37,17.67,49.16,17.41,7.86,22.91,4.31,29.31,-18.4,-56.31,0.24,68.48,52.93,5.0,7.86,-1.07,-2.59,44.23,Forward
35.67,38.69,31.82,20.81,26.71,20.91,1.94,11.34,13.33,-34.11,12.23,38.93,80.4,22.41,8.95,3.7,-2.4,23.87,Hover
12.02,40.2,22.25,10.12,17.41,1.86,4.91,-26.46,-12.38,5.38,4.98,105.88,79.83,18.4,8.28,-0.73,-3.77,9.79,Descend
16.4,7.84,24.66,18.6,18.39,4.22,4.5,-1.37,-13.28,28.23,10.87,60.42,86.08,7.1,6.41,-0.06,0.41,39.93,Forward
37.38,18.45,34.19,2.04,5.48,4.29,0.98,16.22,18.69,34.47,0.97,96.5,36.1,13.47,8.19,-3.74,4.64,28.9,Forward
32.55,18.79,5.26,3.43,25.8,10.71,2.53,2.53,18.82,-9.49,7.86,110.93,41.18,24.08,8.84,0.04,-2.56,28.69,Descend
42.49,7.74,16.55,21.2,27.96,10.06,3.01,27.06,11.48,-22.68,13.63,40.79,23.52,6.14,5.77,-2.6,-3.4,16.75,Forward
32.95,39.96,3.95,11.36,23.36,29.77,4.1,-26.71,25.43,48.3,5.97,105.76,87.17,23.68,8.2,2.63,1.06,17.38,Descend
28.5,35.42,3.85,20.3,28.25,23.04,4.43,-12.53,-20.63,76.57,2.96,87.43,68.7,17.08,4.5,2.14,3.57,30.19,Forward
4.87,9.68,9.95,25.04,9.42,30.63,3.12,-16.76,-13.84,74.6,1.49,13.87,16.98,13.52,5.46,-4.84,3.7,-9.44,Ascend
18.51,18.46,24.37,25.65,25.9,3.07,0.19,16.06,-12.36,9.29,12.89,13.37,37.33,24.58,1.0,-0.06,-1.55,14.05,Hover
13.41,5.47,39.28,5.58,14.92,19.56,2.41,1.43,-11.68,-75.78,3.58,98.26,23.75,8.34,8.89,-4.55,2.87,43.97,Forward
12.35,31.48,24.38,14.85,5.34,13.15,4.43,-21.7,-10.32,-76.81,14.63,56.73,97.23,6.96,1.83,0.69,0.92,25.96,Forward
48.66,6.24,16.91,22.15,20.23,34.04,3.57,-12.86,11.82,-17.5,3.72,59.92,39.21,8.49,3.12,4.02,2.33,10.84,Forward
19.78,49.3,4.3,23.33,20.68,28.4,4.35,1.36,-13.75,41.91,7.21,107.06,54.68,18.77,3.52,3.67,1.77,-0.64,Descend
44.62,39.08,27.6,23.65,8.96,34.81,3.37,29.77,-12.84,-0.48,6.87,108.55,38.61,8.43,1.6,-2.56,-3.72,9.73,Descend
31.63,19.63,13.71,7.23,1.31,2.14,0.23,-8.14,4.22,22.93,0.93,14.41,52.69,2.57,9.26,-3.6,-1.43,16.4,Ascend
39.78,29.01,30.82,6.18,6.4,28.92,4.84,-20.59,-18.4,61.8,7.98,45.46,99.88,16.11,9.72,2.91,2.63,24.69,Descend
25.23,45.58,48.86,17.91,12.29,21.74,4.59,-0.18,-8.11,-82.74,10.09,107.53,35.86,5.57,8.72,0.46,2.6,44.07,Hover
28.93,27.79,5.74,22.36,5.44,33.05,0.64,-11.39,-26.52,76.29,11.13,98.56,35.44,0.1,3.79,-0.76,-3.78,17.29,Forward
24.73,8.89,10.76,9.91,6.22,20.43,0.57,3.96,27.15,-30.44,7.84,86.8,43.42,4.98,1.02,3.1,-0.38,10.0,Forward
9.92,19.06,23.76,3.59,12.05,21.75,2.7,-2.0,-10.96,-81.58,12.19,13.13,25.24,20.48,2.24,-2.47,3.69,3.96,Hover
36.18,42.19,48.44,21.64,28.87,2.36,3.79,11.37,21.0,60.38,11.28,74.92,76.51,23.51,7.83,-2.75,2.92,32.13,Hover
14.18,32.28,38.64,9.34,23.05,26.84,1.92,24.86,1.8,78.15,2.91,70.24,44.14,16.55,3.22,1.12,0.81,15.51,Forward
1.41,32.61,44.93,5.41,9.93,11.14,0.69,-17.97,-16.31,48.35,6.02,20.89,62.28,7.76,8.98,-2.27,-2.94,29.88,Turn_Right
32.34,43.37,16.82,4.86,28.57,1.08,2.56,19.27,-18.39,54.81,2.14,93.09,69.52,10.91,8.43,-0.73,-1.75,5.6,Forward
9.02,44.72,49.6,9.79,19.55,2.94,1.69,26.96,11.7,66.84,2.0,38.13,13.19,4.86,2.75,-0.45,1.54,10.42,Ascend
47.03,46.01,5.32,17.98,13.94,38.3,1.77,-7.58,27.89,4.03,10.68,74.85,67.96,22.02,7.09,-2.95,2.81,42.56,Hover
47.71,4.92,2.84,11.07,14.31,14.04,3.23,-23.18,-19.02,32.48,7.96,44.06,57.95,16.64,4.7,-4.38,1.14,2.84,Forward
45.76,27.3,42.81,1.11,12.62,34.76,4.43,19.31,-23.07,-38.44,9.01,11.04,17.46,2.11,2.54,2.67,-1.05,7.52,Forward
18.63,37.08,46.38,3.36,7.37,38.4,2.8,12.07,-6.77,-45.05,10.98,63.45,21.2,9.17,6.11,2.84,0.77,17.98,Forward
0.97,37.89,4.71,9.07,11.91,37.75,3.44,-17.24,-6.37,19.61,4.16,37.49,49.67,13.45,8.45,0.98,-4.96,18.92,Turn_Left
46.43,30.41,5.85,19.96,16.07,35.3,3.3,-3.29,18.38,42.23,6.02,9.49,41.17,19.93,9.3,-3.51,2.36,-6.34,Descend
21.52,8.51,1.85,3.41,16.08,35.83,2.76,4.68,-1.87,-18.51,9.1,24.62,49.37,23.01,1.06,-0.24,3.44,43.43,Hover
48.34,39.91,5.4,17.04,22.97,11.77,1.56,-19.81,-26.25,-17.95,1.45,74.64,67.2,3.32,4.48,-3.22,-4.54,6.65,Forward
48.19,36.06,10.63,4.04,11.08,6.31,1.9,12.89,25.24,81.76,12.5,13.06,23.9,20.86,6.24,3.81,-1.01,-7.05,Hover
42.68,4.49,48.51,6.74,21.65,25.68,1.59,11.39,-7.61,3.32,5.15,11.41,69.62,1.64,3.71,1.97,3.49,4.02,Forward
14.86,23.3,33.46,5.58,17.55,19.68,4.59,23.23,10.11,87.53,9.88,113.34,83.63,6.01,3.52,-4.69,0.97,11.98,Descend
19.38,8.86,38.97,2.48,28.87,4.22,4.13,4.04,10.05,65.31,14.93,13.8,10.26,0.53,7.83,-4.98,-0.17,2.74,Turn_Right
42.59,17.01,38.85,20.3,11.87,27.2,2.9,4.46,-26.62,25.14,7.13,45.75,43.16,1.6,7.93,4.84,-4.13,-1.48,Forward
15.98,1.1,26.85,14.17,27.09,22.65,4.56,7.16,-29.78,-88.36,3.23,16.88,34.77,0.81,7.42,-4.6,2.37,17.89,Forward
8.64,20.14,39.91,25.02,24.71,34.56,4.43,-13.57,-24.72,-36.73,3.25,112.77,48.88,3.65,9.04,3.66,1.89,33.8,Slow_Forward
27.93,27.58,29.87,3.42,19.31,24.48,4.64,15.52,27.39,-14.82,0.91,58.26,65.38,21.91,5.2,4.56,0.9,28.77,Hover
46.82,31.06,15.86,4.77,19.81,23.09,1.12,9.75,17.64,27.51,11.51,14.22,26.88,7.1,7.98,-1.92,-4.4,13.4,Forward
34.86,33.24,28.14,9.54,3.0,17.8,3.59,20.35,-22.08,-18.81,4.4,92.49,22.07,11.99,0.61,0.4,1.43,-3.19,Forward
28.59,41.85,26.77,23.09,28.53,18.67,3.05,16.12,6.89,59.01,2.59,93.91,75.6,12.18,9.88,1.47,-4.48,42.52,Forward
5.04,10.93,41.21,9.52,3.65,38.19,3.67,8.31,6.72,29.32,10.71,108.24,71.72,24.88,9.23,0.2,3.22,8.52,Hover
30.83,6.2,49.09,12.55,17.12,5.8,1.32,-20.35,-29.97,-27.51,4.64,84.97,51.48,9.12,8.49,-2.86,3.69,-4.33,Forward
49.5,42.61,20.67,9.4,10.24,18.01,3.48,25.15,-4.26,51.2,9.01,7.51,55.12,6.63,6.08,0.81,0.31,8.51,Forward
7.18,8.0,38.22,2.87,13.18,26.34,2.06,-7.97,12.71,-35.44,6.27,66.49,34.29,24.08,5.67,-2.41,3.48,28.34,Hover
26.01,48.74,5.17,28.21,18.5,17.49,4.17,27.86,-18.79,-78.7,5.01,46.7,39.63,14.81,1.93,-3.35,-0.99,3.81,Forward
43.89,42.16,38.89,16.68,27.31,11.54,3.98,-5.89,21.05,-58.94,7.34,90.08,38.81,7.24,1.01,0.06,-2.1,0.06,Forward
37.09,25.14,18.7,23.74,14.0,11.71,1.06,-21.24,9.62,-89.51,4.71,71.32,75.37,7.19,2.93,-1.28,-0.16,4.5,Forward
34.91,49.07,2.16,19.92,29.64,9.58,0.93,23.09,-29.58,59.82,13.06,87.3,60.01,2.16,1.93,-4.73,0.59,20.35,Forward
35.18,5.05,18.29,15.67,17.99,13.95,3.59,17.7,21.29,22.88,1.1,22.47,75.65,13.92,5.83,4.5,2.66,38.1,Forward
18.1,15.29,30.61,3.15,5.24,34.91,2.76,17.18,-28.84,12.7,0.45,53.01,63.16,18.09,3.66,-4.6,1.02,-2.74,Forward
14.82,31.98,6.14,19.46,6.11,20.36,2.79,-24.64,23.28,29.17,6.1,52.42,59.11,11.87,4.18,4.03,3.56,-2.09,Forward
40.51,17.63,46.22,5.08,21.63,9.84,3.77,22.76,-9.98,27.65,2.59,117.74,38.85,22.11,0.75,-3.1,4.36,13.57,Descend
40.54,46.43,4.07,12.72,1.99,15.57,4.28,5.78,11.92,11.79,11.16,3.27,45.59,12.1,5.71,-3.58,0.22,-3.1,Ascend
43.38,3.47,46.51,19.06,14.67,4.5,1.2,-1.78,17.25,61.63,5.3,98.11,89.87,8.66,6.73,-4.31,2.18,43.85,Forward
45.68,27.56,35.42,23.58,4.87,36.19,2.78,24.79,-13.12,-10.63,3.92,12.56,61.83,6.27,3.68,-0.74,-0.18,38.33,Forward
25.66,29.63,16.62,20.71,13.28,16.51,4.15,9.96,-8.61,54.87,5.39,10.56,57.2,6.08,1.75,0.87,4.06,-6.44,Forward
25.18,32.71,19.66,20.31,22.62,39.22,4.37,-22.02,0.57,51.59,3.29,40.05,14.78,7.91,7.19,4.04,-4.69,39.88,Forward
39.96,12.93,37.09,4.9,14.03,14.1,1.44,1.17,4.96,-54.09,4.49,84.39,70.38,24.8,1.73,2.84,2.19,5.64,Hover
32.57,18.36,30.15,10.71,5.32,33.5,0.53,8.2,-12.48,-8.32,8.52,81.74,71.74,9.02,8.26,-3.4,-0.04,7.76,Forward
35.16,42.22,33.65,1.77,7.93,10.48,1.17,23.91,29.54,60.29,12.96,75.72,72.16,13.11,5.69,-3.32,-4.39,8.62,Forward
39.83,9.91,19.58,21.72,11.34,3.32,4.73,-13.21,14.22,59.55,5.56,93.17,18.21,6.87,2.76,-4.92,2.46,-6.15,Forward
44.52,41.38,24.49,28.6,2.55,1.56,2.32,17.65,-13.55,-85.68,4.81,28.65,37.04,3.59,9.04,1.88,-1.07,32.82,Forward
17.03,28.22,49.5,8.29,17.74,24.36,2.1,17.99,8.43,-49.85,11.73,76.43,43.41,16.15,1.85,-4.83,0.27,0.04,Forward
18.9,38.16,10.85,3.09,18.42,12.67,0.08,-22.32,-3.88,-13.7,0.34,76.93,84.38,13.63,6.21,-3.61,2.13,1.44,Forward
4.88,35.74,21.01,14.53,2.33,17.91,0.26,-28.97,21.62,-81.51,4.53,78.87,98.26,1.7,6.37,1.35,-2.48,32.27,Ascend
29.0,10.53,14.73,25.77,12.37,32.8,3.35,4.88,-10.26,-43.09,6.78,71.74,47.33,22.07,0.85,-3.5,-2.12,-6.69,Hover
1.99,28.53,38.3,16.78,12.71,10.15,2.95,17.37,-18.73,-43.51,9.01,27.36,59.89,12.69,6.29,-3.47,-1.43,8.48,Turn_Right
23.39,43.41,38.25,1.88,10.35,12.55,2.88,3.27,-27.23,-51.38,2.34,109.8,10.66,8.38,7.1,-2.66,2.48,20.86,Descend
27.22,21.72,14.76,29.24,16.95,33.86,0.56,18.8,29.06,-18.6,6.49,117.14,10.79,19.48,9.15,-1.15,4.82,-3.63,Descend
14.47,48.34,4.25,24.95,10.71,19.86,1.77,7.34,-8.45,56.34,8.49,83.01,16.71,2.8,7.23,-4.92,-1.37,13.4,Forward
29.62,22.72,0.77,4.38,12.78,33.16,4.06,9.2,-16.77,-46.06,7.65,53.85,74.75,11.84,5.1,2.46,1.11,9.46,Forward
1.72,7.31,21.49,27.69,24.03,15.17,0.88,-28.31,-0.49,14.77,8.62,64.93,26.03,13.72,8.61,2.74,-1.76,7.69,Turn_Right
2.06,19.59,20.63,13.8,5.28,16.12,4.41,-24.68,-12.5,10.36,9.94,13.9,78.21,19.38,3.86,-1.33,3.77,4.87,Turn_Right
41.17,47.59,49.42,11.47,18.76,6.94,0.62,13.5,-16.03,57.23,5.69,44.24,48.87,9.26,8.63,2.98,4.36,8.65,Forward
18.14,16.12,23.6,14.1,15.42,36.68,0.85,15.77,6.98,-19.08,0.95,117.16,86.5,21.37,8.52,-2.15,-3.1,11.56,Descend
6.53,43.43,12.97,25.12,9.5,35.9,2.39,2.53,-25.51,-49.76,0.83,66.18,88.33,17.44,6.23,4.86,1.54,-2.95,Slow_Forward
26.21,44.09,44.58,19.95,21.96,39.37,4.73,5.41,0.54,70.47,12.88,67.71,89.18,19.28,3.77,-1.02,4.06,1.43,Forward
38.55,17.64,24.66,2.25,16.76,16.28,1.65,6.86,-6.75,59.93,10.16,114.52,58.92,24.23,6.12,1.69,-0.25,40.08,Descend
10.95,4.35,30.04,28.75,14.58,32.8,3.29,-23.7,1.95,21.87,11.46,106.48,80.97,21.12,9.11,-1.78,-1.65,41.95,Descend
31.22,36.28,4.96,4.86,20.2,16.77,2.95,10.07,-10.77,-73.22,13.93,68.68,69.57,8.67,6.55,-0.49,4.06,44.59,Forward
4.45,15.71,19.27,22.49,24.17,18.34,0.76,-1.29,4.22,-87.1,11.26,33.01,26.8,16.15,8.48,1.45,-2.42,16.33,Ascend
2.77,39.19,47.22,19.27,29.19,33.25,1.25,6.15,-25.09,-57.13,10.38,14.91,44.34,21.72,3.77,-1.52,-2.93,-2.54,Turn_Right
26.66,22.24,29.56,6.03,19.07,7.34,4.65,3.79,-7.43,-54.61,9.84,103.77,96.61,13.13,3.28,1.57,3.81,27.61,Descend
27.12,24.37,17.36,5.54,26.3,9.05,0.93,15.78,-15.75,-65.48,3.88,110.49,79.53,17.07,2.93,-3.54,1.34,41.53,Descend
31.94,38.94,31.36,26.17,0.53,12.79,3.48,-10.89,-3.71,-42.81,14.36,59.82,33.67,4.31,5.17,-0.16,-3.15,-8.29,Ascend
36.36,19.24,45.54,12.88,16.14,31.59,4.82,-7.59,-6.1,-29.18,8.13,12.25,35.29,20.4,4.6,-2.27,1.43,-8.79,Hover
48.8,22.27,13.84,19.81,6.83,15.09,0.61,-6.5,7.87,45.8,3.33,73.14,32.88,18.94,8.62,4.2,3.76,23.69,Forward
25.91,18.93,25.35,15.37,3.28,14.52,2.0,15.75,7.73,37.71,3.15,44.73,39.59,22.22,1.57,3.25,-4.11,-7.83,Hover
16.28,18.49,47.94,21.96,16.19,39.95,1.13,-4.13,-5.2,-71.21,12.23,19.79,93.55,17.75,5.76,-0.13,-2.43,11.54,Forward
39.8,26.39,8.79,14.64,22.53,15.54,1.12,-19.38,-19.1,85.88,3.75,110.38,49.02,21.92,4.33,-0.46,1.04,10.76,Forward
13.69,40.48,36.04,8.98,12.66,10.14,0.6,28.98,4.91,45.39,0.62,29.49,42.78,4.06,9.41,3.34,-3.85,-4.56,Forward
22.06,18.22,30.8,11.22,20.27,25.04,3.25,-0.4,27.99,-60.58,6.43,85.63,31.53,20.34,7.99,1.9,4.05,31.02,Hover
4.11,26.31,34.05,25.84,14.95,32.13,3.73,-23.45,-18.87,-67.59,12.26,52.1,90.32,23.82,4.62,1.83,0.93,-4.01,Ascend
1.46,33.6,17.69,14.31,13.39,3.06,3.39,10.22,-25.86,-74.24,6.22,99.52,96.16,20.39,6.59,0.48,0.85,5.06,Turn_Left
48.14,13.62,15.83,6.8,9.06,24.87,4.62,14.35,-14.13,41.72,12.05,84.4,39.12,15.38,7.58,3.62,-4.44,30.0,Forward
41.83,14.02,34.27,28.07,11.79,1.72,0.74,0.01,-5.22,-47.47,12.41,15.66,65.5,23.16,1.18,-3.11,-0.79,24.0,Hover
34.86,46.68,10.93,24.0,10.82,21.2,1.61,8.79,-11.63,-76.87,12.87,54.5,96.26,2.36,6.9,3.62,-3.05,15.99,Forward
20.57,36.23,21.1,2.14,19.56,10.5,1.73,-19.64,20.08,-14.07,8.83,31.91,54.95,0.42,1.83,0.21,3.09,-7.31,Forward
8.83,28.94,9.57,29.97,3.92,12.47,1.17,-7.92,-0.42,37.57,10.49,85.92,52.18,24.13,2.3,1.21,-1.64,31.97,Hover
7.99,32.46,0.61,21.0,3.23,18.84,0.72,-20.29,-15.23,-35.18,3.93,65.82,57.49,17.08,4.88,4.62,-0.97,35.39,Slow_Forward
12.66,1.66,48.51,5.23,19.97,37.11,2.44,-6.77,27.01,-3.12,1.5,41.48,12.99,2.85,9.8,-0.75,1.41,-4.38,Forward
27.55,30.98,21.7,7.5,16.62,28.51,4.17,3.77,-22.5,-55.32,7.99,40.21,37.01,8.5,9.55,1.68,2.17,44.24,Forward
35.79,25.57,48.47,20.93,13.19,37.49,4.77,-3.45,-22.63,-12.75,0.16,14.62,72.91,18.72,9.07,0.22,2.9,9.11,Forward
33.08,27.38,7.19,23.5,5.0,26.5,0.66,5.59,-15.28,-25.39,6.99,26.44,97.01,18.76,0.83,4.32,-3.25,13.34,Forward
14.14,18.1,29.45,7.55,12.63,0.58,4.12,0.11,-25.39,-11.89,1.53,85.9,61.19,4.25,8.6,-0.12,-2.37,12.8,Forward
47.75,4.26,10.21,8.08,23.8,10.84,4.12,-10.93,15.1,-6.17,1.63,73.58,27.14,11.75,7.87,-2.44,-4.08,24.81,Forward
36.95,9.83,39.55,9.56,26.74,36.26,1.95,-21.4,-11.23,-73.39,13.06,43.32,48.41,20.18,5.24,-0.17,3.56,21.52,Hover
27.81,47.55,39.23,18.14,21.23,25.84,0.56,-14.84,13.79,-73.19,9.61,100.5,54.1,24.17,3.59,4.17,-1.85,20.85,Descend
30.66,20.55,5.81,5.57,2.27,39.27,4.95,-17.96,15.76,-43.09,9.68,58.65,23.7,15.56,7.68,0.01,-3.74,32.97,Forward
21.1,23.44,45.62,3.58,20.28,6.49,3.28,12.45,-15.75,-69.16,6.07,95.54,39.64,15.95,1.52,-3.54,-1.89,41.04,Forward
12.54,2.82,9.89,20.53,7.61,12.08,4.91,19.2,1.1,-44.5,6.2,93.96,50.06,11.73,6.68,0.42,-4.43,35.2,Forward
17.93,2.07,30.73,23.48,9.8,14.69,2.42,13.22,1.18,-85.58,4.55,101.91,33.57,13.48,6.88,-1.12,3.37,29.65,Descend
37.94,35.92,49.28,15.28,6.28,13.26,1.98,8.62,22.28,-26.87,6.52,102.12,41.85,2.47,5.76,1.5,-2.13,-7.22,Descend
0.92,27.0,44.14,11.23,23.38,10.3,1.24,-11.53,-28.46,-51.59,8.81,81.81,34.86,8.74,8.84,-2.59,-1.5,3.67,Turn_Right
5.98,25.53,47.84,13.25,19.63,17.91,4.92,12.66,-10.99,70.59,2.8,90.18,65.15,12.68,3.63,-1.78,4.4,-4.23,Slow_Forward
2.49,12.31,17.26,11.96,18.55,25.8,1.27,6.31,22.95,64.47,3.93,93.45,62.07,6.87,5.04,0.17,-3.11,37.01,Turn_Right
2.23,37.29,5.46,28.82,20.21,12.66,0.13,-27.19,-15.79,-35.92,7.42,21.13,59.65,9.0,7.71,-3.82,-2.96,25.87,Turn_Left
42.8,8.58,9.58,23.16,7.48,3.46,2.57,24.46,-21.79,-4.41,5.77,36.73,18.71,24.28,7.31,-2.89,0.6,-8.15,Hover
35.24,9.66,25.12,6.64,13.62,28.43,1.89,-25.2,4.57,82.04,12.29,13.4,26.52,0.13,5.84,3.01,4.72,29.78,Forward
23.81,23.14,39.7,11.83,19.18,18.52,1.31,0.16,-11.65,4.34,12.33,23.54,19.97,7.57,3.09,4.39,4.01,8.54,Forward
5.07,14.46,7.68,16.55,19.28,22.39,3.18,0.78,-1.96,62.72,5.04,93.62,15.7,14.6,3.3,4.7,0.93,19.89,Slow_Forward
24.68,12.52,33.05,18.58,23.86,18.38,1.83,20.22,19.2,58.75,6.76,113.71,32.21,6.97,7.54,4.37,3.12,21.89,Descend
23.78,32.33,16.31,14.31,8.97,35.65,2.02,24.78,1.24,79.43,14.65,81.16,27.51,16.91,0.55,4.42,-0.12,-1.07,Forward
8.83,32.62,17.19,24.4,23.22,22.48,0.12,26.38,0.95,-34.97,12.41,106.44,75.25,7.48,6.7,3.21,-0.65,11.93,Forward
21.81,41.26,33.16,23.14,13.49,36.95,2.95,4.18,-13.31,-82.18,3.23,38.84,72.63,15.96,2.86,2.36,-1.0,13.46,Descend
20.05,21.0,23.46,15.4,20.27,20.57,0.62,10.74,17.57,-71.29,4.2,101.65,28.12,21.25,6.89,-2.68,-0.45,23.82,Descend
30.87,3.84,40.64,25.71,13.94,11.92,1.08,-24.69,14.39,12.83,1.25,41.32,24.9,16.47,2.28,-0.58,2.07,38.93,Forward
31.83,13.83,7.96,22.66,28.48,14.41,3.59,-0.73,-15.95,5.45,10.17,107.41,23.04,1.25,4.08,-1.02,3.21,23.84,Descend
2.46,49.0,39.54,23.47,5.79,21.03,1.57,23.87,-10.8,-36.28,4.75,95.97,38.8,19.88,7.66,2.3,0.76,27.6,Turn_Left
18.86,29.89,3.4,28.71,20.41,21.34,0.82,-2.66,17.32,-45.23,8.05,118.05,36.48,5.32,7.67,-0.25,3.69,26.55,Forward
31.37,35.54,9.86,8.36,17.51,27.59,2.89,-25.82,-8.54,37.69,11.52,99.45,12.57,15.87,2.49,-1.4,1.39,-5.35,Hover
25.26,0.57,32.88,8.4,5.6,9.21,1.08,-17.96,-5.79,-28.71,12.54,48.39,61.11,16.17,4.07,3.14,3.03,6.49,Slow_Forward
42.85,26.01,42.78,26.72,2.45,26.46,1.36,-4.23,-8.14,18.71,4.88,14.1,90.82,20.09,5.27,2.5,1.9,12.1,Hover
33.0,2.07,12.78,23.28,24.07,31.21,3.11,-15.75,-20.3,38.21,3.56,105.04,58.5,12.65,6.08,-1.31,2.74,14.44,Descend
8.31,28.55,16.49,27.83,5.14,27.16,3.7,-6.46,-9.55,-12.52,12.73,68.97,15.74,9.4,7.55,-0.81,-4.81,36.31,Slow_Forward
3.71,46.05,26.95,2.36,6.0,19.43,3.7,-10.02,18.18,-55.19,5.72,103.12,63.96,12.95,0.72,3.93,3.67,18.9,Forward
32.19,48.43,10.74,19.02,29.36,39.67,2.42,-10.86,-0.54,64.94,12.33,47.07,53.65,13.64,1.6,2.33,3.86,34.85,Hover
1.52,27.12,40.6,4.77,21.66,16.37,2.28,-24.53,-2.51,-73.16,2.25,4.44,91.62,20.54,2.0,1.9,3.41,39.86,Turn_Right
29.37,23.02,38.73,15.36,7.89,4.53,3.94,22.96,-20.62,59.3,13.68,7.24,42.69,5.13,2.31,2.12,2.3,28.28,Forward
47.02,47.26,7.44,5.09,17.93,32.91,0.97,11.56,-19.35,60.6,7.25,80.79,77.68,21.17,0.79,-3.98,2.88,-3.77,Hover
28.86,33.75,23.3,4.28,16.26,8.72,0.77,7.4,-27.42,12.78,2.55,14.62,13.46,9.14,9.24,0.64,-3.19,1.05,Forward
19.53,3.43,38.79,0.86,25.41,28.62,3.33,6.39,-29.16,23.31,8.03,89.71,74.93,18.6,2.04,-2.09,-4.52,35.54,Forward
32.24,23.39,17.0,19.09,22.01,7.41,2.05,-6.21,-0.72,-25.56,13.05,50.91,13.74,8.39,1.2,-4.15,-2.1,21.01,Hover
23.02,12.16,31.73,11.09,25.04,0.97,3.55,19.4,-5.45,61.49,5.84,68.01,41.02,17.72,4.98,2.31,-0.58,18.37,Forward
27.37,23.6,2.7,3.6,6.74,6.64,1.29,25.8,-13.48,-42.53,2.67,96.34,95.33,19.98,9.44,-1.96,-2.29,43.29,Forward
47.08,22.88,30.51,10.02,19.39,15.27,1.63,-29.66,29.4,10.76,8.65,31.12,73.29,13.95,9.66,-1.9,3.71,10.23,Forward
19.43,29.19,7.8,5.48,1.69,4.53,4.48,-25.25,-6.12,-89.68,12.52,50.14,93.25,15.49,6.93,1.4,4.64,-7.75,Ascend
48.07,17.97,41.56,28.28,2.53,8.15,2.11,10.5,17.33,79.17,1.82,87.82,54.63,17.69,2.19,1.66,2.71,4.03,Forward
45.29,8.38,17.9,9.94,21.55,30.66,2.96,-15.84,-17.37,80.69,0.62,110.29,64.56,17.21,0.54,-0.26,-0.23,5.66,Descend
9.95,25.29,14.22,10.35,1.22,30.86,0.54,24.7,-15.18,37.88,0.84,35.55,56.6,18.19,3.68,0.56,-3.54,18.18,Ascend
3.65,41.54,42.08,25.28,17.6,32.75,0.9,10.04,4.1,-13.82,3.46,75.1,53.1,21.24,1.69,3.49,3.72,-9.61,Ascend
5.22,33.27,2.7,19.61,25.29,33.69,0.19,-7.9,-29.76,-57.85,0.11,114.19,62.04,5.51,7.67,-3.93,3.42,44.35,Slow_Forward
1.11,17.05,19.95,21.45,11.71,16.99,2.13,-5.08,-28.95,-1.36,6.43,78.21,13.5,5.37,9.71,-4.35,-3.38,-6.59,Turn_Right
4.9,46.79,18.63,19.26,1.82,34.74,4.94,11.45,-21.47,52.45,10.47,107.24,26.71,24.27,1.3,1.56,-4.51,2.77,Ascend
34.21,45.63,14.38,28.41,21.56,21.18,4.37,-21.54,-16.61,18.95,10.66,112.83,29.32,21.28,4.27,1.04,3.99,26.98,Descend
3.75,10.63,45.61,6.61,27.93,18.98,3.17,23.0,1.67,4.95,9.55,111.59,44.46,14.79,9.07,-3.14,3.22,43.77,Ascend
16.08,2.16,37.6,29.68,21.66,28.83,4.31,-29.71,11.17,62.9,4.44,91.26,49.11,0.2,7.42,0.22,4.34,18.15,Forward
42.27,37.12,3.38,25.01,17.56,8.79,2.97,28.74,-11.29,-33.64,11.04,66.7,76.57,21.37,8.76,2.46,-1.42,8.8,Hover
1.36,41.41,35.79,17.87,7.29,31.64,1.85,-19.94,-15.66,64.79,8.65,12.51,24.9,18.79,9.27,2.32,1.58,-1.06,Turn_Left
40.76,48.4,26.46,20.04,0.95,17.35,0.88,14.53,19.37,-10.9,12.92,27.5,61.29,23.91,4.42,0.96,3.64,39.68,Ascend
14.24,44.51,45.06,19.64,20.99,5.35,3.27,-27.6,-20.23,-89.57,7.17,31.44,34.51,0.33,7.09,-3.7,-1.59,-7.25,Forward
6.08,30.11,15.78,2.22,7.32,5.04,0.97,-4.11,10.7,41.75,2.7,4.96,56.41,0.71,7.24,-1.96,-0.25,-6.15,Slow_Forward
34.9,26.6,28.79,6.93,25.82,6.85,2.09,7.82,25.88,68.01,9.52,13.13,66.4,12.94,6.49,-0.94,0.32,-6.49,Forward
31.52,1.59,25.14,28.86,14.26,35.66,4.13,-25.79,-16.07,-2.82,2.26,36.08,62.42,21.4,3.59,2.88,-4.71,15.65,Hover
43.9,12.48,24.58,16.26,16.15,39.64,0.65,-3.4,-24.78,-8.15,14.45,11.8,29.38,24.78,8.41,0.44,3.28,41.22,Hover
36.81,23.09,22.91,11.66,22.74,14.47,0.65,-11.81,28.79,54.98,10.55,21.17,73.85,8.0,7.8,2.33,4.44,20.57,Forward
40.21,31.5,10.44,22.98,23.49,11.9,1.13,-0.11,-13.75,69.26,11.34,7.48,68.84,0.91,4.73,4.24,-0.83,9.51,Forward
14.25,27.95,37.83,15.97,19.46,8.99,2.76,0.27,-13.46,85.4,10.19,50.57,93.88,4.89,4.5,1.24,1.11,3.12,Forward
9.04,37.18,22.68,0.89,28.18,33.01,1.27,17.11,-0.97,-27.78,1.46,98.74,67.07,21.93,0.6,-2.63,0.42,18.3,Hover
37.58,14.13,47.93,22.22,29.48,8.61,2.52,-22.59,-16.14,17.04,6.98,97.66,74.83,11.66,8.51,-3.6,-1.52,14.28,Forward
40.38,28.33,13.19,22.1,28.43,36.99,1.52,-25.04,29.57,58.13,9.77,108.68,82.99,21.33,3.2,-4.99,-4.18,-4.86,Descend
49.53,4.59,34.2,5.37,24.81,26.79,2.54,-5.89,-27.42,5.73,3.44,89.73,19.54,11.1,4.97,-3.24,0.2,-9.65,Forward
20.75,20.8,47.05,28.72,21.32,35.92,1.4,23.25,-2.91,-6.87,10.19,30.09,72.67,1.33,4.41,-2.31,-2.56,22.73,Forward
18.73,37.56,33.24,7.11,20.07,22.29,4.9,21.32,2.9,12.95,12.3,84.58,38.67,15.44,6.94,-2.3,1.52,37.21,Forward
38.87,34.73,43.59,14.0,3.56,27.72,2.47,3.6,-1.98,-25.76,4.12,90.7,84.08,10.89,4.21,1.67,0.37,23.49,Forward
17.17,49.53,41.41,3.88,8.51,24.89,3.72,23.33,1.23,-55.43,2.99,65.63,53.22,12.28,2.21,-3.5,0.91,7.95,Forward
46.55,14.04,18.13,18.3,0.67,33.3,3.51,18.32,29.25,-78.01,13.25,97.03,62.26,23.72,8.75,-0.65,1.02,-1.57,Ascend
42.95,25.01,30.09,11.58,4.55,33.48,2.46,-13.32,22.61,19.8,0.08,9.48,33.43,11.43,2.24,-4.95,3.86,30.65,Forward
21.56,16.61,7.98,10.92,13.46,23.71,1.2,-19.79,-11.49,-21.76,3.84,71.78,68.55,19.91,0.77,-2.39,-3.53,28.62,Forward
37.59,22.14,26.87,24.9,4.82,25.41,2.56,-11.93,3.09,68.93,6.1,58.11,13.21,1.47,2.36,-4.59,3.06,36.58,Forward
37.78,42.88,11.68,0.78,27.1,36.9,3.41,-16.37,-29.98,-49.87,10.08,96.82,77.37,11.98,4.82,2.1,4.55,44.06,Forward
5.34,34.27,37.24,24.04,24.27,37.22,2.3,7.36,-5.43,-34.07,14.96,16.23,24.7,14.67,4.52,-1.46,2.21,-3.83,Slow_Forward
45.15,44.15,26.5,17.36,2.61,26.67,0.42,5.09,-20.17,84.69,5.56,26.3,30.48,2.83,8.07,-0.2,-3.61,4.55,Forward
25.36,10.33,20.68,29.59,7.84,0.61,0.1,5.91,12.68,10.13,14.23,67.48,10.08,7.56,2.35,2.61,3.5,8.91,Forward
41.36,43.69,13.59,17.89,24.66,4.45,1.65,-18.64,-16.73,-27.58,5.5,113.72,38.19,18.49,7.87,3.63,2.92,19.57,Descend
16.14,3.18,49.94,2.13,24.19,34.36,0.76,17.51,14.93,64.96,10.43,10.9,44.94,4.6,1.42,0.17,3.63,-7.07,Forward
44.8,44.45,3.77,1.99,28.39,3.66,4.53,-3.98,-11.21,43.81,2.48,89.46,31.06,3.21,5.0,1.5,-0.14,5.17,Forward
19.58,16.59,2.37,26.55,29.93,8.78,0.89,-1.65,25.55,13.17,6.91,25.44,30.72,7.48,8.72,2.36,3.2,33.68,Forward
0.74,15.87,11.02,25.32,29.3,9.45,1.98,29.82,-3.28,70.04,13.07,13.55,90.37,21.47,4.42,-2.15,-3.46,-7.34,Turn_Left
45.29,25.7,48.56,10.7,12.6,24.13,3.56,-13.06,20.37,-73.09,4.8,47.98,39.38,19.07,9.65,2.07,0.77,34.98,Forward
4.75,47.05,48.97,18.73,7.88,23.19,4.08,-6.35,7.69,-18.99,1.58,70.38,75.01,19.42,6.49,1.54,0.52,0.16,Ascend
16.1,2.58,32.82,14.94,22.87,11.79,2.39,10.59,28.64,55.9,7.84,99.42,31.36,8.06,7.69,-0.57,3.97,6.78,Forward
47.51,17.74,44.03,29.03,9.33,8.54,0.91,22.82,14.56,-20.53,6.59,76.53,82.81,2.47,5.34,-1.59,3.63,29.49,Slow_Forward
47.54,42.86,10.86,28.52,24.29,30.65,1.36,-22.39,13.66,76.81,3.44,59.51,71.0,0.8,4.58,4.74,2.16,32.05,Forward
28.76,19.92,48.61,29.52,16.25,37.44,2.1,14.1,-14.11,-62.55,13.58,34.99,78.06,14.65,1.3,4.86,-3.25,1.59,Forward
31.67,10.12,7.31,26.06,23.92,2.4,1.83,25.1,0.29,-29.41,9.03,35.81,49.56,17.56,1.64,1.95,3.07,12.3,Forward
22.53,21.35,5.24,27.33,8.64,5.59,1.75,-4.62,-12.59,-13.37,5.21,92.7,89.16,9.45,5.93,-1.16,1.14,3.3,Forward
14.8,19.4,5.79,6.91,15.49,25.79,0.67,-12.8,-28.84,33.65,14.94,14.57,43.66,13.22,6.33,2.52,3.17,18.23,Turn_Left
16.57,45.79,28.74,25.01,17.14,32.24,4.57,10.66,12.64,-54.84,2.06,18.43,64.08,6.98,9.86,1.79,4.38,25.88,Forward
33.69,38.14,39.09,21.41,28.32,31.71,0.16,-15.24,-15.85,-88.22,12.72,86.65,67.61,9.11,8.65,0.45,-0.5,4.85,Forward
37.67,25.35,18.46,28.9,8.36,28.87,2.21,-6.94,-6.16,85.77,3.46,115.36,95.7,18.25,8.52,-3.68,2.45,15.42,Descend
39.62,49.42,48.9,17.35,28.13,35.53,4.9,23.81,-12.92,71.78,3.59,15.31,22.11,17.96,3.22,4.47,4.73,19.47,Forward
39.52,23.37,21.83,3.01,24.24,8.93,3.3,5.42,-18.02,-35.96,7.47,73.52,22.2,0.7,4.41,-2.67,-2.86,13.04,Forward
4.74,3.1,7.69,18.12,22.06,4.56,1.78,-24.3,-25.97,-2.97,9.93,29.46,51.58,23.61,1.47,-1.07,3.47,18.27,Ascend
24.82,13.26,23.41,20.75,23.71,24.73,0.74,-10.22,-9.73,-1.99,10.36,4.07,92.61,6.73,6.02,-1.58,-3.58,-2.08,Forward
3.07,21.92,34.02,7.0,18.36,32.94,4.82,7.64,-25.1,66.46,0.33,100.04,11.95,22.69,1.16,-3.46,-4.83,-7.77,Ascend
27.57,8.01,41.64,12.13,7.7,23.41,0.08,-1.11,2.42,17.47,4.3,61.52,34.86,12.8,4.74,-4.75,3.47,-6.53,Forward
22.19,47.39,23.05,18.16,6.09,38.53,3.41,9.62,-28.82,58.76,9.91,3.84,35.52,12.48,5.88,4.3,4.6,43.51,Forward
44.41,38.39,29.76,11.54,26.06,31.88,4.4,15.69,26.4,74.16,13.35,107.56,37.45,11.27,2.67,2.39,-4.68,-5.93,Descend
17.68,13.56,13.51,11.56,21.89,28.12,0.14,-1.16,27.99,11.87,10.05,64.75,12.22,23.06,7.87,-4.79,3.44,11.23,Hover
6.03,29.62,32.37,4.43,6.79,2.69,3.63,29.22,-11.72,-38.61,3.99,88.71,84.3,5.2,6.91,1.88,1.99,33.54,Slow_Forward
7.32,36.13,49.3,28.25,18.65,4.58,4.99,24.88,-14.39,-0.23,7.62,51.4,10.8,15.29,1.9,-3.7,2.0,36.78,Hover
38.12,47.08,2.64,22.64,13.7,31.46,3.2,-26.41,-23.74,63.16,9.71,23.0,52.99,7.94,9.84,2.24,-0.4,4.77,Forward
30.99,44.11,44.35,0.54,5.18,8.17,2.08,-14.01,24.3,15.05,2.03,56.4,15.07,22.88,5.65,0.05,-0.83,25.2,Hover
5.24,25.86,28.2,23.09,16.19,1.44,4.37,-11.97,5.21,71.23,8.17,35.23,81.88,4.23,0.75,4.78,-1.27,29.82,Turn_Left
4.39,38.78,12.75,22.32,8.8,36.46,2.78,-18.94,6.61,71.18,7.07,36.31,77.19,16.9,3.83,-0.68,-1.18,40.37,Ascend
35.11,28.19,47.75,0.79,3.34,35.66,3.75,-11.28,23.75,-22.8,5.05,77.62,74.94,10.54,9.8,2.49,4.37,38.9,Forward
3.82,27.72,24.27,11.4,14.28,8.97,2.94,-4.51,24.65,-9.34,9.35,12.2,76.26,16.53,9.07,-4.59,3.16,13.93,Ascend
41.13,5.91,16.72,18.4,17.91,31.27,0.2,-26.91,19.7,32.02,9.54,48.24,94.62,3.94,1.94,4.36,-1.86,19.77,Descend
35.37,6.48,9.24,13.86,1.88,2.2,1.07,-22.36,16.41,-70.01,14.57,66.05,47.51,9.84,8.62,0.62,2.41,34.05,Ascend
4.25,26.57,12.37,23.45,12.36,11.62,0.4,-24.23,22.63,-6.2,6.42,85.47,87.54,2.68,6.37,-1.86,1.56,22.93,Ascend
4.42,13.59,41.68,13.05,8.1,25.06,0.54,-27.22,22.56,-63.11,7.97,76.32,26.58,24.22,0.71,-3.73,3.46,9.58,Ascend
49.33,1.25,30.8,5.04,1.4,30.6,0.09,-1.11,-7.88,62.63,2.36,106.46,50.61,5.35,7.7,1.41,-4.08,42.27,Ascend
18.84,36.2,45.68,29.3,4.21,0.71,2.11,-9.97,28.4,79.7,8.23,119.09,10.8,24.83,4.42,2.46,2.0,44.88,Descend
18.66,1.82,11.75,7.64,4.6,13.25,0.9,26.13,12.55,-64.52,0.54,112.55,35.57,10.46,4.26,-4.15,-2.55,41.32,Descend
40.68,29.84,6.23,21.67,5.89,8.81,4.28,-23.83,-7.79,30.12,2.25,91.93,51.23,1.79,4.14,-3.35,-2.58,9.01,Forward
47.37,27.05,0.5,4.72,24.2,39.95,3.75,25.56,-3.48,24.58,2.57,82.64,91.84,0.44,6.17,-1.15,2.06,3.33,Forward
49.3,48.45,25.49,10.21,13.47,26.94,2.87,-24.81,11.23,46.81,9.49,5.22,38.53,14.97,7.29,3.52,3.95,17.12,Forward
37.72,24.31,49.92,13.54,4.84,16.41,2.45,7.15,-8.33,35.24,8.51,64.49,70.52,15.37,6.65,4.83,0.16,33.16,Forward
18.94,3.37,34.81,6.17,3.46,3.3,1.29,-15.14,19.59,-50.92,11.97,79.98,85.06,13.12,2.8,2.45,-0.34,4.86,Forward
4.36,27.67,15.56,13.77,9.29,24.07,2.38,19.61,-21.12,-37.58,6.97,50.14,39.39,1.66,7.21,-4.94,3.15,12.36,Ascend
38.9,42.09,43.87,5.14,24.04,25.78,3.21,-26.31,24.46,-60.26,7.12,46.79,25.23,8.29,1.79,4.03,-4.75,-1.67,Forward
28.01,49.84,39.13,16.99,11.25,32.71,3.91,27.15,-11.93,75.81,2.42,65.56,63.21,8.98,9.73,-4.73,2.07,28.59,Forward
21.33,21.63,0.97,20.08,5.22,11.76,0.42,-27.16,-20.84,3.93,11.14,108.89,35.59,17.62,5.0,3.97,-4.44,30.56,Descend
45.34,16.15,40.88,2.34,12.42,39.26,3.55,-15.53,21.48,85.71,0.05,32.05,68.72,10.47,1.37,-0.9,-2.56,17.26,Forward
5.74,45.35,15.17,26.2,16.88,17.75,3.72,-2.15,-15.63,-9.12,6.37,48.49,22.12,14.32,5.98,2.42,1.67,30.56,Slow_Forward
24.73,9.72,7.65,5.96,1.37,12.05,2.8,15.36,20.6,9.49,2.82,78.72,23.64,7.16,5.98,-4.13,-1.2,25.44,Ascend
0.77,30.85,11.47,7.15,19.02,14.13,1.08,27.07,-12.22,52.07,11.57,23.13,70.83,18.15,0.87,-3.35,-2.05,41.12,Descend
23.54,20.4,23.54,20.01,12.16,20.93,2.7,-4.32,26.03,53.5,10.1,100.35,97.62,1.17,0.6,-0.49,0.04,22.26,Descend
3.0,2.25,21.36,14.33,0.79,37.49,2.52,15.44,-16.86,-48.39,10.6,80.26,32.22,24.71,9.96,-4.61,3.5,9.63,Ascend
6.12,17.49,14.59,15.23,20.38,29.49,2.38,13.63,-25.82,-38.11,2.23,42.92,74.25,16.04,4.21,-1.1,-0.74,30.13,Slow_Forward
6.05,13.41,8.78,4.28,21.52,23.21,2.31,4.27,26.19,-72.39,10.03,86.94,57.88,3.72,2.83,2.52,0.33,-6.88,Turn_Right
32.53,34.37,38.16,24.27,19.05,6.76,0.56,11.46,-20.06,54.98,10.36,34.24,85.95,17.94,5.7,1.55,-3.42,16.2,Forward
37.35,47.45,49.51,18.7,10.59,6.23,0.92,-27.72,26.65,52.9,0.04,93.16,45.0,19.66,0.58,-1.48,-0.55,43.13,Turn_Left
29.25,13.55,38.93,4.49,16.12,20.24,0.5,-3.51,19.44,-75.37,4.76,9.41,97.45,19.71,0.62,-4.91,-4.83,28.79,Forward
48.12,40.61,14.94,11.53,11.92,29.23,1.22,17.15,-25.08,-43.66,1.31,51.78,17.42,6.77,1.57,-2.3,3.38,44.92,Forward
18.87,2.96,12.39,24.41,21.17,30.12,1.32,-1.55,-3.29,-9.02,10.22,32.14,98.62,23.97,8.12,2.76,-2.93,11.61,Hover
14.43,27.0,11.04,17.27,17.72,9.27,1.23,22.41,-25.6,7.52,3.18,98.19,86.16,0.44,2.86,-1.59,4.2,11.61,Forward
43.46,3.71,7.01,3.71,2.91,4.27,1.06,20.02,-10.21,4.06,3.97,90.58,87.98,9.5,5.28,-1.23,-1.42,-6.72,Forward
11.34,46.71,27.66,11.5,19.47,15.56,3.68,21.81,-8.91,86.95,1.17,101.18,85.82,2.61,2.62,-4.26,3.36,9.84,Descend
48.17,38.36,30.35,7.66,20.77,36.75,4.09,-22.2,5.98,47.54,7.26,78.54,87.57,9.62,5.68,1.02,-1.1,-2.23,Forward
0.81,32.97,35.33,15.77,11.44,21.95,1.64,-15.35,28.55,-69.63,0.5,95.64,83.36,1.43,5.33,1.22,-3.47,11.75,Turn_Right
48.5,41.23,34.07,25.38,26.34,13.01,1.53,-28.22,-19.81,-37.17,12.68,53.22,90.96,16.12,4.31,-0.69,0.04,-9.9,Forward
2.35,32.45,14.76,13.37,25.37,13.15,4.22,28.97,-10.25,-27.82,0.4,81.69,51.47,1.56,4.62,2.61,-2.39,14.1,Turn_Left
44.58,48.45,16.65,13.28,5.67,5.54,3.12,-15.83,5.23,-33.27,0.92,4.7,94.54,15.4,6.71,3.77,-1.77,41.65,Forward
26.48,35.76,34.14,27.21,27.18,19.09,1.47,-7.97,-19.71,51.47,9.61,105.81,44.65,5.85,8.5,2.51,-1.84,31.93,Descend
49.65,46.25,17.6,17.5,13.51,31.72,3.57,-13.5,12.64,-25.1,13.75,82.49,75.57,4.48,3.53,0.44,-1.54,3.26,Forward
3.88,25.95,10.79,17.2,21.85,38.75,1.73,-27.61,-5.78,-1.36,13.38,104.07,73.93,8.68,5.56,4.36,-0.02,4.85,Ascend
27.78,6.03,18.84,8.23,24.52,20.21,2.94,-14.32,26.97,6.02,1.25,92.73,83.88,16.02,8.61,-1.18,-3.72,7.01,Forward
48.47,26.5,13.75,18.43,15.4,6.94,4.96,-24.11,7.79,-41.32,4.33,35.08,76.45,14.46,2.1,1.55,-2.42,-4.9,Forward
26.25,6.52,4.6,17.49,12.27,27.41,1.51,-6.34,-8.22,-31.91,7.82,33.47,13.18,17.01,9.81,0.75,1.32,44.56,Hover
31.54,29.71,41.54,12.21,27.51,30.34,4.65,28.01,13.17,50.4,0.4,96.16,76.52,22.97,7.63,3.42,2.56,26.73,Hover
34.85,24.23,42.68,29.73,7.31,3.15,1.61,11.9,20.33,66.0,7.93,22.98,12.1,5.08,3.98,-0.0,-2.56,30.61,Forward
22.84,31.2,11.14,26.52,8.08,34.05,2.71,12.41,18.03,-83.33,6.72,14.17,57.99,10.33,4.06,0.53,-2.38,28.21,Forward
31.45,0.7,3.43,22.61,11.17,33.22,2.31,-2.81,-14.23,18.93,8.83,2.79,85.51,6.65,2.45,-0.46,-0.22,15.58,Forward
29.3,9.9,36.99,16.35,25.85,19.06,3.92,18.68,-4.98,24.02,13.8,36.51,84.66,14.66,3.05,-3.59,4.81,34.9,Forward
45.08,24.67,10.73,14.13,28.19,22.55,0.31,24.5,-2.87,42.72,4.12,12.81,85.72,7.09,6.08,3.86,0.5,3.08,Forward
2.46,47.54,19.79,5.95,6.99,28.62,3.14,27.69,-6.7,34.89,9.59,96.4,64.22,13.95,0.54,3.62,3.13,11.35,Turn_Left
14.19,19.3,3.39,9.52,25.98,27.17,3.81,-24.06,-11.35,67.94,6.45,58.66,26.54,20.58,0.72,2.02,4.19,7.92,Hover
47.53,21.33,11.47,23.33,8.12,0.96,2.37,22.78,15.16,-75.87,6.53,31.05,55.72,13.77,9.87,-1.52,1.37,42.39,Forward
44.54,35.79,39.69,13.89,29.13,5.16,0.54,-16.5,-29.27,-20.09,9.71,72.65,56.46,20.95,2.74,-1.45,0.19,-7.85,Hover
22.89,30.27,40.26,26.53,18.12,6.75,1.23,-6.16,-12.39,50.78,14.27,9.37,39.23,15.28,8.38,-4.64,2.65,-5.85,Forward
31.08,15.09,10.51,4.86,0.71,30.3,3.4,-9.27,-21.5,62.38,12.95,87.41,48.17,21.76,6.32,-4.22,-1.81,42.59,Ascend
14.01,20.66,16.93,15.5,1.51,17.77,4.48,10.51,-22.27,-42.34,9.59,60.67,88.5,23.26,4.74,0.14,4.73,27.82,Ascend
9.57,11.04,6.89,19.59,4.85,21.96,2.11,5.88,-13.38,15.35,6.92,1.77,56.61,12.7,7.46,-4.5,-0.25,24.97,Slow_Forward
23.29,48.31,3.89,15.75,6.03,30.98,2.81,-23.45,15.73,-57.46,6.36,38.99,73.43,19.77,0.98,-4.01,4.28,35.06,Forward
17.8,6.71,49.61,26.73,23.14,13.84,1.15,16.97,28.17,63.16,11.81,90.27,54.62,11.72,7.68,-2.49,2.6,40.43,Forward
29.27,18.72,32.85,29.69,7.07,30.03,2.07,-3.62,0.88,41.48,3.27,23.39,65.57,17.63,8.64,-1.26,-2.88,39.29,Forward
4.07,1.49,27.2,3.92,29.09,17.86,1.69,-29.87,-9.66,-50.03,8.81,115.46,18.33,0.94,3.16,-0.11,-2.79,38.94,Turn_Right
48.72,11.24,38.32,4.33,19.27,15.27,3.28,-5.13,19.75,22.28,7.57,107.7,93.82,24.17,3.37,-1.75,-1.5,36.13,Descend
49.31,39.07,42.04,4.34,20.93,13.52,4.92,0.98,-25.97,1.68,9.74,93.61,49.23,22.36,1.48,4.41,-1.28,-3.38,Hover
34.97,10.22,40.37,20.59,6.93,38.61,4.07,-25.87,-24.41,-43.41,2.81,10.35,77.35,22.33,8.63,4.51,-4.85,24.94,Hover
26.9,4.19,1.02,11.49,26.83,30.95,0.97,-20.93,-9.28,70.76,10.44,43.11,70.04,7.03,8.18,-4.44,3.56,17.01,Forward
15.61,23.83,9.5,22.13,20.2,1.1,2.89,29.61,-3.1,-63.39,9.4,36.49,81.93,7.08,4.54,4.85,-2.6,32.93,Forward
40.73,0.7,32.81,12.46,26.0,38.31,0.34,22.27,17.87,-5.86,2.7,17.38,13.14,10.07,4.09,-3.27,3.25,42.53,Forward
34.3,4.42,18.91,19.01,28.72,31.08,1.24,-22.0,25.52,14.9,6.74,119.95,94.18,22.0,4.56,-1.69,-0.17,10.05,Descend
8.3,40.42,49.13,23.21,4.21,6.22,0.87,4.82,1.88,58.24,10.18,18.52,84.68,21.47,4.49,3.37,0.92,31.51,Hover
45.56,38.62,33.34,16.67,3.35,3.33,1.68,-7.25,-0.26,-62.97,13.52,38.52,85.04,7.24,4.58,1.88,0.36,1.67,Forward
41.16,45.77,47.84,16.42,24.2,12.54,3.4,2.62,-17.22,19.65,1.83,105.74,52.04,13.54,1.88,-4.42,4.45,13.18,Descend
47.5,42.75,10.23,3.1,26.05,25.08,2.5,-1.77,-2.93,-88.82,0.13,18.18,81.67,11.88,0.63,2.75,-0.82,29.77,Forward
36.34,34.22,43.23,12.62,17.72,24.78,4.67,-27.11,25.42,58.06,2.48,56.87,61.77,16.27,7.74,1.63,-1.11,-5.21,Forward
30.75,2.81,16.2,16.6,11.3,11.25,1.07,-11.07,-6.43,-47.75,14.84,117.11,55.31,5.35,3.77,4.5,1.15,37.41,Descend
21.03,39.19,49.48,14.13,19.75,17.99,1.83,-22.47,-17.36,39.76,11.53,30.43,80.64,2.13,5.16,4.1,-1.18,40.44,Forward
46.65,42.31,8.05,27.07,9.52,8.71,1.66,-0.66,-9.76,18.34,9.22,84.66,66.5,0.68,3.42,4.75,1.07,37.96,Forward
43.33,39.99,25.91,27.24,7.53,2.31,1.19,24.44,0.88,-80.98,2.0,10.52,16.94,9.54,4.13,-0.45,0.72,-9.96,Forward
2.45,25.52,39.68,24.75,14.9,20.82,4.97,29.73,5.92,-57.02,6.24,72.5,38.31,23.67,1.21,2.07,2.75,34.19,Turn_Right
1.51,11.8,21.75,11.57,6.88,14.08,1.94,26.66,-4.05,-41.81,10.73,41.35,65.99,17.12,4.02,4.62,4.9,39.33,Turn_Right
18.95,42.3,23.51,21.66,14.77,21.85,4.7,29.14,15.51,69.61,13.44,84.25,91.34,18.73,4.9,-4.98,4.77,44.11,Forward
40.57,36.41,49.32,12.16,28.72,37.88,1.96,-29.09,5.07,-3.46,5.73,52.51,93.97,23.63,8.41,2.89,-3.76,-8.16,Hover
49.37,49.04,21.38,7.36,25.27,5.99,1.03,13.77,9.9,74.43,15.0,36.58,85.5,10.55,3.56,-4.46,-0.48,21.01,Turn_Left
7.69,7.95,30.28,10.62,28.28,0.38,0.6,-13.62,21.78,-81.46,2.1,65.97,32.89,11.86,1.34,4.99,-0.78,38.51,Slow_Forward
29.79,11.44,2.92,2.59,24.29,3.35,4.28,21.94,21.94,-88.82,5.8,17.62,52.6,8.99,7.71,-4.86,-3.09,30.21,Forward
19.17,10.75,42.14,10.29,10.97,18.67,0.17,18.82,-17.79,80.68,13.13,97.92,49.01,4.53,4.07,0.55,2.44,36.99,Forward
48.5,39.67,32.48,14.09,24.46,28.37,4.82,-4.58,7.4,40.31,9.75,90.33,49.48,19.16,9.2,0.21,4.69,28.41,Forward
42.14,9.51,20.32,28.69,27.73,23.36,2.1,-1.6,13.0,51.0,12.16,65.85,14.48,22.67,9.61,-1.95,-3.47,-8.67,Forward
41.95,3.52,1.01,9.75,28.44,19.95,1.24,-14.09,-21.25,74.85,13.62,44.68,25.63,20.35,8.78,2.32,-2.28,38.3,Hover
23.54,49.93,29.67,27.12,20.65,14.35,3.09,-12.67,20.57,87.22,7.61,109.91,23.79,1.19,2.65,-2.43,3.55,23.98,Slow_Forward
20.86,1.44,0.83,7.25,6.74,12.61,0.67,28.87,-19.17,-72.41,3.52,76.5,65.55,7.48,2.91,-2.09,-1.95,3.61,Forward
13.82,41.8,0.26,6.13,1.67,15.24,0.37,23.33,17.96,-61.51,10.41,34.89,47.06,14.8,8.04,-3.2,-0.59,27.39,Ascend
3.01,18.4,30.88,15.81,4.84,24.58,4.14,-18.49,-20.31,-56.06,8.45,97.0,39.19,8.18,4.74,2.14,2.4,18.29,Ascend
43.26,42.11,9.61,20.34,28.98,6.96,2.13,-13.47,14.51,57.32,11.59,76.57,49.95,3.75,3.33,-3.3,-3.74,29.46,Ascend
40.68,27.82,9.76,1.81,14.13,30.92,2.6,-23.48,-21.11,-26.0,7.68,16.11,39.18,13.46,3.29,3.98,0.27,16.01,Forward
49.99,45.1,32.73,7.02,25.72,23.14,0.89,29.33,-7.27,16.79,12.17,14.59,78.17,13.04,5.99,-2.12,-3.9,-4.36,Forward
49.83,46.32,2.87,13.94,14.22,10.99,0.32,24.43,-21.39,63.94,13.53,112.63,25.03,17.75,9.0,0.19,-1.95,40.17,Turn_Right
27.86,0.65,15.81,10.26,19.99,20.2,1.85,3.13,-13.76,32.97,11.24,35.26,15.05,25.0,6.38,-0.25,-2.63,27.56,Hover
38.5,3.96,7.64,21.52,1.21,38.52,2.54,11.57,29.07,-78.23,11.15,79.95,68.56,16.21,6.39,2.02,2.3,29.27,Turn_Left
47.25,12.67,29.09,15.58,7.87,1.11,3.83,14.88,-23.54,-9.78,8.81,5.34,30.75,7.92,7.6,-2.66,-3.49,32.22,Forward
42.51,33.53,33.16,5.23,13.37,8.22,2.51,-17.77,-5.61,-77.85,7.07,67.22,67.9,23.91,7.72,3.39,1.62,18.18,Hover
12.52,44.44,36.11,26.89,19.1,18.1,3.91,26.08,10.62,-3.81,14.59,28.5,15.27,14.28,9.14,2.38,0.76,29.26,Forward
22.64,23.11,12.91,9.14,5.56,25.65,0.59,1.6,-24.32,-50.53,9.68,17.62,32.24,16.14,2.04,-1.57,1.76,1.64,Forward
6.63,30.43,4.64,22.07,23.05,8.73,0.33,-24.45,-23.46,-89.76,12.61,93.05,23.85,8.94,9.85,-3.8,3.77,15.78,Slow_Forward
47.71,9.59,4.12,23.51,11.25,37.28,0.8,-6.18,-21.4,56.37,7.58,97.34,36.16,11.3,3.62,0.05,0.34,28.04,Hover
30.39,40.29,21.42,28.91,24.61,25.81,3.86,6.1,8.7,84.49,8.32,86.11,39.6,10.47,3.17,4.81,2.21,34.27,Forward
11.59,48.37,47.3,15.21,3.39,35.13,3.8,-8.83,24.56,83.54,9.94,2.33,54.57,23.41,5.34,-4.76,3.05,43.24,Hover
33.65,13.58,11.04,18.67,20.55,13.37,0.72,11.95,19.56,-36.15,10.93,34.9,56.81,20.24,3.01,3.45,1.96,37.34,Hover
30.98,24.84,12.99,10.38,9.15,33.21,0.16,22.92,28.98,59.18,6.73,43.95,66.71,2.27,2.71,2.0,-1.81,-7.72,Forward
18.04,4.49,5.22,20.51,23.96,15.32,3.43,16.31,4.69,32.18,5.34,83.21,39.85,7.85,9.68,-3.17,4.61,-0.28,Forward
5.86,28.05,30.36,14.17,12.36,10.33,4.28,8.56,27.69,54.01,3.59,90.91,57.88,1.39,1.49,-0.24,-4.39,27.37,Slow_Forward
33.64,25.24,34.06,13.41,20.13,36.49,3.77,0.73,-11.7,62.32,6.35,75.71,99.11,12.92,9.9,1.28,-1.28,-5.49,Forward
26.11,7.39,32.22,25.74,28.06,3.96,1.02,-14.73,-4.71,86.45,3.17,94.9,28.96,6.99,6.41,1.97,3.21,44.74,Forward
38.66,22.21,43.08,1.98,1.11,37.73,2.92,-2.7,-6.24,-62.69,6.25,51.85,23.74,1.84,9.61,4.21,-1.5,15.91,Ascend
26.1,16.84,24.42,26.52,0.83,18.5,3.79,-12.42,-27.16,48.55,13.12,65.48,85.83,19.3,9.03,3.73,0.46,27.75,Ascend
42.64,26.19,6.9,25.64,23.22,39.71,1.29,26.04,19.78,42.15,14.66,8.65,46.93,2.28,6.66,-1.72,-3.66,-7.37,Forward
27.68,29.37,14.61,15.44,19.57,21.72,2.64,24.44,-28.52,-38.21,8.66,51.83,86.22,6.79,6.1,-3.8,3.57,13.67,Forward
28.13,0.62,33.19,14.96,9.14,30.37,1.58,-20.65,13.79,-19.33,2.19,52.48,48.22,19.29,9.93,-3.96,4.31,3.18,Forward
43.86,38.1,30.73,11.17,15.08,0.58,1.14,19.36,-5.58,-58.18,6.41,73.77,11.95,12.79,5.39,4.69,4.84,-4.23,Forward
20.29,35.71,26.64,29.83,1.74,20.02,4.85,12.17,-29.63,74.39,9.03,45.97,43.74,20.43,2.2,4.56,-4.23,26.99,Ascend
6.87,18.44,34.21,3.78,6.18,29.58,4.56,28.51,-12.6,68.28,5.56,29.38,64.91,10.36,9.93,3.2,-3.01,43.72,Slow_Forward
1.63,2.84,31.94,17.91,13.02,31.38,2.23,-2.2,-9.23,20.53,3.08,29.27,50.28,20.37,3.57,4.8,-0.05,6.78,Turn_Right
37.81,37.8,44.09,20.61,25.1,6.57,0.69,13.33,27.88,2.09,3.4,16.93,51.34,13.45,1.33,-2.26,-2.27,41.07,Forward
31.09,47.77,29.38,28.06,14.65,16.93,3.64,1.07,9.66,-48.08,7.11,84.42,99.85,2.2,7.31,3.26,1.43,-9.83,Forward
35.26,12.16,38.97,23.52,17.8,16.94,1.29,-25.84,2.61,52.13,3.25,75.09,58.97,11.79,4.74,0.02,3.45,26.46,Forward
10.81,16.31,12.59,19.49,26.28,4.41,0.85,-27.19,-22.38,-88.52,3.74,69.93,72.72,13.84,4.19,2.99,-3.73,19.19,Hover
6.99,9.35,33.97,3.95,9.61,17.89,1.91,-22.67,-6.53,-6.7,13.1,64.19,74.89,15.3,6.5,1.11,-4.97,10.3,Slow_Forward
0.92,28.93,45.13,11.53,21.17,32.34,2.65,-12.23,-27.85,64.9,11.69,44.74,10.02,23.2,1.0,3.46,4.94,12.96,Turn_Right
17.66,7.91,19.41,4.6,25.92,12.22,0.5,-14.45,15.7,21.33,0.83,92.48,59.72,4.59,7.13,-1.03,-0.5,23.04,Forward
29.58,17.94,39.0,26.5,6.48,17.47,2.86,13.7,-20.23,24.32,4.8,110.72,96.68,15.15,5.28,4.89,-4.32,20.69,Descend
19.73,34.91,36.29,22.61,11.02,38.45,0.09,12.96,5.67,-77.27,7.98,53.36,77.57,18.8,5.16,-2.81,0.88,17.95,Forward
21.99,28.09,3.16,22.85,29.4,1.56,4.46,28.28,11.96,-38.39,0.91,49.68,40.64,22.25,9.05,1.73,2.53,44.06,Hover
45.23,19.45,29.16,19.74,29.5,23.78,4.6,-11.38,-8.01,31.3,10.25,20.36,42.81,13.13,8.4,3.03,3.01,32.27,Forward
17.54,21.13,6.68,15.46,7.09,29.81,3.67,26.31,7.96,-81.07,5.77,80.81,37.33,5.35,5.55,0.86,0.69,-0.18,Forward
25.8,28.19,48.37,4.92,2.46,30.51,2.34,6.77,15.85,-30.43,5.96,67.41,66.72,20.44,5.99,-2.1,1.8,40.46,Hover
39.23,0.49,40.61,10.23,8.49,28.72,1.28,-0.28,-18.95,-26.29,3.98,118.57,18.76,22.63,8.17,0.61,-0.24,17.08,Descend
19.95,4.11,5.66,4.54,12.23,29.14,3.72,10.07,6.05,-0.23,5.01,70.53,36.1,2.66,4.41,0.05,1.2,-9.23,Forward
31.18,44.09,6.26,21.88,13.51,2.64,4.66,12.17,14.03,-24.77,12.93,35.34,54.84,5.74,6.88,-3.1,4.52,33.23,Forward
43.15,4.08,29.8,5.23,18.75,21.51,0.8,-19.68,-8.58,-8.26,11.83,67.99,58.17,21.79,5.64,2.63,4.88,9.41,Hover
47.49,35.4,17.38,21.21,27.04,31.38,2.33,15.1,-20.25,8.46,14.04,118.18,64.67,12.11,5.25,-2.33,1.28,44.94,Descend
7.52,46.02,1.94,20.92,10.25,4.03,1.58,13.51,-12.83,-66.9,10.48,87.08,81.75,4.23,9.85,3.32,0.84,19.91,Slow_Forward
46.34,13.68,27.17,14.05,25.57,0.78,1.79,29.85,25.98,-57.51,8.67,16.3,24.69,16.13,0.67,-2.86,-1.54,4.87,Forward
24.71,18.65,19.51,4.49,3.26,32.64,2.03,24.72,-8.55,59.85,3.89,41.84,30.25,11.46,4.44,0.02,-1.76,31.36,Forward
13.06,28.53,5.23,9.79,1.74,28.58,4.76,11.08,-23.54,-7.24,10.0,36.54,88.51,24.2,9.34,1.95,4.24,5.3,Ascend
23.06,44.11,40.14,9.94,15.37,16.66,1.3,12.74,-25.04,-26.07,13.59,102.96,84.8,5.57,9.32,4.96,1.65,-8.64,Hover
49.01,47.11,45.77,21.16,2.26,37.63,2.47,26.76,-19.17,-11.9,1.04,73.73,83.94,9.05,7.6,-2.29,-0.41,-4.7,Turn_Left
24.73,37.03,37.88,3.86,12.08,30.73,4.76,28.03,-22.35,-58.53,6.65,97.4,28.78,4.15,6.12,1.36,1.66,26.15,Forward
16.57,4.51,41.16,24.96,26.95,38.72,2.39,19.62,-0.3,-46.83,2.24,21.97,15.24,1.24,7.06,-3.47,-3.79,1.77,Forward
31.74,33.52,10.98,22.95,7.62,37.19,4.32,16.04,-9.15,2.79,12.16,109.06,57.11,6.85,2.9,3.2,4.43,3.08,Descend
12.16,20.63,13.33,6.0,21.33,19.41,0.3,-23.32,20.48,-25.39,9.21,7.94,88.3,20.5,5.14,3.61,0.22,-1.81,Hover
3.98,23.64,10.58,21.72,9.42,30.26,4.77,19.82,22.86,-4.42,13.19,45.61,31.38,6.68,5.59,3.88,-1.66,4.1,Ascend
6.62,2.65,38.3,20.22,1.83,26.87,0.95,-14.81,-1.6,-63.05,0.95,2.68,91.38,17.41,1.11,4.46,-4.87,31.8,Ascend
6.58,9.71,47.41,22.57,16.92,32.51,4.9,3.83,23.31,-61.84,13.59,22.93,22.74,13.15,8.73,-1.44,1.77,18.26,Slow_Forward
7.76,39.57,35.9,6.07,25.13,31.57,0.89,-5.68,-2.97,-20.89,1.01,115.5,36.83,12.99,4.84,1.66,4.7,1.88,Slow_Forward
7.11,22.81,44.1,5.15,12.58,6.38,2.23,-9.26,8.52,-21.81,4.31,10.34,36.85,19.54,9.04,-1.84,0.59,3.62,Slow_Forward
32.12,15.22,32.01,7.48,18.71,9.58,1.55,-11.38,-20.25,69.0,2.34,18.3,23.6,15.44,4.2,3.04,-1.67,10.8,Forward
9.26,19.32,19.51,11.29,27.05,10.85,2.17,21.33,-26.85,-83.98,2.18,111.06,88.55,4.0,4.38,-0.84,-0.82,44.8,Slow_Forward
17.41,42.75,21.4,23.91,23.8,32.79,1.26,16.15,-20.39,88.71,2.58,85.51,47.13,5.52,2.82,0.55,0.69,-0.43,Forward
44.86,37.5,3.95,22.27,6.22,32.49,4.83,1.41,-14.89,82.17,7.2,49.43,27.16,13.59,6.62,-3.67,1.89,34.16,Forward
23.8,13.76,1.77,27.8,22.13,19.96,1.54,9.87,15.06,7.61,11.77,9.18,23.25,21.13,5.71,3.5,-3.17,37.61,Hover
33.44,6.05,34.83,2.23,15.31,23.36,3.27,29.07,-19.59,39.38,13.47,94.42,47.88,3.81,9.17,-0.17,4.35,42.54,Forward
8.78,12.75,22.03,0.84,22.51,33.13,0.7,-6.15,-22.16,78.35,8.5,59.63,11.56,2.67,4.58,1.4,-0.86,23.26,Hover
9.78,46.05,27.7,21.12,15.09,12.71,4.12,3.07,25.66,-44.79,2.37,39.44,20.9,12.94,6.66,1.69,1.24,-4.49,Slow_Forward
2.24,29.16,27.97,8.74,4.27,2.29,2.72,2.01,11.33,-33.19,1.19,43.93,10.33,4.72,7.22,-2.26,4.11,-8.73,Turn_Left
8.61,26.77,14.01,10.36,17.31,19.46,4.9,26.16,-1.6,-70.03,7.41,61.13,12.19,24.86,3.54,2.95,0.78,14.36,Hover
14.07,29.9,23.9,16.63,15.02,36.57,2.12,-8.91,-24.3,11.49,11.48,66.6,99.76,0.11,8.87,3.33,1.84,9.29,Forward
9.02,18.43,23.64,3.52,15.78,31.68,0.99,29.18,21.11,-61.3,9.3,98.35,50.4,11.22,4.12,0.16,1.33,37.42,Slow_Forward
4.62,40.39,19.54,19.46,26.43,14.85,1.74,-11.72,-23.5,77.56,8.74,92.83,75.6,4.06,6.55,4.02,-2.52,22.84,Ascend
6.21,26.26,41.07,10.09,26.9,2.87,3.69,-23.47,6.66,-12.32,0.72,92.28,76.34,17.03,6.35,-3.39,4.63,36.38,Slow_Forward
23.15,6.01,22.67,19.17,13.88,25.59,3.3,-18.52,10.06,75.54,6.17,87.79,89.24,15.75,4.5,-0.86,-0.28,21.38,Forward
10.48,6.63,30.26,25.1,13.94,33.43,3.89,-4.43,-5.99,-53.08,8.26,91.18,19.34,20.18,2.24,-4.56,-4.02,2.51,Hover
18.34,26.94,44.8,5.55,15.7,26.7,0.38,8.99,24.67,34.93,8.97,81.63,57.31,14.09,6.13,-1.01,4.98,0.98,Forward
25.27,46.84,43.34,27.96,15.83,17.18,2.91,1.01,-26.96,26.57,0.07,104.29,38.95,4.73,4.07,4.97,1.5,11.74,Descend
34.58,15.56,44.54,16.16,28.54,5.2,4.66,-7.42,19.09,-18.06,2.99,67.34,59.36,1.33,4.1,-0.37,1.08,-8.39,Forward
2.16,43.5,13.65,27.73,19.66,36.46,0.55,3.72,3.23,71.7,14.25,62.98,39.89,18.05,5.18,-0.81,4.17,17.35,Turn_Left
40.01,38.25,1.94,6.63,8.68,11.26,0.48,20.33,6.67,-11.74,7.63,84.45,26.53,11.0,6.93,1.88,0.42,4.99,Forward
31.47,12.54,13.2,18.33,16.18,9.2,3.59,20.34,29.21,-54.28,10.55,20.75,70.55,5.56,7.43,-4.51,-1.4,-7.49,Forward
4.27,2.01,14.08,12.41,19.0,32.69,1.58,13.57,4.96,85.86,4.62,93.46,13.46,6.3,4.56,-1.46,-3.25,16.1,Ascend
43.7,5.27,45.49,23.34,19.37,39.25,3.3,27.15,17.82,-10.53,8.78,112.4,90.58,3.73,1.64,0.33,3.11,25.26,Descend
46.06,36.48,32.53,18.37,17.76,26.51,2.73,5.41,-20.79,-52.55,5.35,36.25,23.16,7.09,8.02,-0.16,-1.69,-4.46,Forward
3.24,10.14,4.27,15.09,5.74,25.1,4.93,-29.54,18.56,-24.55,4.45,73.71,65.36,19.8,6.86,1.42,0.16,23.47,Ascend
13.99,18.69,6.94,27.43,1.49,12.98,4.45,-12.54,15.66,20.43,6.17,4.88,77.88,15.52,8.11,-3.61,0.09,41.86,Hover
40.35,25.18,7.95,11.62,10.47,1.11,3.39,-10.31,28.09,2.16,6.9,92.13,16.56,24.68,3.5,-0.97,2.4,10.71,Hover
37.46,36.33,31.6,6.99,13.11,7.91,1.32,2.84,26.14,24.32,4.97,67.6,91.3,13.11,9.14,1.34,1.84,43.99,Forward
9.39,5.84,36.82,18.44,2.32,23.5,1.32,24.29,-17.16,29.13,3.87,81.16,42.06,13.04,3.0,-1.98,-0.76,33.01,Slow_Forward
10.63,20.44,43.01,18.91,24.54,6.31,4.41,20.29,-2.1,-67.79,9.36,18.02,99.71,4.78,3.25,1.13,-0.74,-9.47,Forward
18.65,24.36,47.04,13.45,10.65,35.39,2.93,-16.07,24.69,-33.32,5.71,97.33,16.19,14.66,5.6,4.58,-2.3,41.98,Forward
24.33,27.13,10.24,14.85,27.45,7.77,3.95,1.16,8.45,44.77,3.03,31.46,74.51,15.21,9.97,4.3,-1.59,18.05,Hover
30.99,40.95,15.63,28.81,5.06,21.03,2.25,9.55,-2.18,27.07,11.38,82.49,24.46,5.16,2.42,2.26,2.11,23.03,Forward
18.57,8.75,12.17,22.11,2.18,20.63,0.52,29.25,-23.46,-74.1,10.86,71.58,46.24,2.2,8.47,-3.22,0.62,23.51,Forward
23.23,40.43,18.07,3.76,14.73,24.28,1.67,-28.12,-8.89,-33.27,13.3,78.8,49.89,9.22,0.52,2.84,-4.49,11.51,Forward
37.42,34.71,45.75,6.76,6.08,13.3,0.81,-2.17,9.91,77.64,8.33,6.98,46.55,4.3,2.76,-0.53,0.08,14.43,Forward
2.03,27.88,28.84,29.28,28.15,34.98,3.91,29.29,16.61,65.16,4.19,89.28,40.38,12.58,3.79,4.52,4.55,18.53,Turn_Right
12.77,35.04,36.96,21.93,0.8,17.94,3.51,28.63,-3.17,30.72,12.96,95.63,79.05,13.15,6.66,1.11,-3.91,43.11,Ascend
35.72,20.72,24.61,27.49,12.67,28.1,0.45,-10.16,-26.65,-76.88,4.2,57.5,83.79,15.2,1.58,-2.82,-3.95,2.01,Forward
44.78,7.09,1.64,9.46,27.84,25.55,3.11,-30.0,7.99,19.27,9.83,49.65,40.21,15.07,1.72,-1.88,1.68,40.3,Forward
25.68,33.36,3.4,22.39,11.84,4.95,4.37,5.2,25.3,-87.81,2.86,41.76,53.44,16.87,1.89,-1.81,4.58,43.67,Forward
26.7,26.33,26.99,21.56,3.25,25.02,3.49,22.02,-0.22,29.0,9.44,111.42,47.96,5.76,6.79,-2.24,-4.73,13.37,Descend
5.54,32.04,36.0,9.19,9.44,22.16,2.56,-10.54,25.71,41.62,12.61,90.85,63.42,18.27,1.59,2.72,-1.55,3.6,Slow_Forward
22.48,17.03,10.92,16.75,15.19,35.97,1.57,26.06,-8.75,-0.5,8.1,84.14,23.52,13.12,4.28,-1.63,-4.33,15.4,Forward
26.72,45.36,36.15,19.01,5.96,35.27,4.44,-10.04,23.18,-89.31,7.06,111.15,82.51,10.93,1.99,-3.04,-2.34,-4.41,Descend
12.28,29.45,40.57,14.69,14.26,6.29,2.12,6.61,17.18,29.99,14.9,42.5,81.73,16.2,4.13,0.96,0.55,35.18,Forward
13.61,4.45,20.71,24.9,25.17,3.54,4.28,13.32,27.7,57.55,0.34,75.99,63.14,12.53,7.28,-0.35,-0.58,7.31,Forward
18.99,22.6,37.37,25.07,26.24,12.0,3.92,-9.28,17.46,15.46,4.98,82.64,77.15,13.14,3.14,-4.78,-1.37,6.73,Forward
1.2,37.87,20.32,25.59,1.95,39.47,4.08,-8.87,-10.71,37.66,13.78,119.55,98.97,0.58,6.37,-2.21,-2.89,27.04,Turn_Left
16.24,39.75,33.98,24.2,5.25,1.16,4.95,-1.8,24.03,-73.74,9.64,51.84,93.03,20.05,2.86,-4.62,1.19,20.87,Hover
10.73,24.83,38.25,14.9,8.62,27.01,3.75,20.11,10.18,38.76,8.13,48.62,65.03,10.6,7.51,2.67,0.76,22.22,Forward
16.51,44.76,49.6,11.75,18.05,24.46,0.18,-23.95,-20.28,20.55,9.57,11.05,56.03,12.95,7.88,4.51,1.63,16.65,Forward
6.16,13.53,17.4,25.03,11.15,25.97,1.04,7.89,-27.24,-30.42,4.83,12.72,58.11,9.75,3.45,0.0,2.93,14.79,Slow_Forward
44.55,20.65,20.67,14.96,25.4,8.97,0.19,10.64,-8.05,33.36,1.07,61.9,52.0,13.79,0.73,0.58,2.29,7.36,Ascend
29.76,44.95,8.45,7.77,21.64,9.3,0.96,3.47,17.21,26.2,4.13,21.37,53.22,1.35,1.73,3.45,4.57,5.55,Forward
34.02,44.83,10.36,15.47,3.46,17.4,0.32,26.15,7.09,17.9,5.05,9.68,75.88,9.6,5.16,-4.81,-3.31,44.66,Forward
39.5,34.35,34.73,4.68,18.92,4.11,2.51,6.12,1.63,-57.07,7.2,115.82,99.29,16.72,4.13,-3.38,4.51,12.16,Descend
25.02,42.98,45.87,20.9,3.83,3.26,0.15,8.07,-29.78,-36.68,5.91,114.22,14.08,23.46,3.78,1.54,-3.28,17.88,Descend
4.53,4.62,19.85,10.41,8.02,3.81,2.37,5.99,-3.87,88.45,7.82,39.71,30.72,21.23,6.0,2.42,3.43,11.84,Ascend
26.95,43.28,9.16,8.19,5.75,23.05,4.5,13.32,-20.54,-12.04,2.94,94.99,28.92,24.07,2.03,1.26,2.88,29.95,Hover
29.42,16.17,14.4,28.72,5.61,16.09,3.75,-21.88,-2.73,-79.3,2.76,104.83,84.96,19.54,4.84,4.39,1.66,-0.44,Descend
37.32,9.08,22.86,23.42,18.68,11.96,4.72,23.66,29.51,71.82,5.28,56.3,47.78,15.82,2.43,-1.08,2.06,-7.14,Forward
21.7,12.12,14.67,23.72,17.13,12.84,1.14,-27.45,22.77,-58.87,7.11,27.62,57.26,10.58,9.82,0.55,1.92,43.57,Forward
6.55,21.01,11.83,18.9,5.69,8.53,2.66,8.44,-11.36,-17.37,5.13,16.45,52.22,3.08,0.96,4.56,0.3,19.46,Turn_Left
14.33,12.71,36.85,25.26,29.71,16.64,1.6,6.93,5.61,-39.96,8.65,17.76,86.83,6.27,0.65,4.0,-4.67,20.28,Forward
18.28,16.16,0.59,22.9,12.94,8.36,2.47,-17.51,0.13,83.5,4.65,95.84,54.97,6.78,5.86,-4.69,0.8,15.68,Forward
32.37,6.92,27.05,18.16,3.36,28.01,2.79,-27.56,-22.2,-21.94,2.66,46.75,70.11,10.7,1.09,-1.48,-1.11,-7.26,Forward
28.62,14.95,39.73,28.85,4.06,5.22,0.19,-21.67,29.39,37.57,12.94,83.53,11.75,15.25,8.2,2.39,-2.28,27.22,Hover
17.93,28.7,13.46,6.15,17.72,37.95,1.17,-13.7,-4.49,17.71,3.01,65.1,68.72,15.47,8.29,-4.99,-0.1,21.12,Forward
49.33,22.2,30.24,28.33,29.38,3.87,3.53,22.93,0.34,-82.26,14.5,47.97,31.69,11.39,4.61,3.63,3.48,-2.16,Forward
30.37,17.47,33.51,12.34,17.37,37.76,3.87,21.34,8.86,-20.82,14.81,15.73,88.02,6.87,8.46,0.02,0.78,18.79,Ascend
12.01,37.37,32.82,16.09,28.5,33.38,2.85,-26.17,-18.51,-19.8,10.45,40.68,77.64,1.41,7.53,-4.13,4.65,2.85,Hover
5.27,44.7,22.4,4.12,13.6,27.32,1.36,-12.64,-16.67,88.17,7.53,100.98,19.84,24.72,1.79,-0.58,-0.79,25.2,Hover
7.81,37.89,17.46,16.43,13.36,36.52,2.03,23.36,-18.45,56.15,11.93,97.56,19.31,23.49,8.67,-0.07,-3.32,26.73,Hover
12.45,16.73,41.83,18.53,15.25,5.83,0.49,-15.8,-6.93,64.2,13.1,4.38,36.37,4.57,8.81,-1.33,-1.85,6.32,Forward
8.2,37.27,37.97,29.93,21.07,7.3,4.77,29.76,-18.02,-33.57,10.64,17.69,21.32,15.13,3.57,-0.46,-3.55,-4.82,Slow_Forward
9.49,7.77,16.2,29.27,11.34,10.31,4.34,-14.59,25.58,-30.77,1.53,90.95,76.63,7.39,7.86,3.91,1.85,33.89,Slow_Forward
14.4,6.69,5.33,29.01,25.98,10.02,0.34,14.35,12.86,2.81,0.04,40.95,98.81,4.86,9.02,-1.76,-3.4,25.0,Forward
8.83,17.41,3.78,10.78,1.36,12.64,0.84,-4.98,23.87,23.58,2.88,77.59,68.97,17.11,7.58,4.61,0.18,23.23,Turn_Left
44.86,40.42,4.89,29.74,13.47,23.15,2.91,-21.83,20.91,41.09,2.83,67.96,32.41,19.65,1.39,1.87,4.23,22.89,Forward
4.2,12.47,29.23,13.94,15.57,1.42,1.17,-14.69,12.19,57.74,2.74,78.6,60.78,10.16,1.4,3.96,-0.66,29.56,Ascend
26.32,3.35,2.77,25.63,18.41,15.48,4.67,10.51,-15.44,67.18,7.65,7.39,82.51,1.48,9.83,-2.91,-0.97,2.56,Forward
20.64,6.76,16.98,6.88,8.64,10.08,3.78,-9.78,6.92,-85.57,7.8,111.8,96.6,10.04,5.64,-0.08,-2.97,12.37,Slow_Forward
49.12,42.97,37.71,15.42,13.11,24.38,1.37,6.25,-18.82,53.3,10.85,3.5,10.46,13.3,6.62,0.65,2.54,2.18,Forward
5.78,31.76,14.86,29.0,14.79,39.41,0.04,-17.67,-22.05,19.95,3.02,1.96,57.13,22.33,9.17,-4.15,-1.96,-6.09,Hover
20.01,12.81,38.21,28.44,20.76,20.85,4.0,-3.09,7.95,5.78,1.39,27.91,50.79,16.42,0.57,-0.06,4.9,39.87,Forward
48.48,27.85,37.32,20.67,23.32,17.2,2.13,0.73,7.48,23.12,9.99,119.23,47.3,17.76,4.55,3.61,-3.33,-7.44,Descend
43.3,26.47,12.44,24.04,22.27,14.92,3.22,-5.23,-20.6,68.75,7.26,9.63,55.35,5.07,5.88,-4.48,-4.98,-7.46,Forward
40.89,32.84,36.5,5.7,10.58,31.46,1.44,-18.12,-8.85,8.15,9.99,105.07,46.32,18.01,0.52,1.42,0.39,7.71,Descend
13.04,11.81,37.44,21.79,29.98,3.16,0.72,-2.31,-26.02,-60.81,5.71,19.93,40.96,12.55,6.43,4.89,-4.31,7.53,Forward
8.71,43.25,19.99,18.73,25.54,38.4,3.38,11.57,12.94,-11.38,11.26,13.98,20.33,20.51,8.58,0.27,-1.3,-7.82,Hover
33.5,15.61,10.68,3.2,8.17,16.89,2.26,27.89,29.25,76.4,10.24,93.7,54.99,5.41,1.02,-1.97,-0.48,32.21,Forward
46.48,34.77,26.16,3.84,6.26,12.75,1.18,17.37,14.39,56.61,9.76,101.75,83.89,12.87,8.14,0.85,-2.52,-3.55,Descend
27.93,1.0,46.09,3.7,9.76,38.97,0.7,-20.31,20.65,-53.45,0.41,95.27,19.43,5.24,9.79,0.41,4.78,-5.14,Forward
28.67,18.76,32.05,21.87,13.84,37.45,2.91,-13.64,-1.42,38.55,12.87,29.68,76.46,7.15,9.24,-3.95,-1.55,-5.2,Forward
14.14,17.72,8.81,4.68,25.6,25.78,3.63,-25.27,-24.26,-43.88,5.65,105.7,34.1,20.81,5.6,-2.86,-3.55,25.44,Turn_Right
38.52,27.27,34.2,14.3,23.46,1.03,1.43,-21.86,13.6,-27.26,2.03,9.55,44.31,17.19,8.67,1.69,-4.63,-0.69,Forward
9.51,3.82,21.47,11.03,25.61,30.02,3.68,-14.96,-14.61,-5.59,11.33,41.7,98.93,18.21,7.82,0.93,-1.91,21.81,Slow_Forward
16.32,39.55,29.66,16.74,8.52,13.62,0.92,-18.03,-6.7,-10.64,7.3,56.12,70.77,1.71,8.27,-1.56,3.21,1.05,Forward
21.39,11.05,36.76,21.34,18.01,15.71,1.7,-17.18,12.19,-84.73,0.48,9.06,74.72,18.22,4.28,4.79,-2.54,36.01,Forward
25.48,33.92,25.84,20.7,8.86,6.6,3.73,-16.15,24.29,49.32,11.73,70.0,64.22,12.29,5.02,1.45,0.99,0.29,Forward
12.27,40.2,40.74,15.71,3.72,21.08,3.3,-11.96,-0.83,62.35,6.53,67.57,39.01,11.48,2.77,-2.69,4.89,13.64,Forward
5.92,28.18,36.16,14.2,20.68,29.86,1.36,-22.46,27.7,5.57,11.32,119.07,70.76,10.32,0.99,-0.29,-1.56,20.38,Slow_Forward
30.61,37.1,30.83,12.24,4.72,11.14,0.62,-13.33,1.19,-58.87,11.33,74.98,51.15,21.29,6.17,2.12,1.16,38.41,Hover
14.57,33.16,7.71,25.93,20.2,37.57,0.22,11.3,-22.65,-45.37,1.5,48.31,84.89,4.44,3.44,1.72,1.0,1.83,Forward
29.15,17.91,41.83,10.26,19.61,8.03,4.19,-15.82,1.11,-67.26,9.2,95.03,61.4,20.35,5.28,-2.54,0.94,24.13,Hover
7.89,40.48,46.81,8.15,24.4,2.93,0.38,-19.69,21.64,-59.49,5.4,40.86,79.41,23.21,9.65,1.48,4.53,-8.28,Hover
24.16,14.88,7.02,22.43,4.62,25.88,0.58,-25.94,2.28,67.75,8.2,64.41,86.37,4.21,1.1,-1.67,2.86,32.64,Forward
26.72,28.65,24.51,11.11,23.61,34.02,1.2,-0.0,14.87,-3.57,1.33,7.6,83.9,24.99,8.8,-0.42,-4.91,18.99,Hover
2.78,37.32,13.09,25.49,29.98,38.14,2.23,20.52,2.88,-70.02,8.82,39.4,46.19,24.76,1.32,1.69,-4.72,41.98,Turn_Left
16.96,19.07,37.78,10.17,25.61,30.76,3.95,-26.46,2.76,-44.15,11.66,63.84,43.19,15.53,6.71,0.81,-4.6,32.65,Forward
6.89,15.28,36.14,21.21,22.68,8.23,1.24,2.54,-12.91,80.91,14.8,84.58,88.22,6.71,3.76,2.13,-1.35,12.04,Slow_Forward
3.36,23.08,7.22,1.83,20.03,39.11,2.72,9.04,-17.92,1.67,4.8,12.78,22.88,10.74,1.45,-1.18,-0.6,12.87,Forward
49.5,40.93,43.88,11.87,12.94,36.8,0.46,5.55,-13.26,2.81,2.33,95.87,35.15,4.26,7.69,2.52,3.07,-9.64,Forward
16.25,46.51,9.21,10.63,22.05,6.78,2.33,22.66,-3.55,4.62,5.49,108.12,20.89,3.01,7.14,-4.84,1.36,36.09,Descend
40.53,27.35,39.9,24.59,21.86,22.48,0.9,21.98,18.58,-69.91,0.29,34.44,13.79,17.6,6.58,-3.12,5.0,34.3,Hover
12.88,33.14,22.96,29.03,19.13,22.35,1.06,-26.56,19.74,84.66,6.13,92.08,65.43,14.5,9.67,4.73,2.94,21.27,Forward
34.14,45.18,16.55,14.1,23.99,17.87,1.84,-8.34,-20.2,-74.79,13.72,22.46,91.07,14.09,0.72,-4.13,3.73,10.65,Forward
38.06,5.11,8.08,24.83,13.74,39.38,3.81,10.25,3.17,36.01,2.92,63.29,21.65,6.19,4.63,1.62,-3.18,34.27,Forward
29.86,11.76,8.55,21.14,4.08,2.67,3.72,27.15,-5.04,-79.6,7.17,95.92,81.61,5.87,5.85,4.17,1.41,23.56,Forward
23.68,35.5,33.16,29.04,16.99,25.2,2.08,18.28,4.26,-10.15,8.59,46.99,44.14,24.74,3.9,3.6,-3.51,0.44,Hover
20.71,41.22,27.61,24.43,8.32,8.45,0.6,-19.4,8.86,71.94,2.7,4.13,65.63,15.72,6.86,4.13,1.75,3.33,Forward
17.57,42.88,6.28,2.79,11.84,21.24,1.41,-13.25,-13.22,48.32,4.95,65.26,78.74,20.49,9.04,4.84,3.1,23.31,Hover
46.49,20.87,5.81,21.54,1.01,31.26,2.53,15.82,25.15,-29.76,13.67,101.52,73.91,9.46,7.12,-1.43,-2.0,27.29,Ascend
41.56,4.65,3.8,16.3,11.79,10.1,4.35,-1.71,26.13,9.24,4.44,13.89,22.3,21.09,5.91,-1.7,-3.33,-3.77,Hover
48.26,22.0,37.24,0.98,24.36,15.92,4.84,2.84,-23.68,-60.25,9.53,4.53,20.38,18.06,7.51,-3.79,-2.63,36.18,Forward
6.39,11.69,35.65,7.91,16.51,38.05,3.19,6.54,12.18,82.1,2.05,97.28,93.18,8.75,1.54,-2.99,3.11,17.69,Slow_Forward
36.6,14.7,3.11,27.69,0.79,30.53,1.76,-23.8,-28.01,37.56,10.05,32.79,17.15,17.94,6.48,1.53,0.47,0.99,Ascend
46.93,38.66,28.1,27.82,14.36,23.04,3.47,21.36,-27.21,-22.63,4.19,44.36,29.66,23.14,4.37,-1.69,0.36,21.1,Hover
9.23,3.96,4.42,24.07,9.1,9.11,1.69,21.79,27.47,-32.77,3.47,11.35,49.45,5.34,3.53,-1.59,0.77,38.2,Slow_Forward
3.51,41.41,45.21,29.46,14.59,17.18,3.13,-1.91,11.69,-47.05,1.86,12.5,83.89,13.69,5.32,1.46,-0.08,-6.97,Ascend
37.11,21.5,45.37,24.29,12.44,31.03,1.23,7.61,-10.53,51.57,0.7,74.13,64.24,24.17,8.14,-3.95,3.63,2.15,Hover
28.81,29.88,34.97,0.8,27.99,32.88,1.34,9.59,10.19,-11.77,14.52,66.72,61.41,20.53,4.42,-4.44,0.07,20.98,Hover
42.12,4.66,46.32,8.99,1.71,10.01,0.39,-18.62,20.75,-30.56,6.21,35.8,72.28,15.51,7.17,3.03,0.96,-9.9,Ascend
7.16,17.0,40.61,1.4,20.67,26.58,2.11,-23.24,22.25,72.94,11.66,54.88,82.19,1.74,6.09,2.9,4.8,-0.11,Slow_Forward
39.8,4.67,41.46,3.28,25.61,4.07,3.09,-28.76,-28.77,-62.96,13.8,47.2,30.93,10.16,9.2,-1.15,-0.45,3.02,Forward
10.24,48.08,28.57,6.96,28.8,1.22,3.95,24.77,19.09,-42.51,3.06,83.71,11.7,16.27,4.73,0.93,-3.13,38.62,Hover
8.35,40.4,15.44,15.35,5.74,22.08,4.05,-9.26,21.19,-27.94,13.05,103.59,21.45,10.24,8.29,-2.62,0.63,18.83,Slow_Forward
8.38,23.09,11.05,25.5,16.17,9.21,4.96,-24.85,5.73,-43.23,10.62,92.05,24.86,24.93,8.5,-1.32,2.05,24.77,Hover
40.77,11.34,16.49,25.93,1.79,3.43,0.45,-2.05,-1.21,15.37,8.67,1.52,13.6,18.83,4.91,-4.64,-3.75,-9.83,Ascend
33.33,46.69,31.5,18.68,15.23,29.27,2.47,-25.46,-23.34,18.19,12.14,12.85,77.28,4.68,5.14,-2.26,-3.38,11.27,Forward
26.25,17.36,8.8,27.88,4.2,20.07,2.61,-24.88,-15.62,-80.15,1.66,52.1,89.64,12.26,3.67,-4.84,-4.76,14.59,Forward
18.07,8.22,13.08,15.25,25.22,31.91,4.02,-0.67,-0.57,-63.98,3.95,102.36,73.96,9.6,5.21,-0.76,2.44,36.14,Descend
43.88,28.25,23.51,26.73,3.86,26.66,1.34,0.53,21.9,-54.26,1.97,29.2,26.98,14.85,2.87,0.2,-2.98,0.71,Forward
19.74,47.2,11.81,13.89,15.64,29.27,0.36,4.81,18.19,-77.34,13.44,105.6,64.58,11.16,8.65,-0.05,4.01,-6.41,Descend
40.87,0.39,29.51,8.68,15.87,12.5,1.58,9.38,-0.24,-67.54,1.48,14.09,56.85,5.95,2.87,-1.59,0.15,35.37,Forward
22.07,12.06,46.17,27.53,29.16,10.75,4.92,10.1,17.14,-46.86,14.7,9.64,83.8,18.11,2.95,-2.93,4.55,1.66,Forward
18.97,46.93,37.45,11.94,19.82,24.15,4.5,-4.02,15.94,-27.79,1.65,109.7,94.81,2.67,9.01,-0.46,-1.17,28.0,Descend
23.24,8.72,33.39,15.35,8.99,8.24,1.98,8.61,4.74,52.44,9.93,20.28,76.86,13.3,5.56,3.7,4.56,-4.97,Forward
15.21,5.84,29.22,10.2,7.6,32.67,4.38,-11.72,-16.78,-50.78,9.91,56.19,56.13,7.75,1.5,4.83,4.78,26.99,Forward
37.43,28.6,24.5,20.05,4.28,21.06,0.17,-3.52,-9.12,30.6,13.97,39.79,55.99,24.16,3.78,-1.87,-3.7,13.28,Hover
25.24,43.12,9.49,29.85,22.82,9.31,1.58,-6.4,-20.16,-79.58,4.85,18.57,82.7,7.59,7.2,4.74,-3.75,41.04,Forward
11.76,23.96,44.76,1.25,20.88,25.12,3.64,-10.25,-29.57,28.48,4.98,76.22,21.03,8.52,4.36,-0.65,-0.76,1.02,Forward
45.0,49.73,12.58,27.05,18.49,37.82,1.12,-15.69,-25.17,53.05,12.69,115.68,23.8,17.68,4.52,1.13,-0.86,-6.31,Descend
19.32,34.02,4.75,0.62,1.7,3.56,1.0,-25.29,15.58,18.87,14.68,79.32,40.92,3.21,5.24,3.04,1.5,19.34,Ascend
27.27,3.89,37.55,11.24,23.0,4.64,4.31,0.35,-27.99,-53.75,0.45,43.09,77.24,8.12,2.61,-1.41,-3.87,40.47,Forward
45.34,49.64,8.95,5.47,19.44,33.8,3.08,2.24,-6.01,-30.53,9.53,85.7,15.94,17.4,4.53,-2.92,2.56,1.19,Forward
31.29,20.51,18.72,22.84,28.93,4.65,4.95,-9.83,29.15,54.93,3.65,18.05,40.99,0.77,2.55,-2.27,-2.75,35.92,Forward
6.02,14.51,1.61,1.99,17.82,1.86,0.68,28.55,17.71,-12.25,10.92,70.02,38.67,7.78,3.83,3.39,-3.49,8.67,Slow_Forward
47.0,27.98,7.03,16.83,9.47,14.11,1.79,3.42,15.04,-44.06,11.59,56.87,53.72,0.21,5.56,4.34,2.95,-4.55,Forward
31.46,15.35,8.83,9.2,11.75,18.83,1.56,23.34,-13.52,77.88,11.44,43.84,51.73,3.76,7.09,-3.72,-4.2,22.44,Turn_Right
16.88,4.51,2.91,4.44,5.69,22.91,4.4,4.21,8.5,24.72,6.53,89.01,74.3,15.1,6.52,1.95,2.12,18.71,Forward
7.14,0.27,32.9,23.27,21.83,20.44,1.28,-18.61,-0.08,55.03,2.37,15.1,66.3,11.42,5.97,-4.65,-3.89,36.11,Slow_Forward
39.74,22.59,41.88,6.91,21.38,36.55,1.77,28.48,7.43,-85.59,8.77,64.4,91.25,3.9,6.16,3.75,2.4,-4.34,Forward
31.08,41.88,18.79,7.1,6.42,30.82,0.72,23.12,-3.85,-28.92,11.84,102.67,26.26,1.95,5.35,3.57,2.91,25.49,Descend
26.77,28.7,43.75,8.61,5.18,39.36,3.88,-1.72,1.86,-7.4,13.68,25.0,48.89,1.41,6.34,2.75,0.85,24.12,Turn_Left
44.72,49.96,10.82,17.81,2.77,19.22,1.2,-15.42,29.3,15.74,6.79,32.48,46.01,2.13,4.07,3.24,-1.48,44.72,Forward
39.47,14.48,16.4,19.96,27.4,3.65,0.35,-16.64,-10.24,-55.81,3.69,79.62,20.13,2.4,9.04,1.04,-2.64,8.04,Forward
7.75,14.17,7.71,1.02,7.38,38.23,2.18,18.36,-17.01,-0.37,1.78,92.94,24.83,2.16,6.11,-3.53,3.09,-7.55,Slow_Forward
15.72,8.16,31.1,7.64,10.65,0.46,1.96,-25.85,-3.09,33.41,11.96,34.72,40.3,1.38,9.4,4.15,-3.93,12.62,Forward
12.57,8.37,21.11,13.21,8.77,31.11,0.9,8.28,1.46,-27.74,8.03,43.83,76.13,17.43,4.34,-3.59,4.74,15.54,Forward
37.25,14.4,30.74,10.29,12.7,1.54,0.68,8.41,-24.86,34.46,10.11,89.05,23.51,23.53,4.25,-2.75,2.79,10.29,Hover
1.87,39.68,38.13,26.58,21.56,30.52,4.48,-19.05,18.36,-19.86,2.39,34.95,33.88,21.4,9.67,-0.67,1.9,24.68,Turn_Left
28.58,45.31,27.38,23.74,26.18,37.54,0.35,12.29,-4.68,-5.5,0.1,80.28,70.88,6.65,7.43,-0.02,4.89,4.62,Forward
38.17,48.76,31.46,18.96,5.89,15.75,0.51,12.32,-5.21,-65.83,14.51,19.9,63.7,5.11,5.43,-4.04,1.89,0.07,Forward
43.86,11.77,46.78,10.47,20.75,9.87,1.23,-9.0,9.53,27.23,12.16,49.95,19.4,1.2,7.33,2.62,-3.96,14.9,Forward
17.24,44.09,15.09,21.17,10.9,9.28,4.76,-1.0,16.39,-49.63,6.0,82.95,94.93,3.9,4.27,-3.63,-1.77,29.98,Forward
41.1,16.55,18.09,25.39,29.43,19.82,0.44,19.97,29.16,59.19,6.86,55.73,23.32,14.19,7.71,1.55,0.85,39.03,Hover
5.71,5.82,35.94,18.05,9.32,7.08,4.08,1.39,-19.59,9.62,13.94,3.29,15.53,24.95,2.49,-0.48,0.75,26.5,Hover
42.35,43.53,30.64,23.64,0.71,27.02,4.46,7.09,-9.27,10.85,3.11,49.36,37.38,21.48,9.53,3.11,-4.9,10.75,Ascend
6.55,31.88,9.09,22.6,15.71,14.92,1.9,-5.23,-19.9,74.25,12.04,35.31,12.38,12.87,4.88,-2.04,-2.4,31.06,Hover
19.98,8.4,18.93,17.37,4.95,13.13,1.48,-21.02,22.85,-59.87,0.27,13.05,12.77,10.59,1.38,3.37,2.36,0.39,Forward
39.91,21.61,23.5,9.71,1.81,18.61,3.39,29.88,2.91,5.44,13.14,2.09,62.09,3.7,8.53,-2.48,1.6,31.36,Ascend
7.67,14.51,21.09,22.5,21.1,21.84,3.52,1.89,21.15,-21.2,8.84,6.42,90.37,10.46,9.0,0.74,3.98,16.45,Slow_Forward
11.62,36.89,9.08,6.6,22.1,5.93,3.9,-9.81,29.11,83.94,7.16,113.96,46.23,14.87,7.43,-0.14,4.6,4.89,Descend
36.17,22.78,46.24,23.49,14.09,28.4,4.15,12.83,3.01,52.69,10.6,90.23,37.19,14.89,6.48,-1.47,3.7,28.07,Forward
36.06,49.47,38.16,24.23,20.47,35.35,1.35,7.25,-22.91,46.35,1.01,112.83,92.32,13.94,9.32,-4.88,0.53,12.9,Slow_Forward
32.13,2.93,24.17,24.75,16.38,11.34,3.44,-16.03,-8.32,-53.26,2.93,14.66,15.53,20.6,6.41,-1.02,0.43,24.1,Hover
34.76,17.88,34.07,14.45,19.08,7.46,0.68,22.62,-27.83,-47.28,6.1,68.89,52.6,12.75,8.02,-3.82,-1.31,26.5,Forward
27.23,24.2,44.88,6.18,18.1,30.49,2.56,-25.75,20.96,-84.75,9.27,10.91,32.73,11.82,4.98,-2.75,3.99,11.63,Forward
12.74,25.26,6.98,3.44,20.14,7.59,3.07,6.34,-28.93,24.94,2.17,4.19,44.35,7.64,7.41,1.88,3.31,44.23,Forward
17.42,15.93,12.67,22.43,6.39,1.94,0.82,-1.33,5.53,-23.25,5.69,56.49,46.97,4.51,9.99,0.71,2.79,15.14,Forward
9.24,36.52,27.23,26.64,8.43,24.88,0.39,-10.91,-23.63,-33.83,3.91,77.91,59.06,0.04,4.13,0.27,2.78,44.13,Slow_Forward
45.44,43.76,39.99,19.7,13.48,9.82,0.98,19.58,-29.55,24.67,9.68,8.56,50.79,8.05,7.34,0.64,3.49,2.94,Forward
29.25,46.95,2.01,4.75,13.66,7.12,2.11,9.38,-14.63,59.16,13.79,44.44,98.92,15.83,1.91,-3.8,4.19,-0.82,Forward
20.16,40.29,49.2,28.08,23.35,39.27,4.44,15.57,3.11,-66.05,2.49,11.73,12.3,13.97,6.53,-3.35,3.21,24.7,Forward
23.21,42.56,22.85,29.68,11.34,11.89,2.66,-5.12,-25.49,75.36,2.84,44.09,78.19,13.26,3.57,0.43,3.15,20.09,Forward
47.37,27.62,18.09,13.28,5.29,36.17,3.74,26.54,6.89,-83.83,9.01,57.14,14.59,19.31,8.73,-0.93,1.6,19.72,Hover
7.84,41.33,14.78,18.05,7.92,7.38,0.88,-9.32,10.32,-72.88,6.8,41.17,48.8,5.82,3.92,-0.37,-0.42,44.73,Slow_Forward
29.39,15.31,8.88,23.43,6.83,32.81,0.54,1.86,28.18,60.86,10.77,69.57,28.17,16.96,4.73,3.79,0.51,-9.94,Forward
25.39,20.04,39.62,22.22,22.08,20.23,1.21,26.02,23.97,-1.31,4.32,70.57,95.08,15.18,9.81,-3.15,0.35,14.94,Forward
30.65,15.98,47.78,29.05,14.38,3.42,1.58,-25.01,4.01,79.07,8.17,40.62,75.02,8.47,2.55,4.11,3.24,6.88,Forward
1.1,23.48,20.8,3.89,21.4,29.42,2.75,-23.47,17.6,-6.9,5.8,47.36,51.66,5.46,5.87,3.57,-2.34,13.54,Turn_Left
43.63,14.42,47.63,17.63,12.78,35.72,4.41,29.65,-8.18,76.7,4.22,53.49,95.7,14.07,8.71,4.02,-1.37,41.6,Forward
46.62,48.09,41.23,20.91,26.75,6.77,2.14,28.28,5.14,-46.87,10.94,45.7,74.92,23.63,3.49,1.41,0.57,34.47,Hover
28.34,15.78,24.16,26.76,29.51,29.11,2.6,16.3,-5.8,20.96,11.94,91.52,95.67,1.91,0.65,3.64,4.85,1.09,Forward
34.89,5.08,33.77,26.29,20.26,17.97,0.03,-0.95,-9.78,89.0,4.93,17.65,73.41,23.82,9.02,4.91,-0.11,28.73,Hover
46.14,26.44,21.86,29.35,25.98,30.23,0.18,0.36,13.66,-22.31,9.34,102.99,16.99,11.62,6.39,-0.29,-3.74,21.88,Descend
35.42,3.04,28.02,15.61,15.48,28.64,0.43,-14.57,-12.2,-89.74,2.68,40.42,65.47,17.75,2.69,3.62,1.74,12.45,Forward
7.8,5.71,3.09,25.01,28.07,1.36,3.5,-4.04,-7.17,-78.47,11.86,87.15,98.23,20.08,3.13,4.04,1.16,8.81,Hover
28.9,11.13,34.87,13.1,25.03,7.4,2.44,-4.12,-7.97,64.63,4.22,106.17,29.28,3.79,8.1,-1.9,3.47,22.91,Turn_Right
30.41,23.32,2.83,12.96,29.76,19.0,0.97,-27.83,22.22,-1.46,2.56,106.61,81.35,1.12,6.6,-0.57,3.55,15.8,Descend
21.32,21.78,40.89,7.97,18.88,37.36,2.97,-2.81,-19.78,6.61,14.1,54.83,26.62,3.21,7.46,0.74,-2.41,20.24,Descend
36.87,40.02,41.28,24.64,23.49,13.88,2.73,-1.21,-7.11,53.9,6.34,31.54,50.7,8.52,5.98,-1.51,-4.55,32.51,Descend
46.73,37.03,12.01,29.58,16.51,25.27,0.45,9.95,23.27,56.08,9.65,73.09,17.62,23.91,8.01,-1.78,2.85,43.19,Turn_Right
46.29,21.43,16.32,8.06,8.14,0.78,3.21,0.99,-29.08,-4.06,12.14,22.89,40.65,1.07,8.3,-1.19,1.52,12.6,Turn_Left
22.65,16.82,24.17,2.16,10.97,28.53,3.84,21.7,26.87,64.45,10.29,95.08,79.86,22.99,4.18,-0.76,-3.59,13.46,Hover
5.84,15.96,29.91,24.56,26.87,24.24,1.44,-7.95,23.93,-5.68,8.47,85.65,14.07,14.03,9.06,-2.48,4.86,36.24,Forward
49.25,38.74,14.51,18.8,2.15,28.7,3.44,-5.42,-4.93,31.5,5.57,95.68,38.82,2.56,5.3,-0.27,4.26,-2.86,Forward
41.98,2.79,29.71,28.81,17.95,36.22,1.01,4.29,9.18,-83.99,13.78,52.56,66.68,3.82,2.02,2.79,2.23,34.05,Forward
6.41,0.84,15.03,7.94,11.49,6.12,3.79,-17.84,29.46,-65.16,2.0,67.33,95.37,17.23,2.58,1.24,-4.46,11.51,Slow_Forward
46.06,39.82,2.96,2.6,11.91,10.69,4.56,-6.39,3.3,63.26,13.26,13.22,32.08,15.21,7.47,-1.2,-2.87,12.83,Forward
43.52,23.96,0.33,15.03,26.59,39.83,2.21,11.17,-24.19,-33.64,10.65,82.83,25.58,4.19,4.08,-3.44,-1.75,6.31,Forward
26.04,6.72,5.24,3.02,25.69,6.5,1.23,-5.29,21.22,-29.75,8.57,58.93,28.33,22.61,2.99,3.24,-4.44,-3.25,Hover
29.65,11.93,39.65,8.22,18.17,28.91,2.0,24.4,-21.95,29.34,4.87,61.6,31.31,3.32,6.25,0.11,3.27,30.99,Forward
20.07,46.64,48.08,4.22,8.55,29.09,1.26,6.92,-14.56,16.66,2.19,101.79,67.45,12.79,7.93,4.71,-4.23,39.43,Descend
2.93,43.0,21.46,7.11,14.53,27.41,0.02,-20.77,22.41,-75.21,6.65,92.91,99.88,13.21,1.54,-2.47,-2.95,17.61,Turn_Left
16.89,35.55,25.73,3.63,12.54,9.33,3.26,-0.75,-14.64,47.84,11.76,64.69,57.12,21.76,4.77,-3.24,-1.81,0.55,Hover
40.18,24.21,7.51,28.64,10.93,8.84,0.22,15.89,14.71,21.1,11.18,43.26,34.43,0.55,7.83,-4.92,-1.68,7.06,Forward
0.43,26.11,27.64,8.72,3.53,26.75,1.06,8.6,-3.14,63.96,9.68,54.13,77.23,3.41,9.08,-4.17,-2.35,-5.36,Turn_Right
16.81,48.77,7.4,13.59,16.52,7.69,3.62,23.12,15.58,6.39,14.89,42.74,24.24,4.27,0.63,-1.15,4.79,35.68,Slow_Forward
20.03,48.3,30.64,27.01,9.4,26.56,3.33,15.0,-16.06,-15.42,14.59,19.04,12.7,1.57,6.73,-3.02,4.61,18.64,Forward
26.96,10.92,46.68,20.48,19.99,19.85,0.38,-26.3,-4.83,-23.16,6.0,77.85,64.47,15.79,6.18,-4.62,1.2,43.83,Forward
46.01,40.59,9.95,18.73,9.92,15.65,3.3,-23.25,-10.91,-89.2,2.89,83.29,28.93,5.74,5.42,-2.75,-3.75,32.48,Forward
17.45,10.02,38.28,21.31,13.22,12.22,4.65,8.98,-15.06,-82.84,6.96,116.57,45.93,14.42,2.02,2.29,2.07,29.94,Descend
17.48,10.83,1.37,24.95,2.04,37.92,0.38,-15.7,-11.13,-66.38,12.67,55.23,30.8,19.57,7.55,2.36,4.75,14.09,Forward
36.93,33.87,18.9,26.39,29.78,20.47,2.08,5.27,-10.62,77.32,6.88,119.68,92.63,10.21,4.23,-3.5,4.98,9.18,Descend
22.72,20.37,5.72,19.46,15.47,22.58,3.65,17.53,27.32,68.52,5.04,23.26,40.42,19.22,2.73,4.36,1.17,5.18,Forward
11.39,46.59,17.75,26.76,1.22,37.99,3.34,4.62,1.99,-0.5,11.12,79.14,50.42,19.45,8.58,-3.41,-3.11,44.37,Ascend
22.73,4.63,8.84,16.29,16.47,26.26,1.14,-5.07,-2.28,-57.56,9.75,119.38,31.14,6.59,3.42,-4.11,3.32,2.69,Descend
7.21,25.67,18.79,8.68,26.18,38.33,0.82,8.78,0.2,-63.7,14.53,77.2,17.64,0.39,2.38,-3.37,1.23,-1.93,Slow_Forward
8.98,45.94,20.99,26.46,23.29,4.52,3.92,-21.38,29.77,-43.9,8.24,54.83,56.13,2.58,3.46,-3.59,-0.48,15.9,Slow_Forward
25.02,45.22,15.17,16.47,21.18,33.91,4.78,13.39,9.22,73.57,14.51,62.32,88.19,20.59,2.22,1.32,-3.5,18.49,Hover
21.06,8.0,32.9,27.23,4.61,13.62,3.84,11.82,12.21,3.86,4.36,101.62,41.65,10.13,7.88,-3.44,-2.6,-0.24,Descend
45.76,18.46,45.96,1.68,19.9,32.48,4.82,0.86,-11.18,54.73,12.97,112.75,80.29,20.98,2.23,1.34,0.79,9.23,Descend
18.25,31.03,20.15,12.23,23.11,34.27,3.03,-13.27,-1.71,1.22,5.26,55.02,12.94,13.69,7.31,-2.23,-2.39,6.09,Forward
29.11,8.14,9.78,28.46,17.39,11.08,4.65,17.85,-18.96,19.7,12.15,92.91,31.2,4.93,2.04,-2.52,-0.22,30.78,Forward
31.69,48.41,13.68,7.86,26.84,16.53,3.46,0.63,11.11,19.82,13.89,112.11,21.83,17.81,2.65,3.97,2.16,16.86,Descend
0.85,45.75,42.73,28.28,8.67,29.12,4.55,-26.45,-9.33,-84.36,9.35,34.57,46.26,13.95,3.75,-2.86,4.87,32.75,Turn_Left
33.24,8.51,28.67,28.64,7.64,4.23,0.82,25.12,14.9,-9.85,10.93,59.69,90.49,8.8,9.53,3.65,-4.56,-4.94,Forward
9.07,6.23,22.86,26.52,26.15,30.29,4.08,16.06,-17.21,65.53,14.38,119.45,43.62,2.19,9.18,-1.96,2.97,7.38,Slow_Forward
48.06,4.45,7.65,17.13,18.95,4.69,0.99,5.09,-5.79,-1.96,5.63,43.06,64.3,2.56,1.31,4.91,-3.72,6.41,Forward
7.6,45.49,22.6,19.58,0.54,36.6,0.15,-3.79,-1.73,-11.64,7.67,74.74,90.83,4.71,3.69,4.81,4.44,15.21,Ascend
20.85,9.84,14.07,26.15,10.92,11.27,2.59,27.59,-20.01,4.78,13.47,79.19,42.38,16.82,3.79,3.28,2.7,12.17,Forward
4.45,20.93,47.17,23.39,25.81,23.15,1.6,16.5,-25.82,-21.46,10.09,19.34,42.92,18.2,2.51,3.68,-1.02,4.36,Ascend
49.84,22.55,44.23,19.09,1.31,4.95,0.23,2.1,-10.98,2.77,13.1,96.99,17.92,15.77,4.64,3.23,0.13,34.98,Ascend
25.21,30.03,4.38,29.48,0.6,11.0,4.9,9.19,2.69,-65.64,9.27,50.14,41.41,8.43,7.61,1.3,1.77,39.87,Ascend
29.85,3.77,25.93,20.73,8.8,16.34,3.34,-13.15,9.16,84.23,11.1,60.54,77.15,11.01,1.44,3.09,0.61,32.63,Forward
3.54,11.49,11.41,29.28,27.46,19.64,4.51,-18.26,-4.48,-83.86,0.2,77.5,86.02,17.74,6.88,1.28,4.8,28.53,Ascend
37.55,46.59,20.66,2.19,27.09,0.3,5.0,-13.6,0.02,-3.02,5.1,49.85,75.05,16.5,2.98,3.42,4.99,22.39,Forward
10.65,45.44,43.87,4.6,15.8,35.58,1.97,-12.41,2.59,-52.2,11.56,39.68,10.62,19.33,6.6,4.36,-4.43,8.46,Hover
44.92,39.11,26.47,13.82,16.82,0.6,1.28,14.38,0.71,-79.5,6.06,66.03,20.53,6.03,6.98,2.53,2.28,40.52,Forward
10.42,1.17,16.84,11.85,10.29,31.02,0.93,-21.6,-24.58,27.31,5.44,42.27,75.79,0.11,7.42,4.65,2.47,25.67,Forward
9.7,16.48,10.55,23.59,7.69,18.98,2.58,16.66,-5.7,87.33,14.27,52.66,94.82,6.66,8.69,-0.52,2.9,38.92,Slow_Forward
2.02,31.47,40.06,5.24,24.55,21.1,3.03,1.4,-17.74,44.93,8.29,13.9,72.58,8.7,9.05,4.25,4.17,14.91,Forward
23.71,13.9,31.3,29.29,3.64,8.57,2.37,-6.93,2.02,-44.28,2.89,101.52,30.35,24.01,7.71,-2.74,0.93,12.67,Descend
28.33,45.5,23.51,9.79,14.88,24.41,1.94,-11.98,15.48,-1.19,7.08,49.99,19.68,5.44,5.07,-4.69,-2.45,-5.77,Forward
3.47,31.77,11.03,13.15,19.21,21.63,0.85,0.79,4.77,-81.04,7.78,10.85,88.93,20.66,0.92,-3.72,1.72,8.56,Ascend
38.82,3.78,16.85,8.6,3.56,6.82,2.21,-10.95,-16.69,5.7,14.83,95.01,18.91,15.56,9.4,-3.4,-1.77,11.22,Forward
22.77,45.47,48.0,17.59,15.83,9.75,0.44,-4.23,-17.53,-72.1,10.77,3.34,23.59,4.19,6.21,3.24,-1.57,17.18,Forward
26.31,47.9,26.1,2.23,17.54,2.96,4.33,14.34,-27.78,53.03,7.79,72.32,63.7,10.09,5.58,-0.99,1.13,16.13,Forward
22.15,4.07,20.15,4.92,22.4,2.93,0.24,7.56,-4.42,-79.79,6.48,84.62,27.1,12.75,2.78,-2.67,-2.11,40.49,Forward
20.16,26.71,26.17,22.5,7.43,0.85,1.91,14.88,-4.03,-88.32,13.73,23.75,30.48,8.6,7.0,3.12,1.95,17.9,Forward
28.07,15.31,38.99,6.0,9.15,9.05,0.51,12.78,-15.81,65.08,9.69,16.62,22.8,5.65,9.95,-2.98,3.53,36.49,Forward
7.93,19.76,17.14,7.45,17.3,27.28,3.88,18.9,15.86,79.66,5.34,14.55,94.99,6.32,3.64,-4.22,4.85,-2.94,Slow_Forward
9.26,9.15,9.1,23.89,29.5,12.85,1.57,-17.9,-6.81,-74.42,6.97,119.21,21.24,14.63,8.1,-0.34,-3.32,21.47,Slow_Forward
43.12,28.99,29.33,3.25,6.92,13.91,0.57,29.71,10.16,-39.8,4.17,90.86,93.82,17.2,3.27,-4.31,-0.45,19.58,Forward
47.32,47.91,33.33,13.41,29.58,5.54,2.66,-1.45,8.4,43.51,14.41,38.21,39.36,11.72,5.13,-2.21,2.41,-1.43,Forward
18.79,25.25,35.69,1.18,21.57,23.15,4.58,13.09,6.28,7.14,10.53,40.93,83.94,23.54,2.53,2.0,0.77,3.48,Hover
13.68,4.33,44.12,10.73,24.87,13.88,4.54,10.67,24.48,80.86,5.88,78.19,95.5,18.21,5.37,-1.25,-4.35,17.52,Forward
32.27,31.08,18.68,21.12,3.14,27.15,1.26,3.97,-29.05,-19.95,2.75,55.46,56.73,22.29,4.86,-4.13,-1.52,18.67,Hover
20.55,17.14,3.95,3.16,9.36,29.74,3.6,29.75,-25.92,-89.4,2.66,33.29,79.32,11.89,0.87,-0.97,2.94,39.5,Forward
1.46,42.83,47.93,26.71,2.2,23.51,0.16,-16.96,13.33,-86.45,7.17,7.79,33.94,0.37,4.13,0.13,-0.07,-0.95,Hover
7.98,21.85,21.86,27.33,11.46,11.26,0.67,-4.7,-8.79,11.67,7.01,94.28,44.47,14.8,1.1,-2.5,1.94,6.76,Slow_Forward
35.86,9.8,31.24,3.6,29.45,20.49,2.5,-22.34,29.19,45.38,6.27,106.7,59.77,20.46,4.78,-3.29,1.41,3.2,Descend
33.01,9.72,33.38,29.73,3.61,10.3,1.15,-19.09,-17.02,52.31,12.78,25.51,86.54,13.41,9.81,2.62,4.43,33.04,Forward
1.55,38.48,27.42,9.28,17.09,36.15,3.99,12.78,-18.99,74.07,14.69,8.55,65.87,14.2,3.28,-4.32,3.58,1.87,Turn_Right
11.25,13.43,10.42,2.98,0.68,30.73,4.66,-29.71,5.29,-48.77,5.32,15.12,11.99,24.37,5.4,4.57,-1.56,39.43,Ascend
11.71,38.41,37.81,0.65,21.52,19.87,0.03,23.39,-13.23,42.91,4.42,50.3,37.43,9.15,1.74,-4.92,-0.02,41.18,Forward
33.66,10.45,40.23,12.55,6.32,38.63,1.17,7.99,-9.57,58.88,11.55,36.62,87.85,20.05,1.96,1.51,-0.24,-3.84,Hover
1.18,16.22,27.74,19.08,4.32,22.01,2.2,-3.55,25.26,60.53,6.75,9.74,31.62,12.63,3.88,-3.66,-2.21,1.93,Turn_Right
5.38,23.38,24.53,10.3,10.44,13.34,2.82,-10.12,-28.43,-15.92,3.26,55.13,43.11,11.59,5.15,0.47,1.21,11.14,Slow_Forward
40.04,47.17,5.87,25.18,23.25,4.09,4.58,-22.42,1.88,22.68,2.71,25.27,45.07,3.64,7.16,-3.13,-2.39,37.69,Forward
9.09,46.6,4.38,21.64,3.65,21.89,4.46,25.29,-9.91,9.28,4.21,8.97,23.9,18.71,4.84,-4.66,-3.4,-3.29,Slow_Forward
32.71,10.5,17.11,10.83,7.28,34.46,3.19,12.74,-9.24,17.55,0.02,79.29,41.48,20.58,0.73,3.6,-3.9,8.95,Hover
12.06,18.04,15.68,22.16,0.75,34.71,1.29,-9.82,-15.13,-39.23,14.12,69.13,83.57,10.77,3.07,-0.76,-2.14,28.57,Turn_Right
5.15,7.64,47.69,28.24,29.07,24.3,3.92,-25.74,-21.91,32.98,6.45,99.34,86.42,19.09,0.74,-2.25,-0.27,29.77,Slow_Forward
12.31,25.6,39.22,3.25,17.97,15.92,1.02,-10.46,-27.93,37.8,1.24,36.97,62.28,14.53,9.22,4.47,-3.84,9.6,Forward
36.17,23.14,33.06,9.53,21.74,26.12,4.83,-18.92,29.26,-54.73,2.47,17.16,71.09,6.44,0.78,-4.18,1.76,42.97,Forward
42.81,45.06,25.98,14.17,19.72,30.56,0.04,17.18,9.62,-10.15,4.85,43.86,58.11,23.09,0.97,-1.51,3.7,9.39,Hover
41.54,46.51,8.53,15.19,4.76,16.64,2.85,13.18,16.63,-14.02,8.28,93.67,13.98,17.42,3.33,-3.23,-0.73,23.74,Hover
19.98,19.3,48.93,16.49,18.05,19.21,0.45,-0.11,-26.1,44.81,10.56,29.77,72.7,21.96,6.51,4.91,3.73,23.85,Hover
33.47,24.69,18.88,9.37,4.38,27.32,2.04,23.15,-29.11,29.97,4.62,31.35,99.69,7.04,3.9,0.46,-3.49,34.02,Forward
10.41,44.83,5.52,20.18,12.34,35.1,3.18,-19.16,6.02,-4.28,14.36,18.56,30.5,22.91,1.08,3.12,-4.22,9.63,Hover
14.8,40.37,24.79,19.53,17.28,31.7,3.45,-2.88,13.43,27.46,11.4,118.4,98.39,9.12,8.44,-3.36,3.14,12.57,Descend
44.84,0.38,43.73,17.55,16.99,1.19,3.93,12.64,-6.31,-42.68,12.39,116.11,99.8,0.24,7.15,-1.96,4.75,13.0,Descend
0.85,16.14,44.39,3.86,4.01,5.24,2.97,-25.93,-6.73,-48.18,4.85,79.31,22.74,1.88,4.27,1.2,-1.59,-6.77,Turn_Right
4.46,21.2,0.75,14.57,1.52,34.16,1.26,-7.64,-6.93,-46.81,5.71,26.56,93.35,2.23,6.93,-3.22,1.57,30.3,Ascend
10.55,11.64,44.34,11.01,24.05,33.4,4.45,4.3,-20.83,-84.69,8.07,92.22,70.8,5.18,3.11,0.0,1.55,32.28,Forward
1.52,10.14,13.72,14.99,21.91,15.74,4.06,-7.99,15.23,34.39,6.78,70.49,51.97,4.66,5.51,4.32,1.86,35.13,Ascend
9.24,2.08,2.14,27.7,2.91,23.5,0.81,-1.19,-17.09,87.45,3.9,90.2,41.02,1.45,8.86,4.3,0.72,29.29,Slow_Forward
29.24,32.24,42.42,14.68,4.26,36.26,4.13,6.49,-10.54,-34.37,14.96,103.39,66.68,22.38,1.52,-1.45,-2.44,22.59,Descend
21.19,13.27,43.22,0.91,26.83,36.49,4.86,-7.9,10.28,77.37,12.73,38.9,85.85,20.71,8.55,0.16,-4.19,21.03,Hover
44.66,2.81,29.89,13.45,23.19,31.39,3.19,-23.64,-29.99,19.18,3.57,109.73,13.07,19.07,7.99,-3.02,-4.86,25.4,Descend
40.91,11.7,28.81,24.71,29.89,8.62,1.42,-21.63,15.98,-49.51,13.39,107.93,58.19,11.98,9.52,4.79,-3.2,-9.56,Slow_Forward
17.22,40.14,40.69,23.51,7.99,29.29,3.04,1.62,23.95,-87.86,8.8,66.11,68.52,10.63,5.38,0.2,-3.8,14.63,Forward
13.12,42.6,39.36,15.65,14.89,4.31,1.72,-19.52,-26.9,40.27,0.19,82.46,12.3,10.63,3.11,-2.94,-4.62,-7.82,Forward
19.11,24.26,44.53,7.87,7.48,35.79,3.38,23.39,5.5,35.38,5.19,49.91,90.02,6.54,3.85,3.45,-4.1,16.86,Forward
29.6,20.92,27.73,14.22,18.87,6.22,2.73,20.05,-5.49,-48.73,0.39,78.96,95.66,15.21,6.58,-0.8,-4.51,-1.82,Forward
13.55,48.9,48.39,17.13,3.9,26.6,4.65,-9.06,-25.29,-30.11,1.32,66.33,65.12,1.48,1.84,1.36,0.48,-9.49,Forward
31.28,10.19,49.81,30.0,4.25,24.53,3.09,19.86,10.93,71.65,2.68,39.42,20.53,16.47,3.84,3.44,-4.43,30.18,Forward
20.59,10.92,6.0,19.5,2.62,31.14,1.08,1.99,6.74,-61.7,7.27,39.42,93.92,12.85,7.4,-1.91,4.96,28.75,Forward
27.69,14.73,42.51,20.98,20.96,22.2,3.63,-20.46,8.56,60.38,5.72,78.55,82.45,20.41,5.95,0.78,0.02,11.27,Hover
21.92,8.8,25.09,15.0,15.08,2.66,1.51,6.85,18.81,-59.54,2.23,114.84,12.57,24.32,1.1,-4.44,4.01,-6.4,Descend
14.86,19.09,19.5,10.96,18.72,28.32,1.37,10.77,-12.78,-3.29,5.92,24.98,62.12,21.92,5.22,-2.65,-0.12,43.62,Ascend
47.43,45.56,30.73,24.48,26.44,15.51,1.96,-24.97,10.62,-0.19,4.57,47.71,20.31,18.0,5.48,-3.61,-3.64,-1.7,Forward
38.23,30.84,2.99,15.1,22.34,13.02,0.07,-11.13,14.6,-5.02,6.15,96.88,22.7,10.82,7.16,1.44,3.41,16.86,Forward
7.18,20.71,25.42,29.84,14.12,39.67,4.85,-29.68,-19.87,-38.17,2.58,15.64,27.33,5.36,0.6,-2.45,-2.62,4.96,Slow_Forward
43.45,46.73,43.57,13.99,29.54,23.74,2.67,-11.01,27.42,-44.39,9.15,119.31,45.66,16.62,4.57,2.6,-4.6,-2.72,Descend
24.47,2.61,10.83,2.51,13.96,28.52,3.87,-9.87,-9.6,41.97,0.67,81.7,88.87,5.04,8.92,2.61,-3.09,18.2,Hover
44.75,10.67,21.43,20.64,3.82,21.2,1.3,7.81,12.82,-40.38,5.82,109.39,12.8,0.51,0.74,2.84,0.99,0.77,Descend
40.03,28.38,46.99,1.88,29.78,30.87,3.74,-18.06,15.24,19.78,13.42,100.73,72.03,14.33,6.89,-3.67,-0.65,9.84,Descend
21.38,30.85,21.54,7.89,1.17,30.16,2.84,-28.19,0.24,62.4,6.3,93.48,96.81,9.85,2.62,0.26,-3.38,23.36,Ascend
1.32,2.17,18.05,10.94,16.72,26.39,2.13,-11.06,-22.28,60.67,6.62,4.92,67.71,21.9,4.18,1.79,0.33,11.28,Turn_Right
13.58,20.27,22.14,22.31,9.62,39.91,4.85,19.54,-13.46,-59.91,1.02,49.37,83.4,16.14,8.9,-1.77,4.53,18.57,Forward
27.17,32.53,26.07,15.08,15.35,18.55,2.47,-6.05,-15.95,27.85,9.08,25.02,91.16,16.18,3.94,-2.4,2.27,2.76,Turn_Left
31.75,34.96,31.67,1.35,16.98,28.34,3.29,-5.09,1.12,18.41,14.05,104.69,74.33,19.7,5.68,2.18,-4.31,28.28,Descend
13.04,31.98,40.07,18.7,7.58,31.97,0.09,-1.86,-14.32,-39.24,4.37,81.95,69.39,8.39,1.35,-1.49,-1.8,24.9,Forward
7.14,16.16,22.71,12.64,16.93,15.23,1.51,15.11,2.81,-19.54,5.9,13.74,11.62,23.95,3.58,-2.51,1.92,28.11,Hover
41.78,4.86,40.91,27.69,22.8,18.45,4.44,-1.2,-12.71,-38.68,8.82,43.79,56.7,5.53,1.85,0.63,-3.6,8.69,Forward
49.22,21.47,26.78,15.24,8.36,38.78,3.8,-24.52,-29.94,6.67,1.4,9.25,52.23,21.79,5.83,1.2,0.39,41.73,Hover
26.38,6.61,17.06,21.41,11.81,1.58,2.69,-17.62,-8.2,54.65,14.25,89.06,57.04,22.77,4.87,2.77,0.46,24.32,Hover
8.75,47.39,32.97,6.96,8.41,13.61,4.5,-18.73,6.41,67.95,7.01,50.78,48.92,0.98,3.01,-4.59,-4.12,-3.0,Slow_Forward
13.76,23.86,35.94,22.95,24.71,19.6,2.44,0.47,16.42,40.11,1.73,28.89,91.59,15.8,10.0,-3.26,1.06,43.63,Forward
1.12,16.0,27.99,21.77,21.89,0.36,2.84,-28.2,-28.3,-2.98,5.03,62.61,90.01,18.74,1.96,2.77,4.0,21.29,Turn_Right
45.73,38.36,3.02,27.17,26.2,36.0,1.92,-12.98,-14.5,82.46,5.61,6.0,21.31,23.85,8.34,0.32,1.52,28.41,Hover
6.06,25.0,8.66,1.5,5.52,11.66,3.1,6.43,29.13,11.5,5.18,31.62,57.96,6.28,0.84,3.06,4.15,10.47,Slow_Forward
28.91,15.64,14.41,13.7,2.67,10.53,1.6,-8.72,-14.29,-3.86,10.4,21.86,96.36,14.05,8.54,-0.51,1.14,14.33,Forward
13.85,40.64,14.27,20.54,4.02,32.87,1.93,12.46,16.63,64.22,5.18,111.75,63.88,19.33,5.03,-0.41,2.52,30.29,Descend
27.8,43.38,33.74,3.31,5.25,11.34,4.83,-6.53,0.56,-56.77,4.86,45.88,82.15,3.71,8.37,-1.22,3.93,37.59,Forward
32.64,33.72,1.11,12.61,16.23,26.41,0.57,28.76,-22.67,-61.58,4.83,70.55,43.6,21.32,7.6,1.91,-0.37,42.83,Hover
41.52,2.54,37.83,28.29,29.14,32.91,0.54,27.92,8.6,50.86,11.67,60.85,43.95,10.09,5.94,0.9,-3.42,44.45,Forward
10.48,28.4,13.41,13.36,11.04,31.76,0.23,17.99,27.98,66.7,4.63,79.45,39.31,15.99,4.03,-1.07,-3.81,22.74,Turn_Left
0.75,38.21,15.64,29.57,28.78,31.34,1.61,27.26,23.21,-76.9,0.21,34.21,11.97,1.05,6.82,-3.12,4.54,-5.19,Turn_Left
7.02,7.0,26.49,2.18,1.63,3.82,2.0,-17.71,11.42,47.54,5.48,15.37,93.24,5.57,8.41,-4.98,0.47,21.81,Ascend
45.02,11.59,10.95,21.68,27.84,3.47,0.48,15.06,0.73,-13.6,4.17,10.69,41.47,11.95,5.28,-4.09,1.83,1.24,Ascend
43.72,44.15,44.25,17.64,5.84,12.48,2.75,-10.7,-10.84,36.67,13.64,24.01,43.04,7.23,4.44,-3.92,1.12,25.66,Forward
29.95,1.2,4.45,15.27,27.42,1.73,2.92,13.52,-8.58,-65.71,7.17,58.46,78.36,23.95,1.86,0.69,0.65,8.46,Hover
30.11,37.69,22.33,29.14,2.16,20.17,3.76,-7.57,-9.23,85.14,3.52,29.09,57.42,19.87,9.01,2.59,0.59,18.72,Forward
33.32,23.79,42.5,4.32,28.47,15.97,4.88,-12.63,25.32,68.63,14.72,52.65,42.58,21.62,3.04,-0.43,-0.27,26.35,Turn_Left
8.93,22.45,30.87,26.93,6.42,22.41,3.1,27.53,-17.32,-16.92,3.7,4.49,89.53,11.66,1.67,-0.86,3.84,39.96,Slow_Forward
45.74,0.55,14.76,20.89,9.43,12.16,0.57,-17.41,-7.32,70.8,11.45,75.68,84.28,11.84,1.13,-3.68,-3.79,33.6,Forward
21.05,41.01,21.15,8.14,14.98,19.58,0.45,15.51,-4.08,71.09,9.74,105.5,97.91,20.13,7.63,4.01,2.16,-8.84,Descend
19.28,18.12,35.39,27.1,11.73,13.59,3.89,10.48,-5.47,-6.97,6.93,6.66,67.69,9.69,6.91,2.35,1.81,-1.58,Forward
26.04,27.13,48.67,13.16,20.19,8.05,3.26,-11.79,-29.75,80.44,6.09,26.95,72.11,12.02,1.64,-0.83,-4.38,37.78,Forward
2.54,33.93,44.68,24.52,29.26,26.08,0.82,-2.5,-13.74,85.83,13.09,38.81,39.2,13.21,5.54,-4.03,-2.83,30.88,Turn_Right
8.48,35.19,17.25,11.97,18.39,27.04,1.27,-21.42,-0.09,-50.9,7.13,35.18,18.96,15.18,1.95,3.46,2.88,-1.87,Slow_Forward
36.95,47.81,49.91,25.6,21.78,33.22,3.75,25.27,15.63,-78.0,5.63,5.81,19.53,16.25,4.14,-3.3,-2.66,22.39,Forward
4.32,26.66,0.37,19.28,3.1,35.03,2.84,28.09,4.17,-30.39,5.31,13.68,68.13,17.02,7.94,1.73,0.78,22.32,Ascend
30.24,20.11,1.58,4.66,19.02,28.27,2.93,13.95,-6.91,-2.01,4.14,109.58,20.19,11.1,2.66,-1.6,-4.16,32.62,Descend
12.42,47.69,41.23,19.67,13.89,27.59,1.06,20.97,9.91,-73.32,6.13,85.65,91.6,7.38,0.76,3.6,-2.77,34.74,Forward
19.59,32.18,10.13,6.14,26.63,2.55,3.15,-25.04,9.95,-64.68,1.8,115.05,73.35,23.0,2.34,0.87,3.91,27.07,Descend
14.58,15.05,3.23,12.65,11.95,4.66,3.86,-6.96,-15.12,84.91,0.98,53.41,30.36,20.67,4.3,-2.73,-1.38,29.23,Hover
17.91,6.5,12.01,5.52,20.54,32.56,4.43,-10.15,-23.77,42.71,8.12,105.6,35.13,0.09,2.8,-4.87,3.06,26.67,Descend
36.01,42.16,21.42,1.15,7.23,9.55,3.69,3.9,18.19,67.49,6.81,98.17,73.9,12.82,7.36,-2.88,-0.22,-1.7,Forward
15.0,18.24,36.58,6.75,8.15,14.42,2.89,-19.0,1.79,84.81,2.6,105.12,84.17,6.87,8.0,-1.35,-1.78,27.65,Descend
28.41,33.09,31.29,16.32,11.6,6.07,3.37,3.8,-19.41,-21.93,1.6,5.66,85.55,16.07,2.78,2.08,0.67,15.91,Forward
23.91,23.65,12.03,14.71,9.47,8.05,2.43,9.26,-14.28,33.82,2.15,78.65,64.09,12.57,3.05,-2.84,0.34,43.78,Forward
33.25,10.11,25.26,15.29,7.99,31.08,1.14,-22.06,15.99,-56.88,4.73,68.43,23.97,0.53,5.82,-2.38,4.85,28.99,Forward
46.85,30.16,46.33,7.81,1.97,10.7,4.41,-22.1,9.2,9.3,6.77,65.88,83.65,18.19,7.65,-0.65,-1.56,10.58,Ascend
36.68,3.22,40.79,20.71,25.18,18.13,2.67,-27.87,26.71,-52.22,2.9,61.02,81.25,6.88,9.61,-4.57,1.54,40.05,Forward
10.9,20.78,16.29,21.28,2.4,6.32,2.98,15.65,-2.1,-61.12,11.33,95.72,85.18,6.51,3.36,2.68,1.9,2.67,Forward
1.75,27.42,49.12,11.06,26.68,27.21,4.95,-10.14,-26.87,-72.28,2.9,116.2,24.19,0.8,9.16,-4.21,1.26,15.71,Turn_Right
13.26,21.92,35.49,26.49,4.2,29.21,4.93,-16.47,12.03,14.35,1.86,99.64,71.59,20.71,2.23,2.37,-0.21,-6.5,Hover
29.83,37.48,3.31,19.5,2.43,14.66,2.94,16.69,-14.71,80.97,14.92,104.58,96.42,14.47,0.89,-2.32,2.83,24.58,Descend
2.76,41.43,1.95,21.53,17.11,31.45,0.18,-21.4,-10.57,-68.0,6.72,58.58,33.05,12.12,8.03,-0.4,2.68,20.72,Turn_Left
24.92,38.61,8.59,8.68,15.32,9.82,1.99,-4.37,-18.2,0.42,2.55,83.18,74.51,16.9,5.05,-0.9,4.59,17.75,Forward
29.92,2.13,36.45,0.52,14.99,27.77,4.69,14.69,-11.46,33.67,13.42,50.45,33.3,8.63,1.23,-2.47,4.77,1.37,Forward
16.85,9.87,9.35,26.03,17.45,29.28,1.45,4.43,19.77,-0.74,3.47,43.87,37.64,14.24,1.18,-2.44,-2.85,17.19,Forward
38.59,26.92,25.67,24.76,8.97,38.76,5.0,3.24,4.6,74.12,13.88,107.54,53.67,6.23,0.63,4.49,1.54,15.25,Descend
5.51,46.75,4.84,4.13,20.06,9.52,0.43,-20.55,-23.45,-60.07,1.78,108.72,90.55,1.57,3.41,-1.95,3.56,-8.8,Slow_Forward
3.94,41.78,46.06,11.54,15.32,4.02,2.84,-19.14,5.2,-85.65,12.63,82.18,13.48,14.03,7.49,-3.17,4.62,-1.07,Ascend
36.46,42.16,17.33,20.01,10.37,10.74,2.58,4.95,8.01,-21.04,2.76,100.7,99.07,5.53,6.82,-2.5,-3.57,39.6,Descend
24.88,15.3,45.42,19.74,24.88,5.18,1.28,-28.59,23.09,9.99,14.08,43.88,79.49,18.75,10.0,1.95,4.49,33.39,Forward
34.48,21.59,47.25,25.88,21.97,7.04,4.74,22.15,21.58,-44.19,8.61,52.62,42.38,11.3,6.14,-1.91,-2.75,-3.41,Forward
21.85,23.64,0.51,4.64,12.11,13.56,3.1,-8.97,-26.23,-59.68,2.85,98.7,41.87,6.26,1.55,-3.28,0.72,43.5,Forward
12.47,8.04,23.31,13.18,25.5,16.74,1.16,-5.0,22.0,54.87,12.67,48.37,53.47,15.21,9.8,-0.86,1.54,15.59,Forward
40.99,1.75,1.43,3.37,27.65,36.18,1.93,-14.49,-26.95,-56.06,5.86,5.76,88.79,2.92,7.08,-3.82,3.8,31.25,Forward
40.01,47.36,45.45,11.99,16.34,8.07,3.61,22.6,-20.75,-10.32,10.99,43.04,11.61,19.04,4.05,-1.01,3.04,19.8,Hover
34.8,12.19,26.02,0.95,6.84,38.88,1.5,8.55,-23.31,81.81,9.65,48.39,59.34,11.3,2.85,3.62,4.35,32.04,Forward
13.75,12.15,3.93,27.0,27.52,32.46,4.4,-3.01,-19.1,20.29,10.71,19.4,15.05,20.32,2.61,-1.27,2.87,26.43,Hover
29.59,4.35,5.69,16.05,6.09,35.29,0.84,5.12,18.2,-0.41,5.16,41.95,20.4,3.45,9.58,0.14,-1.61,-6.42,Forward
18.18,46.44,19.3,25.57,1.93,37.2,1.33,-7.18,11.17,-25.15,14.08,112.2,72.16,9.56,4.48,2.89,-3.21,40.25,Ascend
4.76,29.07,47.02,2.27,10.16,30.2,0.73,-2.07,11.22,3.67,8.4,103.17,31.09,4.5,5.12,0.16,-3.44,32.26,Forward
45.88,33.42,34.71,7.21,21.95,31.61,0.53,-8.54,25.33,42.18,1.16,54.06,13.74,1.53,8.45,-4.53,-4.12,2.19,Forward
7.01,45.6,43.41,8.15,27.74,17.68,1.51,-5.36,-6.49,58.05,1.0,85.48,24.78,23.88,9.66,-2.85,4.32,2.45,Hover
47.52,17.41,18.45,11.91,19.3,20.56,5.0,-11.1,-29.8,26.97,11.07,19.07,28.78,18.17,0.54,3.94,-0.14,27.77,Forward
22.41,31.15,2.35,24.18,28.58,37.32,0.48,-25.34,8.39,52.26,12.75,90.55,79.28,8.14,9.91,3.02,4.65,28.55,Forward
9.42,2.13,48.72,11.9,3.22,15.32,1.07,-27.76,22.08,-74.08,10.43,57.62,66.24,6.15,1.22,2.61,2.75,-5.21,Slow_Forward
27.19,9.5,1.06,6.54,2.29,1.97,1.37,-19.55,28.58,-87.41,4.16,86.99,76.16,5.11,8.45,0.47,4.54,39.78,Forward
43.67,41.6,47.39,2.42,18.32,30.58,3.1,-14.9,-8.17,42.19,3.39,77.64,43.28,1.08,9.53,-1.47,3.69,31.08,Descend
36.66,38.39,18.56,2.85,29.0,23.05,3.73,23.43,19.33,-42.89,8.48,28.7,20.18,2.57,5.83,1.94,0.83,44.12,Forward
40.37,17.66,0.7,22.92,15.33,32.65,3.76,6.67,20.95,67.98,2.95,100.33,82.48,2.57,5.74,1.63,-2.74,13.8,Descend
33.01,18.97,34.52,13.62,2.02,3.3,0.05,27.5,-21.33,6.45,5.69,69.09,22.64,16.66,6.86,1.43,-2.46,-5.26,Forward
34.68,26.77,49.03,21.92,7.03,24.96,3.26,-9.62,7.89,-3.87,9.43,94.32,44.44,14.87,3.85,0.04,-1.29,39.81,Forward
42.49,0.21,48.29,20.63,7.72,10.13,3.16,-5.9,-19.61,49.11,4.27,12.18,33.61,14.2,2.08,-2.41,-4.76,34.71,Forward
12.63,12.21,8.21,4.49,10.47,36.16,2.59,13.19,-3.2,43.4,5.63,74.23,36.69,18.36,1.13,-0.65,1.67,-9.99,Forward
24.57,10.57,9.23,4.72,1.79,4.66,1.9,4.67,22.76,36.77,5.41,35.73,64.17,6.28,8.87,0.12,0.55,19.15,Ascend
11.22,12.67,28.36,22.78,27.19,33.77,3.99,1.67,17.37,34.18,6.91,103.45,24.79,8.56,5.7,-2.84,-3.99,-9.59,Descend
49.39,40.33,31.94,21.78,15.71,3.82,1.73,4.53,4.22,2.77,10.12,113.99,50.13,3.17,7.09,-2.7,3.25,9.33,Turn_Left
47.21,14.13,37.02,11.65,20.29,1.3,1.16,5.05,18.52,76.77,11.74,7.64,67.48,14.69,3.65,2.92,3.23,37.82,Forward
2.16,9.74,9.22,2.78,2.48,9.63,1.56,15.94,-20.83,70.32,9.98,87.19,88.2,23.32,8.17,-1.8,-3.81,27.06,Turn_Left
35.34,25.31,47.96,0.86,2.1,13.52,2.2,10.08,-18.3,-30.71,0.39,13.25,43.41,21.58,3.82,4.74,-2.96,36.78,Hover
46.28,43.31,32.01,9.0,17.8,25.17,1.08,27.44,-17.47,54.85,13.45,103.04,38.68,13.87,0.78,-0.64,-2.5,20.65,Descend
9.19,12.22,42.38,0.77,26.68,5.53,3.04,26.88,16.56,70.4,8.72,15.82,43.11,16.12,3.7,1.09,0.26,32.58,Slow_Forward
28.48,4.11,27.1,7.29,16.09,17.66,4.42,-4.68,23.46,21.29,13.8,24.21,55.07,24.81,8.58,0.04,4.45,16.74,Hover
45.79,17.95,20.83,12.88,26.4,8.41,2.98,-27.86,3.77,10.0,14.46,30.94,38.18,12.93,8.82,-0.07,1.65,17.65,Forward
1.89,37.43,48.86,4.08,24.42,34.26,2.24,-29.34,27.48,30.94,7.02,87.61,32.54,21.76,9.38,3.9,1.81,22.89,Turn_Right
34.93,27.62,29.19,3.58,2.74,2.09,3.99,-22.61,13.68,-60.65,13.75,35.81,43.78,12.52,5.25,-4.07,-2.09,-2.27,Forward
15.01,40.88,43.37,26.94,6.46,14.43,3.74,-25.51,3.82,-74.28,5.48,71.93,80.0,1.2,9.59,-1.54,1.24,25.39,Forward
46.23,47.99,47.67,17.77,19.9,25.37,1.84,-7.6,6.7,57.63,3.91,69.06,32.75,23.37,5.24,-2.14,-2.89,37.06,Hover
48.56,39.67,33.83,28.07,13.58,36.55,3.02,-26.83,20.97,13.2,1.1,48.87,86.02,2.8,1.96,-1.74,2.11,-1.23,Forward
47.22,30.27,27.54,10.7,9.08,34.76,3.65,7.49,-24.59,-67.95,6.78,65.2,35.66,17.6,5.27,4.13,-2.65,10.73,Forward
23.82,24.77,0.37,20.48,12.85,35.84,1.23,-18.59,-19.92,-15.06,10.33,15.06,64.28,5.95,8.75,-4.3,-4.86,40.62,Forward
43.13,2.2,2.19,6.54,13.63,2.8,1.84,0.84,-14.02,-36.32,14.65,105.26,97.39,22.53,7.96,-2.17,0.24,7.13,Descend
42.26,49.22,10.2,18.74,27.36,33.68,0.54,-23.82,23.69,67.59,7.82,25.64,95.66,5.01,4.62,2.38,-2.02,38.14,Slow_Forward
16.09,19.3,9.46,4.32,3.55,31.26,4.94,19.66,26.7,1.3,11.02,105.75,49.12,3.5,2.52,-2.61,1.29,25.27,Descend
41.48,7.78,12.89,0.56,8.75,36.13,0.44,16.8,-8.63,13.95,13.44,62.73,16.08,10.97,6.02,3.33,2.46,36.39,Forward
2.04,33.4,15.39,27.98,16.36,12.67,0.85,-6.81,25.43,-47.65,8.15,74.06,91.24,12.42,9.35,-1.7,3.14,-2.15,Turn_Left
29.89,14.36,18.13,16.87,21.1,36.5,2.4,24.64,2.81,53.83,2.5,31.62,21.42,20.47,2.19,-3.87,4.81,33.29,Hover
11.65,29.37,21.14,27.84,19.1,16.28,4.33,-18.86,-1.6,77.42,12.72,27.46,93.12,19.06,8.36,0.19,0.56,-8.37,Forward
6.2,29.42,5.12,10.35,28.28,25.47,1.79,18.84,19.97,52.65,8.61,59.39,75.94,8.21,1.9,0.11,-0.18,11.7,Slow_Forward
4.03,22.4,2.31,10.17,23.97,17.14,3.85,2.75,2.77,-1.29,11.38,32.82,94.08,9.62,9.24,-4.61,-2.54,5.39,Ascend
34.88,41.84,33.76,12.32,16.93,17.28,3.38,-10.23,-2.73,60.32,9.88,51.35,69.89,14.42,7.09,2.18,2.47,25.26,Forward
17.13,13.4,26.96,21.33,6.83,22.0,3.2,-24.94,-29.04,-56.17,0.92,53.39,99.56,13.79,1.54,-3.58,-0.17,32.06,Forward
36.29,22.54,22.32,17.19,13.8,14.43,4.23,-19.72,-29.23,-69.59,2.54,33.24,52.03,21.55,2.42,-2.87,-1.73,8.98,Hover
3.45,26.98,31.8,27.8,20.95,31.77,0.08,21.77,7.66,-11.12,4.29,35.72,39.67,11.81,9.31,0.62,-0.68,36.04,Ascend
15.9,33.25,41.42,1.25,25.22,25.46,4.65,6.41,-25.59,-57.32,4.27,116.78,45.4,22.34,5.32,3.91,-1.3,20.34,Descend
27.07,39.24,21.5,21.39,28.81,27.68,4.15,-15.77,14.22,-43.35,12.59,70.91,41.53,5.13,4.81,-4.79,4.79,31.41,Forward
39.58,19.86,32.13,10.24,18.36,9.47,4.69,-0.25,7.34,15.32,8.97,99.99,46.07,21.69,1.05,3.23,-2.74,29.88,Hover
16.07,32.37,47.69,5.82,16.04,38.79,3.97,-23.53,-2.54,-17.3,1.25,6.44,89.67,7.61,1.3,2.54,-0.85,-2.39,Forward
31.37,7.7,42.01,15.56,1.02,26.51,4.39,-24.07,12.59,65.86,5.81,1.23,63.29,19.73,7.07,-3.38,-1.93,30.23,Ascend
44.32,46.65,21.41,15.4,2.63,8.13,1.02,24.47,29.58,-49.39,8.34,62.77,75.31,14.13,7.88,-1.27,-3.28,35.45,Forward
30.87,19.28,32.31,4.54,5.11,30.09,1.6,-2.53,-15.22,89.42,3.77,99.39,35.91,21.89,8.74,4.06,-2.01,-8.07,Hover
11.8,36.53,9.02,6.46,2.12,7.2,1.58,-8.31,3.42,-25.31,0.6,73.7,99.09,5.78,5.28,-3.54,-0.11,-1.07,Forward
1.42,1.21,28.11,12.54,12.33,2.82,0.55,26.94,20.57,2.77,5.7,74.64,35.27,17.54,3.62,-3.89,1.32,18.62,Turn_Right
43.53,10.42,49.07,12.56,10.44,21.24,3.65,-6.06,-28.99,-66.18,6.92,17.58,24.31,21.22,6.44,2.35,1.17,-6.76,Hover
1.26,24.46,26.01,9.87,19.3,22.27,0.69,-9.83,-17.79,14.27,13.57,117.45,80.04,19.42,6.38,-0.29,2.73,10.14,Turn_Right
43.76,43.94,46.4,4.88,16.3,7.8,0.27,-13.62,1.26,83.03,13.63,64.03,85.52,14.15,0.83,-2.16,-4.29,36.17,Forward
26.54,26.46,20.49,0.63,18.08,14.13,3.88,3.9,3.13,44.89,7.51,13.21,45.44,16.88,9.42,-3.28,-1.86,-4.44,Forward
46.97,46.51,49.94,29.12,14.42,37.85,4.52,3.5,-24.82,-46.07,7.07,50.29,58.7,4.91,6.6,2.22,-1.47,-2.3,Hover
39.98,24.29,29.05,28.33,8.69,11.61,3.82,-29.03,-5.55,-10.33,9.61,9.56,47.27,5.41,0.56,-0.6,1.92,-3.44,Forward
49.9,24.62,2.3,14.77,28.61,6.48,4.13,9.24,1.19,-13.42,3.87,50.76,36.45,6.68,9.62,-2.61,-2.92,19.97,Forward
17.67,6.16,29.42,29.85,3.05,39.7,2.98,17.3,-4.62,-72.37,4.29,85.68,83.2,20.7,9.55,4.43,-2.86,6.73,Hover
38.41,40.17,13.87,20.37,28.2,12.3,4.44,6.96,12.04,69.45,0.04,39.5,78.13,4.19,9.49,0.61,-4.05,34.9,Forward
20.22,12.5,1.82,2.53,9.68,27.31,2.49,22.19,16.28,-21.34,1.17,38.26,53.68,7.47,8.94,-1.47,0.33,22.02,Forward
24.1,45.0,41.08,3.97,15.62,9.49,4.94,-13.42,-2.38,-1.03,2.68,62.21,51.0,23.01,2.25,2.2,2.27,26.85,Hover
31.45,45.56,13.93,27.53,3.71,22.14,0.53,-18.48,-4.46,-37.58,9.61,60.32,26.21,18.88,9.78,-0.04,1.98,6.92,Forward
43.71,47.18,39.87,19.09,2.59,15.64,4.05,11.84,12.32,-62.57,3.19,56.59,67.35,18.33,7.74,-4.91,2.43,17.05,Forward
49.21,26.11,14.55,25.37,13.17,38.47,3.21,-18.69,3.32,72.38,1.86,62.5,93.13,11.38,6.59,3.41,-3.3,10.39,Forward
38.46,33.92,9.88,27.0,22.38,17.48,2.91,-24.53,22.23,-83.27,9.24,6.71,74.7,17.56,9.46,-4.34,0.87,17.35,Forward
21.0,38.97,48.7,13.71,8.45,23.49,3.63,-24.2,-1.13,-18.02,9.78,57.44,55.56,14.14,4.12,4.89,-4.07,27.85,Forward
21.18,6.72,18.21,1.93,17.09,37.81,4.2,16.1,4.46,41.53,0.9,119.05,13.48,1.79,9.35,-1.5,4.67,14.8,Descend
36.93,30.13,30.15,6.05,8.72,39.57,4.32,-28.28,-22.27,-34.41,11.59,91.96,93.73,14.41,6.25,0.25,-3.95,-6.33,Forward
12.09,1.91,30.58,2.46,11.96,4.34,0.89,-12.63,20.16,-9.71,9.09,35.22,37.72,11.31,6.0,5.0,3.78,10.4,Forward
5.7,24.98,28.11,6.07,27.24,33.42,0.99,-22.25,-4.66,11.61,5.96,81.65,37.0,2.85,6.64,-2.31,-4.62,38.87,Slow_Forward
17.86,7.91,45.75,12.61,25.75,15.47,0.09,15.29,13.14,89.11,14.75,40.26,52.26,8.61,7.66,-0.37,0.31,35.28,Forward
14.5,9.31,33.79,3.99,15.72,23.91,0.67,0.21,-4.23,46.49,0.15,23.79,48.62,22.37,4.73,2.55,3.53,35.81,Hover
14.96,18.38,20.31,5.42,7.52,15.19,1.33,-17.67,-29.94,84.08,8.17,93.05,96.61,20.09,9.82,-0.33,1.35,-0.04,Hover
11.83,21.74,43.15,13.65,6.2,16.22,3.61,15.02,-5.98,34.77,2.4,25.94,24.85,22.85,1.34,-1.66,-0.06,-5.63,Hover
2.3,31.23,9.22,10.54,28.65,6.61,2.38,15.02,-21.15,-41.57,4.94,103.18,72.02,17.93,9.18,-3.79,-3.73,34.73,Turn_Left
1.09,3.91,27.3,14.3,6.48,23.04,3.79,1.38,-6.08,-38.25,2.0,46.27,19.61,15.81,6.75,0.13,1.59,26.63,Turn_Right
49.39,25.28,47.54,13.16,24.34,22.0,2.44,-13.45,-10.72,58.04,10.02,91.06,34.92,3.48,9.14,0.52,1.02,17.95,Forward
21.5,9.29,31.34,19.51,11.38,7.82,2.78,5.18,-17.85,-13.01,6.02,31.89,74.99,2.68,4.0,-2.67,-0.41,27.79,Forward
19.34,28.78,40.89,28.15,29.58,21.81,0.56,26.01,-22.57,-23.36,14.79,78.68,82.36,6.17,8.38,-1.66,-2.65,41.2,Forward
34.05,31.94,32.75,3.68,11.36,38.93,3.89,-26.9,13.71,80.12,9.81,26.29,52.2,7.85,6.35,-2.01,-2.8,-2.9,Forward
11.07,27.92,42.0,3.43,10.87,28.66,3.79,-13.98,15.29,-87.62,13.76,3.6,81.04,15.18,8.4,-0.73,4.7,-0.68,Forward
47.51,36.97,47.24,25.66,19.31,19.4,1.54,-12.9,-14.1,4.49,3.61,97.94,94.16,21.93,3.59,2.98,4.65,22.44,Hover
39.36,16.91,13.79,15.44,28.86,36.67,1.65,7.91,-0.29,49.51,4.78,102.88,94.22,22.27,9.21,-1.67,4.37,28.87,Descend
4.65,38.3,8.65,23.11,29.3,23.14,1.11,9.07,-2.16,42.51,5.44,105.79,40.82,17.06,9.28,-2.28,0.16,25.4,Ascend
21.0,21.75,24.3,6.85,21.36,5.66,4.07,-17.62,-8.69,-23.84,12.58,5.32,38.09,14.35,5.01,3.4,4.88,3.97,Forward
43.98,24.31,35.15,24.95,22.76,22.04,3.74,-17.03,-13.34,6.42,3.18,91.55,75.38,6.11,4.3,3.11,-2.03,24.22,Forward
47.25,32.48,11.51,27.75,17.12,7.48,3.05,25.69,-18.84,-89.0,14.2,100.47,68.87,23.45,5.96,2.93,-0.73,20.81,Descend
23.48,1.11,0.4,19.25,22.8,30.77,1.2,15.38,22.37,6.27,0.65,38.09,45.3,16.78,2.4,2.43,-3.26,-8.67,Forward
30.75,32.77,17.28,3.62,25.86,38.7,0.87,26.06,20.0,16.27,13.35,56.98,30.58,13.34,5.21,3.89,-0.36,24.23,Forward
8.52,31.01,48.45,26.91,14.84,14.62,0.26,19.78,-4.97,67.46,6.77,49.54,65.66,2.6,9.02,2.13,-3.15,14.81,Slow_Forward
49.56,15.63,34.81,23.88,18.79,17.57,0.24,-5.87,13.27,-52.07,7.89,53.37,48.72,20.65,3.97,-3.31,-4.34,36.93,Hover
11.74,4.47,20.19,22.65,16.35,17.03,0.94,-22.69,-0.1,58.53,14.96,101.76,21.89,8.72,7.49,-4.67,-4.9,26.04,Descend
47.15,4.73,9.79,1.58,17.09,11.63,0.51,7.77,-24.88,39.25,13.05,50.73,67.53,22.51,6.42,-3.18,-1.22,20.07,Hover
32.55,46.18,17.93,24.07,26.76,31.83,2.78,-8.88,19.34,29.89,13.56,36.98,72.79,4.21,2.98,-1.35,3.98,39.25,Forward
30.47,34.53,8.66,4.57,10.99,24.82,1.8,-4.48,-16.84,-19.01,8.78,16.52,42.78,1.21,5.55,-4.47,-0.63,26.51,Forward
25.73,6.53,5.49,7.06,6.64,2.84,2.23,-4.45,12.41,-23.86,14.35,81.31,84.88,10.87,8.6,2.57,1.46,3.78,Forward
11.69,17.96,45.36,17.53,13.96,33.6,2.97,26.19,1.64,36.59,10.32,11.02,16.63,1.96,5.77,1.41,3.18,15.72,Slow_Forward
8.99,29.71,49.88,8.32,6.64,7.73,3.3,-25.87,11.43,88.24,12.29,8.28,54.63,1.55,7.12,2.18,0.53,26.98,Slow_Forward
11.18,41.81,8.37,20.01,15.2,39.17,3.24,-18.41,-1.73,-17.04,10.81,82.11,96.07,17.84,7.87,-4.04,0.63,35.14,Forward
9.48,2.37,2.92,18.44,27.15,15.25,1.31,6.48,12.15,75.35,11.71,83.62,27.14,6.43,0.97,-1.71,0.24,5.58,Slow_Forward
39.02,11.98,16.62,3.69,18.71,24.77,4.05,23.03,-28.03,15.58,9.57,24.69,25.51,15.97,0.99,-0.41,-3.75,29.96,Forward
17.64,44.51,23.19,19.85,25.74,3.39,4.59,25.08,-27.55,66.27,10.9,114.9,44.08,14.27,1.59,1.03,1.36,27.55,Descend
3.08,0.66,10.4,27.76,5.4,13.98,1.59,3.52,23.78,-50.91,6.54,94.75,34.13,3.52,2.05,3.03,2.23,-1.91,Turn_Right
48.46,10.23,15.21,5.25,27.08,32.15,0.1,-27.93,14.98,47.2,10.6,82.68,29.94,9.64,8.21,4.77,-5.0,-1.59,Forward
44.21,47.96,10.2,18.11,18.25,19.25,4.5,-8.23,19.71,60.29,4.15,90.77,95.49,1.65,4.64,-4.18,-4.17,17.59,Forward
46.4,30.75,38.76,10.59,1.44,36.21,4.62,25.13,-2.6,59.79,9.52,50.01,41.04,10.54,2.26,1.42,0.42,12.61,Ascend
49.75,13.23,35.69,14.06,19.18,23.13,0.26,-0.0,-2.42,51.25,7.86,55.22,15.39,4.56,5.55,-3.65,3.39,-2.65,Forward
8.86,3.54,31.82,8.97,28.57,37.16,0.03,13.6,2.04,-35.24,13.48,104.56,90.98,2.41,7.75,-2.0,0.33,-5.18,Slow_Forward
19.93,1.6,19.48,10.95,2.84,39.31,4.08,-13.85,-15.38,3.95,10.1,4.02,50.34,7.92,1.83,2.72,-0.65,39.37,Forward
37.96,12.39,45.47,1.35,17.68,18.32,1.51,-28.5,14.01,-36.05,8.95,96.49,76.23,0.09,3.77,4.94,4.37,0.54,Forward
34.86,44.1,48.48,29.46,27.51,22.74,4.57,4.7,19.77,-28.27,4.7,54.26,43.06,18.94,2.35,0.26,-4.24,10.22,Forward
7.86,20.91,8.85,18.93,0.79,33.45,1.09,20.1,24.43,-35.78,12.94,56.21,94.17,3.95,6.64,-1.47,-3.62,15.64,Ascend
40.83,36.07,11.31,15.27,19.11,9.09,4.31,29.42,1.02,-38.84,0.81,39.76,35.9,15.65,1.8,-2.86,1.85,-5.43,Forward
11.38,45.93,26.38,11.82,14.51,34.51,0.35,20.8,-5.13,34.82,13.5,73.24,69.65,20.81,7.92,2.83,-3.91,-2.4,Hover
11.35,20.52,4.74,16.41,10.74,23.8,1.31,3.24,19.86,27.05,9.79,81.41,84.19,22.93,2.47,4.04,-3.65,18.9,Hover
26.94,9.73,21.94,11.71,19.01,29.1,4.87,6.52,15.16,-53.23,2.84,20.13,31.41,13.94,1.06,3.49,3.72,28.47,Forward
29.73,25.95,29.17,11.12,2.05,3.47,1.16,19.45,22.04,34.47,13.54,68.32,82.14,19.71,9.15,0.1,-2.9,36.45,Forward
29.09,45.42,26.2,14.19,22.72,30.72,0.67,-28.81,9.34,-37.61,4.9,56.32,81.3,11.37,3.67,0.89,1.22,37.44,Forward
4.76,40.26,16.68,8.64,0.63,12.64,4.29,27.1,23.0,-53.69,2.52,94.05,96.78,12.25,5.28,3.37,-1.03,19.98,Ascend
43.9,3.48,27.21,5.81,9.55,32.27,0.6,1.87,-24.66,44.51,4.79,65.89,93.05,13.67,1.46,4.29,-3.63,5.77,Forward
13.43,34.69,47.95,16.92,15.37,20.51,0.5,27.12,10.77,-24.68,14.42,52.12,44.97,16.75,5.05,4.39,-1.14,21.88,Forward
6.65,28.68,10.46,25.36,11.62,11.2,1.62,15.87,-24.67,12.48,11.29,63.94,63.15,16.75,2.61,1.9,-0.84,24.26,Slow_Forward
44.46,45.39,32.81,5.01,9.57,38.12,3.18,-20.86,14.93,-53.98,13.75,59.38,93.28,19.63,8.48,-3.08,1.29,5.78,Forward
47.79,6.3,2.36,1.47,25.01,30.67,3.56,-20.08,7.71,20.46,4.48,112.29,10.39,15.42,7.28,-1.87,-3.47,26.7,Descend
43.13,26.79,3.51,7.78,28.08,39.43,4.41,-8.78,-29.04,-52.56,1.24,38.11,66.46,22.07,6.8,-2.34,-4.63,-0.42,Turn_Right
40.51,44.0,27.68,29.4,26.27,14.77,2.71,-14.16,5.96,-59.96,8.44,5.44,29.38,17.73,7.92,-3.27,1.06,6.27,Forward
32.83,20.62,5.43,24.95,15.91,26.07,1.97,-3.64,-21.22,-20.42,7.25,79.78,76.49,23.22,3.29,-2.49,-4.35,41.15,Hover
27.63,24.2,1.31,18.08,26.58,24.58,1.8,6.23,-21.46,52.21,10.81,72.86,81.68,18.76,4.81,3.7,-3.46,18.05,Forward
4.53,3.71,8.74,27.91,27.67,27.6,4.24,-3.81,-20.97,-58.22,8.14,109.29,74.17,18.47,1.32,2.7,4.81,-1.72,Ascend
20.54,14.05,28.33,13.64,12.57,1.82,3.62,-26.61,-0.97,-68.94,5.95,14.98,99.65,21.51,1.14,-4.56,-4.77,26.76,Hover
18.76,16.36,35.23,29.51,8.86,11.88,4.53,28.54,-23.07,-84.3,0.07,63.19,53.13,16.4,3.63,-3.52,1.42,2.63,Forward
13.14,47.27,10.28,9.24,3.4,36.4,4.82,-4.49,-22.46,-15.13,7.02,18.94,60.52,4.49,8.32,4.85,-3.61,-8.08,Ascend
36.23,14.28,33.48,7.59,14.63,17.13,1.51,21.06,-14.63,-39.24,1.81,55.23,46.81,2.07,6.18,-2.74,3.21,37.95,Forward
24.89,23.15,9.29,19.32,28.42,38.44,2.65,-25.56,-29.95,-37.42,13.83,96.12,97.66,7.9,4.53,1.34,0.82,13.89,Forward
4.24,33.63,30.75,11.66,17.05,8.78,3.16,18.6,-13.45,86.75,13.83,103.03,93.05,20.36,9.69,-2.94,-0.28,32.76,Ascend
11.17,8.28,20.72,18.98,20.19,39.9,0.83,-19.6,7.1,-55.06,12.05,100.23,98.8,0.54,4.7,-2.66,-0.4,37.0,Descend
34.23,24.42,32.76,9.5,3.83,27.99,0.28,10.76,6.09,-7.48,2.37,66.14,98.64,3.75,4.95,-0.01,1.71,21.54,Forward
3.99,36.98,49.75,18.73,4.73,31.12,4.34,9.71,28.17,87.55,2.21,76.44,90.59,2.65,9.93,-0.12,3.39,-4.67,Ascend
42.59,43.37,46.9,8.63,14.2,16.06,2.68,24.59,-22.82,-84.49,8.45,66.64,93.78,0.93,1.75,1.46,-4.93,7.61,Forward
24.86,31.39,0.41,2.0,28.56,36.31,2.86,-10.76,21.93,35.4,10.91,67.79,20.79,20.26,2.93,-3.32,-4.8,3.91,Hover
24.13,33.52,44.29,27.41,11.14,21.95,2.78,-23.46,-6.53,-23.21,13.57,106.33,25.62,6.99,4.81,-2.37,-2.28,23.23,Descend
29.7,6.49,3.51,26.55,26.39,27.33,3.78,21.87,-6.78,73.1,13.41,25.9,89.67,18.22,5.93,1.24,2.38,12.6,Forward
41.27,47.3,47.66,29.14,4.05,4.06,0.74,-10.11,-9.07,74.15,2.33,53.21,75.41,3.55,1.91,-4.03,-3.06,12.67,Forward
17.52,6.8,14.23,21.64,18.7,25.38,3.07,-16.05,-22.52,-20.3,14.93,73.6,88.75,10.22,3.62,4.09,-0.93,26.0,Forward
33.97,38.78,19.23,20.64,18.22,35.2,2.35,-0.83,-1.29,-50.14,2.35,92.08,79.3,2.91,2.59,-3.21,0.08,-8.25,Ascend
28.37,13.39,4.76,16.99,25.87,7.38,4.49,-21.23,17.24,-12.96,12.6,91.66,22.56,0.06,8.57,-0.62,-1.27,-2.72,Forward
13.5,46.69,5.79,4.22,0.6,29.59,2.6,-12.18,22.53,83.76,8.8,14.95,92.49,15.33,8.43,-3.91,-0.35,38.87,Ascend
43.96,36.05,36.39,6.08,6.1,1.31,4.72,-6.88,27.77,-39.35,10.17,27.41,79.41,12.02,2.78,1.85,2.99,35.99,Forward
39.91,37.74,47.23,9.04,6.98,37.07,1.77,-13.36,17.12,86.64,9.06,109.47,61.37,10.42,4.63,-1.73,-2.71,41.76,Descend
32.99,11.11,30.62,26.76,28.52,39.32,4.83,-2.98,7.39,57.49,13.05,43.54,57.91,1.97,6.69,-4.26,-1.73,1.53,Forward
42.56,22.26,35.85,5.6,5.03,14.36,4.38,-6.92,-0.15,-41.86,9.56,1.32,61.64,14.71,0.96,0.93,0.27,8.76,Forward
43.39,30.97,38.15,27.72,1.59,4.55,2.93,16.48,22.49,52.39,12.73,24.78,45.14,19.5,8.89,4.81,3.65,-3.85,Descend
35.48,38.54,13.29,15.92,16.27,26.45,1.78,25.1,14.37,-81.04,2.32,116.38,82.29,1.68,5.35,3.71,-2.95,25.22,Descend
41.88,5.38,2.45,21.61,16.09,1.48,1.89,-23.94,-20.32,8.65,13.0,37.86,91.81,10.34,2.65,2.03,0.25,32.98,Forward
34.93,48.13,0.29,3.75,25.4,19.45,3.87,19.4,10.95,-25.68,14.89,74.03,32.76,7.79,4.27,-4.87,3.76,23.98,Forward
34.07,44.53,17.66,8.44,28.49,11.09,2.91,25.91,-4.14,-13.15,9.92,87.47,13.42,22.3,9.07,3.6,-3.87,22.81,Ascend
31.01,13.66,12.22,28.78,16.39,19.09,2.01,11.2,5.75,-4.89,14.65,77.94,28.26,6.57,0.74,3.97,2.21,34.14,Forward
37.69,41.17,3.3,8.35,27.93,1.03,3.18,29.79,23.9,0.49,3.3,45.93,78.16,23.61,1.86,-4.62,-2.76,-5.14,Hover
8.1,26.01,9.14,9.25,21.89,2.35,3.67,-9.9,9.15,28.15,12.44,52.22,88.16,20.71,2.33,-3.78,-3.26,30.82,Hover
44.07,23.2,6.4,6.33,8.3,0.93,0.12,19.82,26.32,35.42,2.54,100.72,41.37,2.5,1.07,-0.49,-2.64,39.09,Descend
43.62,15.86,45.76,4.31,27.89,24.88,0.46,10.42,21.98,85.63,7.74,79.87,23.71,12.02,2.64,-0.98,0.03,25.53,Forward
1.66,29.13,7.19,7.38,20.19,22.54,0.48,-10.59,-22.27,47.3,9.96,3.79,87.27,16.23,8.26,-2.06,1.03,27.62,Turn_Left
41.33,36.55,26.97,19.45,12.72,9.56,1.17,12.28,-29.3,33.8,9.9,25.21,29.32,14.83,5.51,-3.02,-3.06,25.37,Forward
6.62,20.66,29.74,13.93,20.57,25.97,2.14,0.58,-6.94,-19.36,10.06,35.07,31.77,16.98,6.25,0.49,-3.88,35.31,Slow_Forward
16.89,31.54,27.27,16.84,12.34,35.4,4.02,-18.66,21.92,-68.79,4.81,44.49,18.34,10.66,1.98,2.71,-0.47,11.82,Forward
37.23,35.03,5.13,4.11,3.87,11.31,1.76,-19.57,-16.19,-79.42,14.61,69.65,91.93,22.62,3.14,4.37,-4.43,37.2,Hover
8.21,35.61,16.08,24.16,21.71,33.33,0.1,12.8,11.48,-4.02,0.1,44.61,39.41,6.76,9.22,-1.99,0.39,4.86,Slow_Forward
40.93,2.79,2.75,23.63,24.81,26.6,2.42,12.72,-1.44,30.29,9.31,99.18,25.47,2.35,2.5,2.03,1.83,-3.67,Forward
41.64,43.02,19.9,1.14,22.0,1.64,4.98,1.85,14.76,27.03,12.99,57.39,95.83,24.45,9.11,2.88,4.46,-6.61,Hover
25.47,23.02,9.59,11.81,7.26,15.19,1.75,0.08,-20.1,81.52,13.37,60.76,40.2,16.3,6.8,-0.22,-3.57,-4.59,Forward
0.52,13.27,28.17,2.53,28.72,20.46,4.81,-19.2,-15.65,-21.16,10.8,51.86,77.27,16.48,5.28,4.21,-0.67,15.09,Turn_Right
14.49,12.24,34.7,23.87,1.25,29.35,0.52,-4.24,-15.45,23.0,8.62,37.95,30.74,20.44,2.15,-4.77,-2.43,22.74,Ascend
30.92,24.25,26.7,22.25,10.31,11.7,0.87,22.28,2.91,69.82,6.86,87.25,75.41,10.54,6.9,4.0,-2.82,24.96,Forward
49.06,44.36,21.82,27.11,8.17,39.31,3.62,21.28,-12.62,-17.27,6.74,28.32,30.89,9.66,8.92,3.93,0.2,21.05,Forward
31.66,19.04,19.49,7.47,1.92,27.48,2.51,9.66,18.7,-4.01,6.38,83.05,67.4,23.73,2.02,-3.63,-3.57,1.38,Ascend
13.14,37.54,42.12,13.96,12.47,15.1,3.83,29.84,-9.19,76.14,10.5,64.04,49.68,9.67,0.56,-0.61,-4.85,37.61,Forward
31.77,5.02,11.12,5.94,18.88,4.15,4.32,23.59,9.65,9.04,10.97,13.17,81.88,1.96,7.53,0.16,-3.38,1.6,Forward
27.09,23.91,36.76,11.45,26.54,7.5,1.26,-21.29,26.91,53.93,7.72,3.14,75.72,7.7,6.2,-0.98,-1.64,35.42,Descend
39.04,49.59,37.92,15.91,29.7,19.66,3.42,-6.05,6.42,78.41,11.11,21.16,94.19,21.84,5.28,3.96,-4.89,29.28,Hover
5.53,38.57,21.08,2.07,24.34,19.94,3.04,-22.08,-15.47,12.79,7.93,91.56,43.9,2.37,4.83,2.13,3.57,9.54,Slow_Forward
38.1,10.68,15.01,21.59,14.33,30.78,4.31,-2.03,19.83,-70.35,1.46,46.77,77.89,17.92,5.23,-3.76,0.84,13.21,Forward
27.16,25.17,23.63,16.53,21.85,29.13,2.16,16.58,-29.25,57.91,12.77,96.78,97.2,6.66,4.06,4.27,-4.73,34.75,Forward
48.16,11.83,4.84,24.95,25.39,8.29,0.27,-20.65,-14.61,57.2,13.06,60.73,40.27,18.64,1.28,-4.54,-2.71,44.19,Forward
17.23,20.6,2.49,8.52,14.23,23.92,2.88,22.83,-6.75,-69.3,4.0,4.9,36.1,12.86,7.87,0.96,1.64,3.38,Forward
31.7,39.05,5.76,27.15,23.66,1.12,4.79,4.14,-18.24,8.66,11.8,101.69,79.21,15.91,4.94,0.23,-4.7,27.88,Descend
46.61,38.61,9.52,29.96,14.74,16.12,0.08,14.94,6.24,-2.32,7.67,112.42,50.1,6.08,8.34,-4.28,-1.23,-5.91,Descend
5.3,11.56,25.31,27.62,11.9,30.63,1.21,-27.29,3.48,62.49,1.86,9.83,45.88,4.2,9.83,1.96,-4.03,-5.55,Slow_Forward
46.87,46.13,42.49,23.45,16.02,16.16,1.59,-24.37,-5.61,-40.57,5.97,25.79,59.11,1.58,2.13,4.63,-1.08,14.8,Forward
34.46,29.71,11.93,24.46,20.44,33.47,3.83,7.25,-12.34,-13.27,1.15,86.15,94.2,20.64,8.04,-0.42,4.68,-8.99,Hover
3.58,19.12,46.77,17.43,21.94,39.05,1.62,20.29,-3.97,18.86,11.8,119.66,17.55,17.76,9.79,0.14,-0.45,40.07,Ascend
15.19,25.2,47.75,6.11,11.02,24.41,1.2,22.43,-12.53,3.1,2.94,105.28,51.91,7.33,7.38,-1.16,1.14,11.25,Descend
35.47,30.33,47.95,20.47,17.35,6.06,3.25,11.3,-16.72,81.91,2.47,12.77,19.91,20.92,2.84,3.75,-0.92,10.97,Slow_Forward
3.55,28.08,41.91,21.53,27.34,15.37,0.24,-17.94,-8.92,82.92,3.13,73.26,89.52,20.84,9.02,4.28,-1.85,7.92,Ascend
29.19,24.42,18.32,29.57,29.3,0.68,0.86,-18.3,6.14,-75.32,3.39,80.16,22.3,3.44,8.04,-1.03,1.11,6.44,Forward
17.42,25.35,3.82,16.47,7.2,24.23,2.05,22.88,8.9,-36.39,10.11,76.07,18.07,17.84,4.77,3.91,1.21,-4.87,Forward
31.12,8.99,28.53,8.51,6.19,32.92,1.78,-23.21,-12.16,-88.64,9.58,68.6,96.74,7.31,5.94,-2.96,1.15,23.41,Forward
2.48,40.67,28.02,20.67,20.46,25.31,1.74,11.16,26.84,-14.79,1.94,35.77,60.7,11.68,7.36,-0.42,-4.73,3.94,Turn_Left
43.6,27.18,42.53,29.39,12.73,31.51,0.55,2.01,-14.28,29.19,10.87,80.55,84.33,10.75,1.68,-2.48,1.97,9.09,Forward
48.68,6.73,49.8,5.73,1.21,32.06,1.81,-4.71,12.73,-5.17,5.24,87.69,52.32,15.0,9.31,-2.76,1.76,8.49,Ascend
48.45,38.35,25.51,10.12,10.73,34.09,3.99,-3.58,-25.11,-77.91,6.86,69.52,49.21,8.68,9.88,3.57,-4.3,8.68,Forward
37.53,46.64,17.39,16.49,24.3,10.89,2.08,26.71,9.89,-54.73,1.87,60.16,92.04,1.83,3.64,2.14,-3.1,38.37,Forward
6.68,47.38,9.46,5.52,24.02,34.89,2.93,21.69,-2.4,-58.81,10.63,27.06,99.09,16.82,7.29,-4.33,0.2,15.9,Slow_Forward
37.96,18.58,0.44,1.16,15.09,26.27,0.83,21.9,4.15,2.0,5.64,65.82,65.67,24.01,4.5,2.57,-1.39,18.05,Hover
1.42,6.95,25.55,10.44,14.44,11.8,0.36,-5.6,-18.96,31.98,9.48,16.26,92.64,16.7,0.76,0.73,0.76,33.12,Turn_Right
1.3,26.02,27.86,26.03,17.6,39.5,4.4,-23.58,-3.99,-33.06,6.41,9.65,87.64,13.49,9.61,2.87,2.6,6.93,Turn_Right
16.32,5.81,41.28,1.78,6.97,38.02,1.66,29.87,15.98,-66.52,0.73,93.56,58.96,4.09,1.85,0.93,0.48,31.83,Forward
24.53,46.71,25.33,13.15,16.02,23.11,1.76,-21.28,16.03,53.75,10.55,81.48,94.7,15.63,1.21,-1.23,-0.41,-0.07,Forward
38.57,9.34,45.84,22.98,0.83,33.78,4.39,0.93,-15.75,64.51,8.29,78.23,28.91,15.28,8.45,-0.05,-2.36,28.96,Ascend
34.23,12.79,31.48,28.62,14.53,10.68,3.54,-14.12,-8.84,-40.23,6.51,111.45,89.64,15.47,0.82,-3.58,1.15,-2.09,Descend
22.41,20.45,42.05,29.57,10.41,16.82,3.78,0.64,-29.77,-14.27,3.02,46.31,37.84,22.31,7.03,-1.89,3.27,27.89,Hover
13.83,19.28,7.59,12.95,20.41,7.6,3.41,-11.7,-24.6,-75.25,9.37,48.57,12.75,17.91,9.34,-4.78,-2.38,15.79,Hover
49.86,39.77,42.8,28.54,19.33,20.95,0.54,23.81,-22.4,-49.01,4.13,50.24,80.84,19.58,4.36,-0.94,2.88,-6.41,Forward
21.42,22.92,33.82,1.54,11.73,19.99,4.79,28.1,-12.38,48.06,6.44,56.37,93.7,7.83,1.15,-4.09,-0.82,23.05,Forward
22.68,8.7,8.68,22.5,0.71,8.75,4.55,-5.4,15.54,-24.26,0.85,62.03,29.51,6.76,2.57,1.61,-3.88,28.03,Ascend
8.35,13.51,9.65,19.46,7.94,27.01,1.19,-25.79,0.62,18.84,11.65,93.58,58.07,5.17,9.51,4.13,4.11,1.12,Slow_Forward
39.78,25.55,46.34,7.86,19.18,4.98,4.02,9.8,17.56,80.31,1.35,26.91,77.44,19.46,4.92,2.41,1.82,41.44,Forward
34.75,7.54,1.8,15.47,2.64,2.75,2.05,-7.4,15.29,40.25,13.36,52.66,39.85,17.46,5.64,-2.93,3.41,2.51,Forward
11.19,30.66,23.23,4.32,3.68,15.58,3.42,29.16,5.23,-8.38,13.01,61.11,23.22,8.55,1.98,0.07,1.55,7.12,Turn_Left
4.3,28.37,15.81,26.21,19.59,16.57,0.84,-24.64,-0.01,-23.96,14.57,21.13,45.3,3.53,9.22,2.12,-3.76,30.48,Ascend
34.09,35.79,33.32,11.06,22.8,12.99,2.7,-22.85,25.88,-55.71,13.63,84.53,51.09,21.17,5.41,3.06,0.42,1.02,Hover
32.79,46.9,42.01,18.97,9.99,10.54,0.64,11.97,4.16,46.11,14.57,7.7,76.8,9.61,5.52,-2.17,1.34,40.67,Forward
13.81,45.63,18.15,5.18,14.95,13.75,2.69,15.52,-1.03,-69.76,13.31,70.72,27.88,4.74,5.97,-0.23,-2.39,25.25,Slow_Forward
47.55,47.31,21.46,6.58,28.4,6.79,1.23,-1.73,22.15,-78.95,1.69,25.05,83.36,3.61,7.79,-3.96,1.31,31.19,Forward
7.72,12.39,49.1,29.76,28.39,16.32,2.27,-13.36,-25.71,-71.13,6.57,2.01,55.2,22.99,2.43,2.26,0.67,-3.46,Hover
21.73,6.75,39.24,22.72,9.57,36.21,3.34,-11.41,9.36,-46.28,1.14,38.58,91.35,3.25,9.45,-0.65,-4.78,35.19,Forward
47.19,15.25,44.88,28.88,24.39,9.21,4.39,-9.72,-23.22,22.88,8.18,52.07,60.92,8.99,2.17,-4.58,3.83,21.29,Forward
21.1,44.78,22.05,9.23,18.02,27.47,0.83,-16.48,19.19,65.04,7.95,98.26,50.22,15.8,2.38,0.29,0.34,32.32,Forward
32.0,48.61,11.86,5.35,29.28,5.93,4.47,21.04,17.56,88.67,13.83,49.53,35.81,10.2,0.62,2.91,0.84,-6.06,Forward
20.0,42.99,20.71,15.34,14.59,14.35,1.96,-26.1,0.22,41.67,14.55,109.94,19.56,11.94,0.69,-4.56,-3.49,23.47,Descend
13.86,5.68,35.86,15.09,23.35,13.05,4.22,-5.56,9.66,-63.72,3.89,101.26,43.45,20.07,4.57,-0.97,3.04,27.93,Descend
49.2,47.38,5.65,5.66,23.16,37.5,2.57,14.86,16.36,-40.01,8.73,23.94,47.23,24.98,2.24,-0.18,0.31,17.21,Hover
20.58,21.28,13.67,22.13,15.17,17.29,4.31,-29.77,-1.0,-66.24,6.97,19.53,61.15,11.68,2.51,5.0,-4.11,35.94,Ascend
44.73,0.66,2.52,11.17,23.97,27.71,3.32,22.68,24.36,-69.2,8.2,30.02,87.39,9.47,9.89,-2.81,2.01,41.68,Forward
11.65,22.23,21.73,6.0,8.2,24.22,2.55,12.38,-3.78,12.19,7.98,43.8,51.74,10.17,9.33,3.19,-0.11,2.26,Forward
10.81,2.49,41.41,10.29,4.11,5.9,1.57,-25.6,23.52,73.21,13.71,70.43,38.29,9.23,3.56,-3.54,-1.65,-6.66,Forward
1.75,27.29,1.43,17.13,13.04,37.6,4.84,23.7,4.96,33.18,13.44,15.77,88.59,11.84,3.76,4.64,4.22,32.52,Turn_Left
32.65,17.06,33.83,21.93,28.34,14.03,4.01,-0.76,-4.43,54.12,1.84,64.31,76.05,8.33,3.27,-1.93,3.21,16.44,Forward
18.55,23.78,46.64,14.72,15.27,2.08,1.91,9.13,-29.75,1.46,5.18,70.11,37.63,11.57,8.88,-3.54,-4.57,-6.81,Forward
43.25,30.74,12.0,16.01,19.24,12.23,0.84,22.92,-12.27,-4.44,11.29,79.65,25.03,23.64,1.43,-1.18,1.99,-5.1,Hover
23.77,43.47,34.74,4.6,18.91,13.62,3.9,22.87,22.08,78.75,10.26,66.46,36.19,7.16,6.05,-4.85,-3.28,2.53,Forward
48.42,33.16,48.76,27.48,4.41,3.98,4.95,-5.48,-4.28,39.95,9.47,99.2,21.13,16.3,2.27,-3.91,-4.83,-9.75,Forward
9.44,21.82,48.12,27.9,12.01,24.91,1.4,-15.74,-4.71,-7.32,14.91,77.35,91.31,12.17,7.7,-0.04,-2.81,15.85,Slow_Forward
43.46,41.01,11.9,20.66,21.35,14.07,4.58,-14.55,-0.64,-30.14,5.05,111.02,65.06,18.31,6.5,4.41,-4.52,10.37,Descend
38.87,45.3,5.2,1.02,29.17,25.28,0.64,15.96,-12.82,-73.24,7.73,84.41,87.72,11.81,4.18,-0.55,1.38,-7.49,Forward
38.59,6.16,7.58,16.34,5.46,0.57,4.76,25.77,-0.51,57.78,14.69,52.9,83.83,4.01,1.43,1.6,2.57,3.26,Forward
42.27,26.69,35.16,19.06,12.61,39.29,3.73,-25.67,-7.45,-59.52,10.43,25.95,23.79,21.81,7.79,2.07,-3.22,30.7,Hover
38.1,14.37,36.34,29.84,3.31,7.07,1.74,-29.1,24.57,2.7,9.73,2.25,49.87,16.89,1.23,-4.63,-2.91,34.41,Forward
31.39,2.54,33.78,29.88,7.65,26.48,1.53,19.38,3.84,24.71,2.32,11.76,97.49,13.15,3.1,-1.78,-3.66,-9.78,Forward
6.74,33.49,16.94,25.8,11.61,28.72,3.22,-6.8,20.05,43.93,3.7,23.57,31.04,20.78,2.91,4.97,0.62,-4.15,Hover
1.82,43.17,8.65,2.38,16.45,7.11,2.97,-13.41,11.21,-75.0,5.66,26.76,14.52,24.4,6.0,-4.93,-0.11,44.9,Turn_Left
46.06,8.31,29.12,28.62,7.3,4.73,4.6,-18.7,-17.24,-88.08,6.97,89.3,41.14,10.23,5.38,-0.3,-4.94,25.68,Forward
30.91,40.66,24.29,18.57,7.21,6.36,3.83,-9.21,22.06,37.08,7.46,46.94,55.99,8.83,3.16,3.37,-1.3,27.67,Forward
39.87,42.7,36.5,24.13,23.45,10.1,2.71,28.29,-24.76,-8.21,13.53,39.62,15.03,18.84,4.59,-2.12,-4.12,10.86,Forward
24.18,45.73,22.18,12.51,28.9,6.98,4.64,28.62,-3.08,-57.4,1.61,7.23,48.4,11.37,4.65,4.97,0.79,17.74,Turn_Right
6.04,13.41,17.06,9.93,10.05,27.06,2.97,-10.11,-15.65,86.76,3.73,65.1,32.81,2.14,5.95,-0.14,-0.26,17.93,Slow_Forward
6.43,45.22,14.82,14.17,20.8,17.01,4.25,27.82,2.25,52.44,2.15,73.94,29.09,8.86,9.03,4.14,-0.41,9.13,Slow_Forward
34.34,16.17,10.73,4.83,8.11,21.65,4.21,-12.01,-12.0,14.13,11.03,105.47,33.75,20.22,1.85,0.28,2.35,27.94,Descend
21.63,27.71,13.43,11.03,27.87,2.18,4.6,21.27,13.37,36.38,14.56,60.84,19.49,17.67,5.8,-1.02,-0.41,21.49,Forward
10.19,2.72,4.92,25.8,20.35,34.49,0.35,-17.28,26.22,-62.1,13.41,1.92,16.9,21.57,0.67,2.1,-0.14,41.9,Hover
24.68,2.39,17.47,1.62,24.18,7.07,2.92,19.59,12.55,83.2,10.85,8.77,63.63,3.67,7.13,4.58,1.33,-9.63,Forward
3.4,36.07,2.02,4.95,1.96,14.6,2.35,-8.78,-8.68,89.35,0.32,33.25,95.3,6.1,6.58,-1.24,-1.99,38.68,Ascend
29.18,22.34,9.48,4.19,18.16,3.15,2.46,-18.26,6.0,26.72,5.21,17.56,82.43,5.37,7.09,3.65,4.37,42.2,Forward
13.6,12.96,37.39,12.39,16.06,5.73,2.3,26.09,23.31,30.3,12.95,92.7,85.05,24.28,5.01,1.6,-2.19,-1.9,Hover
39.92,9.68,16.41,29.91,9.14,26.73,4.19,-17.15,-13.8,36.8,9.8,13.83,76.16,4.22,2.28,-1.21,4.14,2.21,Forward
15.66,33.56,33.48,5.61,8.24,27.8,1.6,29.51,-22.91,29.84,3.14,20.13,96.04,14.95,4.76,-4.45,3.14,-7.22,Forward
22.87,0.22,35.9,4.79,17.61,27.18,2.32,-23.49,-22.15,-11.06,7.0,80.35,95.55,15.82,0.72,-1.89,4.06,2.93,Forward
0.78,40.33,29.14,27.49,21.34,22.22,1.01,-29.4,-0.31,7.32,1.32,29.52,80.05,15.47,4.12,3.31,-3.17,25.16,Turn_Left
3.81,4.15,47.94,26.52,1.48,38.12,1.27,22.25,13.93,-39.11,7.81,116.32,74.44,17.29,8.47,-4.05,-2.69,1.92,Ascend
19.75,9.74,1.27,1.45,17.24,20.43,3.31,5.2,9.44,-9.57,13.52,103.72,37.48,12.1,3.72,0.72,3.48,36.87,Descend
24.1,19.43,36.98,22.68,5.53,18.14,0.59,-4.7,-2.77,-11.5,0.58,89.6,18.2,2.09,6.12,0.12,4.57,40.3,Forward
30.08,24.35,47.95,19.84,4.64,10.13,0.95,-25.08,13.76,-38.13,9.21,41.83,18.36,17.53,2.98,1.62,2.53,-8.48,Forward
14.72,17.88,43.14,23.15,18.88,4.22,2.64,4.49,8.04,51.61,3.5,7.76,76.26,7.03,1.78,4.39,1.38,17.88,Forward
34.81,16.17,8.56,15.09,9.67,22.06,0.23,-6.38,7.69,-16.26,14.86,41.03,12.55,1.9,5.45,2.52,3.09,-9.14,Forward
43.03,48.2,16.48,29.75,13.51,12.8,0.64,-0.98,-17.86,9.31,0.98,45.83,83.48,4.24,0.84,0.11,-4.58,24.06,Forward
39.04,32.15,8.79,1.79,11.12,21.1,4.32,7.82,-11.24,-61.9,9.26,16.16,42.98,7.18,9.09,3.3,3.54,9.11,Forward
2.17,1.37,30.15,7.41,19.63,8.48,4.23,8.4,-9.33,-4.51,3.85,15.36,27.29,10.81,7.88,2.02,-2.19,36.52,Turn_Right
24.13,21.62,35.67,12.2,14.37,33.58,1.75,27.64,18.49,47.06,13.24,80.5,46.68,21.53,9.98,3.96,-4.43,40.46,Slow_Forward
5.43,43.78,15.99,13.77,28.92,39.99,1.75,9.3,16.51,-9.99,1.83,28.66,73.29,13.41,9.94,2.24,1.82,17.42,Slow_Forward
12.25,15.21,27.07,27.68,10.9,13.1,4.68,-9.64,-14.84,10.39,6.44,81.68,34.76,11.8,7.43,2.53,2.53,42.4,Slow_Forward
49.34,4.91,34.61,17.02,22.34,33.74,0.14,-10.22,-26.69,36.31,2.78,66.25,25.63,4.78,7.88,-4.16,1.27,37.67,Forward
7.3,37.97,21.18,1.83,8.09,34.96,2.91,-1.37,16.07,-19.98,11.99,108.27,76.41,23.98,5.52,-4.96,-1.5,-4.69,Hover
25.04,30.38,42.73,12.53,15.51,39.84,2.99,-14.44,-5.41,-26.41,5.27,95.86,89.26,22.71,2.58,4.56,-3.83,9.59,Hover
30.98,28.6,38.62,12.79,16.8,13.91,3.94,-7.41,-16.81,-74.57,2.8,19.01,62.7,20.4,8.18,-2.48,2.69,8.72,Hover
35.18,2.87,3.42,28.98,10.21,30.31,4.76,20.53,-22.98,14.81,10.89,73.61,57.15,8.08,3.06,-3.35,-4.53,6.7,Forward
28.07,7.2,31.13,18.18,14.42,9.38,1.79,21.59,-29.23,37.25,12.26,78.72,77.94,14.04,6.67,-3.41,2.6,33.86,Forward
0.69,31.2,11.92,19.25,8.74,25.1,2.19,7.67,-4.34,14.63,6.94,103.58,75.94,9.72,7.44,2.38,4.57,6.55,Turn_Left
16.46,10.55,27.96,21.54,0.68,28.28,3.36,4.97,-9.61,-38.97,5.68,77.27,10.57,10.07,5.86,-4.54,4.97,10.86,Ascend
25.98,25.3,47.85,23.22,6.86,29.72,4.84,-4.37,11.79,-42.78,9.48,17.74,35.37,1.8,6.8,1.61,-1.04,-5.28,Forward
4.58,27.34,43.98,19.23,21.15,8.52,4.46,8.15,28.6,-61.29,9.77,31.76,93.88,3.5,3.28,0.71,-3.91,18.6,Ascend
17.66,14.32,20.34,7.5,23.24,33.99,3.34,18.36,-17.59,-81.54,9.91,76.87,96.42,24.03,7.72,-3.53,-4.05,-3.56,Hover
1.85,47.43,14.72,26.28,8.77,17.01,4.29,14.27,-15.42,-13.16,4.14,109.52,55.93,15.25,9.46,-3.65,-0.08,37.8,Turn_Left
4.11,42.15,11.87,22.1,12.54,8.89,0.44,-27.87,-9.76,-61.11,14.12,107.09,60.41,0.16,5.1,-3.67,2.92,33.91,Ascend
19.97,36.17,26.72,22.39,1.6,21.84,1.89,13.87,-2.04,34.34,3.2,43.74,10.06,20.23,1.65,-2.4,-4.52,6.62,Ascend
6.81,4.08,5.89,29.9,7.49,34.58,0.08,13.2,11.86,83.11,5.61,99.85,70.51,2.18,6.39,1.42,-3.32,-9.75,Slow_Forward
28.46,5.49,27.55,24.17,23.49,38.69,0.9,-24.06,-8.88,-76.77,4.26,61.84,29.12,17.7,3.74,-2.93,0.89,-6.07,Forward
34.54,24.74,0.27,24.96,18.38,30.0,3.16,-20.99,-23.75,70.73,13.97,56.26,21.51,15.52,4.48,1.6,-4.15,1.99,Forward
40.07,8.2,16.33,28.57,6.57,0.52,4.43,17.27,13.82,28.39,12.43,42.76,37.42,1.57,1.94,4.72,3.78,17.4,Forward
10.17,48.92,11.15,4.96,8.09,5.65,3.17,3.54,17.68,64.85,12.17,81.71,69.84,13.27,6.44,3.62,0.03,30.22,Forward
8.54,8.09,48.57,15.18,24.6,3.33,3.32,19.3,-15.14,-62.11,0.07,72.35,49.27,1.19,7.98,2.98,-1.13,-4.56,Slow_Forward
5.41,24.48,36.42,17.63,6.67,4.32,0.53,-18.92,-21.79,73.17,10.29,45.58,41.42,1.61,7.78,4.49,-4.87,28.96,Slow_Forward
31.89,18.33,17.61,10.21,10.36,15.51,3.33,-28.16,1.67,82.42,3.45,91.78,75.41,1.28,9.94,1.12,-3.87,20.07,Forward
35.38,32.04,4.82,25.26,20.1,13.74,2.28,-20.28,-17.5,73.21,14.52,46.14,83.23,6.39,2.52,2.69,3.28,24.08,Forward
1.77,6.63,25.94,22.99,17.05,4.81,3.26,-2.85,-7.55,51.39,7.96,70.54,88.23,20.04,9.18,2.74,1.99,41.03,Hover
46.82,21.63,10.83,21.77,14.1,35.32,1.64,1.4,16.64,-73.75,8.47,47.69,50.03,9.06,7.46,4.75,-4.8,42.41,Forward
2.79,13.88,26.91,29.92,27.04,24.73,2.91,21.46,-16.82,-50.27,5.35,14.91,74.6,15.99,7.22,1.47,4.74,30.55,Turn_Right
27.16,44.41,41.8,8.15,6.98,31.92,2.13,12.97,18.38,74.36,8.05,20.18,89.67,3.12,7.0,-2.27,-1.47,28.1,Forward
35.51,2.22,30.87,22.2,22.37,15.05,2.8,29.42,10.44,-48.7,11.25,79.15,91.8,23.32,5.61,-3.04,1.06,31.95,Hover
43.57,45.7,31.76,16.77,5.19,16.59,0.74,-25.28,-16.82,-27.41,8.43,97.54,54.29,12.61,4.1,-1.93,2.23,27.02,Forward
35.76,41.68,27.14,9.73,18.66,12.91,1.99,-22.19,1.58,-80.91,9.62,56.75,41.98,0.61,9.46,2.62,4.57,-9.44,Forward
40.13,15.02,46.38,5.24,26.18,17.71,1.88,-24.94,6.84,23.06,7.09,39.74,91.02,13.44,1.94,1.57,3.9,44.82,Turn_Left
17.1,39.51,46.61,26.93,14.01,24.53,3.68,2.31,-17.98,11.39,10.75,41.04,33.53,4.61,2.17,-2.81,0.97,25.03,Forward
40.78,1.75,25.73,18.07,21.87,19.87,3.53,-13.99,-21.3,83.12,13.49,72.12,81.72,4.9,0.66,3.6,-3.61,16.88,Forward
4.19,48.35,15.43,24.84,24.7,33.57,4.55,11.02,1.87,70.62,0.77,56.66,91.78,15.01,7.52,4.81,3.45,14.9,Forward
44.76,26.42,23.09,16.59,4.51,36.04,3.16,-22.04,11.63,1.07,1.61,1.09,76.57,5.66,8.99,2.57,3.17,2.88,Forward
27.47,15.3,9.49,6.99,21.32,18.95,1.58,-23.81,-2.1,19.68,10.28,92.81,71.19,5.35,2.27,-4.38,1.39,16.23,Forward
40.9,18.26,31.89,10.46,27.64,9.82,3.92,-2.39,-25.8,-15.62,5.67,17.94,14.56,13.52,0.83,1.28,4.89,30.34,Forward
22.73,3.51,25.1,11.76,17.5,37.82,2.49,-7.45,25.51,-66.16,4.22,81.3,28.31,5.89,2.82,4.38,0.28,3.98,Forward
32.25,49.47,5.34,29.2,5.99,29.48,0.98,19.75,11.7,66.2,2.68,41.96,69.99,2.76,8.89,-1.87,-2.86,36.49,Forward
26.41,2.16,10.04,0.67,4.24,25.71,3.74,20.25,7.27,8.92,8.59,69.78,80.67,10.21,0.65,0.85,-2.46,1.59,Slow_Forward
36.63,32.81,24.09,29.58,8.16,29.89,0.67,-22.95,8.62,-13.43,5.21,102.76,15.71,1.3,1.46,-2.73,-0.93,37.21,Descend
4.27,22.25,44.4,29.42,3.55,3.32,0.9,18.74,-6.08,-77.68,7.62,19.36,11.72,22.63,0.74,3.81,-0.77,22.12,Ascend
3.21,47.46,28.41,29.89,15.65,2.98,3.8,3.85,29.06,29.77,14.38,93.54,38.04,11.29,9.46,3.7,3.31,36.07,Hover
12.51,12.45,34.14,14.56,2.56,6.38,3.85,0.21,-22.04,-18.06,11.37,5.56,68.05,0.33,1.79,-1.36,3.87,12.93,Forward
8.15,26.7,17.08,28.93,7.09,6.15,3.96,-24.31,14.35,-44.33,11.94,110.64,56.08,5.62,9.05,-1.5,-1.17,7.67,Slow_Forward
43.61,24.22,28.66,12.17,13.48,17.0,1.47,14.38,-4.75,67.82,1.86,24.99,10.75,23.95,5.0,-5.0,4.45,28.37,Hover
11.12,35.2,22.48,1.28,14.48,6.55,4.33,-26.42,22.87,-56.95,4.87,95.54,23.65,12.41,4.25,-1.83,4.28,9.96,Forward
48.8,3.59,33.02,7.12,17.18,34.22,3.62,-13.34,13.04,2.7,1.59,9.0,77.7,8.97,4.55,2.81,-0.89,42.4,Forward
16.98,9.85,2.72,28.39,21.32,23.25,4.17,-24.27,3.74,53.24,14.53,39.92,36.79,7.88,4.48,-4.71,3.68,30.73,Descend
9.27,10.89,24.77,0.91,1.89,14.92,3.55,1.85,26.26,62.83,10.23,76.39,20.55,10.42,3.75,-2.97,-3.87,13.62,Ascend
39.53,36.96,14.94,16.61,2.88,3.06,2.9,8.71,24.75,57.37,0.29,79.4,14.58,5.29,8.2,2.3,0.11,-0.46,Forward
33.0,9.62,16.44,2.73,2.3,23.76,0.56,23.45,-26.86,71.39,7.13,84.16,86.54,18.73,5.33,1.48,2.13,20.61,Forward
25.01,28.76,48.05,8.95,12.98,4.93,3.56,14.03,-18.44,-64.38,3.95,42.75,52.45,12.71,9.91,4.87,-1.54,22.76,Forward
27.86,10.92,9.3,3.1,1.73,29.81,3.46,27.67,10.56,79.28,8.1,80.25,55.33,18.79,5.42,-1.09,-4.77,43.28,Ascend
36.02,43.11,15.7,25.86,22.51,32.17,1.57,15.66,25.31,-88.06,2.68,51.99,15.52,6.36,8.28,-3.67,-4.45,30.91,Forward
11.58,47.12,25.59,17.94,7.08,21.9,3.68,-12.12,-4.18,-43.94,0.85,68.34,53.97,0.04,7.58,1.65,3.95,3.95,Forward
49.82,26.02,43.18,27.11,28.21,6.24,2.76,2.86,-27.7,-74.87,4.85,66.12,68.12,24.16,4.31,-4.21,0.18,4.4,Hover
48.74,17.74,20.95,20.81,14.85,31.54,2.8,-2.52,8.6,80.2,4.43,21.01,21.05,12.8,7.99,-3.83,-3.48,21.91,Forward
32.59,11.86,37.24,29.15,13.67,12.52,1.84,3.96,-18.32,-13.69,10.75,101.75,91.23,1.99,1.97,0.68,4.02,-3.44,Descend
10.14,2.68,42.85,15.54,23.53,9.14,0.59,4.33,3.14,-33.25,7.12,104.19,80.5,2.59,2.43,-0.28,4.42,28.25,Descend
34.08,13.57,15.64,19.34,21.54,18.98,1.09,12.13,-6.92,-59.92,4.37,25.24,82.17,10.87,6.38,-2.36,-1.74,-5.65,Forward
3.8,32.78,19.76,17.5,18.42,36.93,3.85,-25.02,3.48,-61.95,8.56,50.57,58.29,17.38,7.26,-0.22,0.86,21.53,Ascend
1.73,26.77,17.96,14.79,28.09,12.11,1.36,14.8,25.95,20.51,1.07,56.32,40.05,9.92,6.62,3.68,-1.74,44.03,Turn_Left
13.03,47.21,41.68,25.46,12.96,36.25,0.02,-21.38,-0.85,-81.52,9.94,66.32,67.64,20.5,5.34,2.25,2.25,38.01,Hover
23.24,19.93,2.41,19.51,24.35,2.43,4.99,-28.43,-27.93,16.98,2.21,3.65,30.28,8.23,1.81,-0.45,4.48,36.44,Forward
43.44,34.75,15.56,24.14,11.71,3.62,1.06,1.13,4.86,49.44,4.2,91.3,22.32,1.14,4.04,-1.89,-4.72,31.25,Forward
36.41,24.57,34.03,23.7,25.23,28.03,3.28,4.89,-10.46,18.18,4.23,103.57,58.45,0.21,6.25,0.82,-0.29,41.09,Descend
37.19,25.73,28.36,6.14,8.15,7.87,4.64,-27.91,16.69,58.78,6.99,17.92,53.08,21.49,2.65,-4.97,2.99,41.15,Hover
21.39,13.54,21.93,19.68,9.03,12.87,3.0,0.92,-1.8,-42.25,14.3,107.7,23.53,24.61,6.56,2.33,1.89,-1.08,Descend
17.43,22.86,27.09,6.39,20.5,5.71,4.0,2.07,14.48,-76.11,4.87,102.26,57.74,3.32,2.73,3.02,-3.18,2.57,Descend
18.68,23.65,10.04,17.71,6.78,13.49,4.88,-26.85,24.53,39.78,4.22,65.53,59.18,1.55,1.43,-3.78,-1.08,40.84,Forward
49.38,35.39,21.65,20.48,7.26,11.43,4.3,12.7,-8.26,59.06,2.53,33.69,88.44,22.86,3.58,-0.97,-0.32,5.11,Hover
2.2,47.04,25.18,29.92,9.51,29.53,2.79,-17.38,29.36,0.3,5.88,25.69,78.33,2.52,3.09,-3.55,2.45,10.88,Turn_Left
43.38,16.6,45.08,1.4,20.53,28.17,1.82,17.67,-21.01,57.71,2.73,59.21,29.58,5.71,8.2,4.49,-0.41,-7.71,Forward
29.02,2.3,13.19,3.19,26.74,38.21,2.42,-11.35,8.64,-7.57,2.07,61.36,83.61,20.04,5.09,3.26,-1.86,39.46,Hover
22.04,24.92,43.42,2.77,20.4,29.06,4.21,-1.33,-27.91,-54.27,12.86,78.57,97.21,24.95,1.11,-4.8,-0.85,-6.03,Hover
36.32,27.31,32.28,12.25,24.92,27.88,4.27,23.51,-17.22,-4.61,0.79,96.39,74.5,12.15,8.25,4.7,4.67,19.13,Forward
24.44,8.59,1.21,24.74,16.54,27.86,4.23,18.37,8.03,-51.13,10.66,112.21,80.83,5.27,3.05,-3.58,-4.53,2.08,Descend
43.7,38.07,36.29,25.4,2.53,35.35,2.99,16.91,-27.23,-5.03,3.04,95.76,33.98,21.19,5.89,-4.16,-1.66,-8.49,Hover
45.05,49.25,1.97,22.24,3.46,12.06,2.39,-20.37,-23.89,-63.44,0.18,109.18,99.27,9.86,5.64,-4.67,-3.02,5.94,Descend
21.2,47.3,49.87,26.96,16.85,12.21,1.56,-27.11,-12.54,-56.6,11.93,60.42,25.88,6.82,9.73,2.91,-0.99,26.52,Forward
13.99,10.02,43.66,10.02,10.17,29.73,0.03,6.35,4.54,68.92,10.53,5.63,77.58,12.26,2.92,4.25,0.86,-5.1,Forward
29.7,43.79,15.01,3.1,7.01,9.38,3.82,-5.36,-29.04,-69.15,5.01,7.17,45.57,21.39,1.88,-4.04,-3.06,36.82,Hover
45.64,35.28,13.02,2.22,14.25,36.51,1.39,24.54,-1.06,-49.63,1.19,32.95,42.12,5.83,2.96,4.83,-0.74,28.05,Forward
10.69,22.8,19.2,25.64,20.16,21.53,1.66,-9.02,7.54,89.19,5.41,74.06,35.66,10.6,5.98,-1.84,3.28,-6.79,Forward
31.22,27.12,17.94,22.05,11.86,12.21,4.22,-5.37,-5.85,13.68,2.72,40.89,49.7,11.11,2.57,1.79,1.42,12.21,Forward
31.65,42.51,18.74,21.11,24.17,31.11,0.27,1.56,-25.94,15.45,13.99,20.77,81.18,20.82,3.73,4.86,1.79,34.48,Hover
36.71,24.11,16.05,10.52,22.29,12.7,4.64,17.78,6.65,62.09,7.94,102.21,94.69,16.9,6.75,-4.92,4.4,41.26,Descend
6.75,18.79,31.13,11.71,22.18,38.54,0.02,-13.9,6.35,4.38,14.46,118.21,47.46,19.51,1.61,0.47,-0.91,24.59,Slow_Forward
35.85,24.76,8.38,28.76,29.56,39.32,4.7,26.51,0.36,-50.08,5.27,2.98,68.65,17.33,9.48,1.56,4.98,27.46,Forward
45.47,29.04,42.33,2.38,9.21,26.77,2.28,2.4,11.59,-13.96,8.35,11.64,80.94,14.82,5.56,-1.29,-1.18,38.22,Forward
9.15,9.62,40.66,23.33,19.52,4.81,0.52,20.46,-17.53,45.9,2.85,60.42,18.98,3.31,5.09,-3.9,-3.17,15.0,Slow_Forward
12.03,45.07,23.93,9.63,25.74,10.75,3.37,1.54,10.71,67.04,12.13,41.18,96.45,20.82,3.95,1.21,3.07,28.9,Hover
48.58,33.77,42.67,1.65,17.6,20.76,4.48,16.32,-20.31,-40.82,0.62,94.08,29.05,15.18,2.83,-4.53,0.1,21.77,Turn_Right
9.21,31.74,12.51,22.41,23.79,34.1,2.2,-26.91,-6.44,-42.84,10.43,78.86,92.36,17.53,5.09,4.23,-1.55,28.23,Slow_Forward
42.75,5.15,1.07,10.26,12.73,7.64,3.46,17.95,-25.95,-31.03,5.87,9.15,98.79,19.47,5.12,-0.38,-2.54,38.53,Forward
24.72,30.29,31.04,21.8,17.92,4.44,4.9,1.44,19.15,17.32,8.68,65.84,19.04,7.79,1.03,4.1,3.21,33.44,Forward
12.51,6.22,23.0,21.38,2.14,3.26,1.21,-3.04,2.29,-39.87,8.88,41.05,90.35,10.93,8.55,3.37,0.64,-2.99,Forward
43.56,4.12,28.44,16.28,29.58,20.43,4.1,-23.3,28.26,70.76,10.66,115.85,67.68,13.53,8.3,-4.96,1.24,41.26,Descend
22.38,26.46,44.99,23.43,24.1,35.42,1.48,14.49,26.54,86.04,3.06,57.56,83.61,8.57,4.75,-0.41,-0.38,-7.25,Forward
25.84,20.26,48.5,17.64,26.13,1.98,2.14,-22.13,29.91,32.24,7.97,111.39,19.82,6.46,3.7,3.88,-2.86,31.62,Descend
18.09,29.52,31.8,8.96,20.98,8.73,1.42,-18.46,-23.92,84.65,6.4,4.59,85.08,19.42,5.24,-1.28,-1.62,5.69,Forward
29.73,4.64,38.25,22.16,5.99,27.82,2.24,-22.41,6.39,-38.19,4.23,13.29,66.34,18.84,2.6,-1.77,-3.71,32.89,Forward
8.34,21.66,4.37,17.88,1.42,33.09,0.04,-29.61,-5.55,56.73,7.44,46.97,55.96,20.79,0.51,1.86,-1.59,-9.19,Ascend
19.68,8.9,8.2,0.88,26.01,32.35,1.52,9.71,1.96,32.12,14.28,106.55,60.4,17.42,3.87,2.05,4.13,2.13,Descend
48.48,49.36,36.71,27.1,12.19,31.47,2.23,-13.75,-11.47,-42.63,14.23,65.81,77.0,7.79,0.67,1.43,0.75,-5.6,Forward
13.06,28.15,21.68,16.6,8.28,5.45,3.16,-21.03,-27.12,-32.69,4.18,99.07,36.79,8.18,0.89,-1.37,-4.54,31.39,Forward
32.91,34.43,22.41,26.12,17.07,16.07,3.19,-10.8,12.47,-2.05,13.26,34.74,94.91,13.19,0.78,-4.36,2.64,0.67,Forward
16.39,16.41,15.57,26.54,12.92,39.39,2.92,-0.05,27.95,52.5,13.15,14.27,37.69,20.89,8.86,4.23,2.68,41.02,Hover
38.72,4.92,30.45,13.63,19.72,39.56,1.47,0.2,1.94,67.0,3.74,30.28,88.94,8.66,1.86,-1.83,2.59,12.6,Forward
6.72,48.8,9.42,15.48,14.77,24.22,4.74,-7.97,-10.23,24.11,8.98,77.79,11.09,19.15,2.92,2.96,1.17,29.56,Hover
48.5,14.46,31.42,12.76,21.07,28.46,1.97,-0.3,26.3,39.88,13.05,104.7,92.48,7.64,5.16,-1.48,-4.68,35.37,Descend
22.8,21.31,8.86,13.76,25.68,38.07,1.09,-4.36,-8.12,-42.51,7.72,55.14,86.64,8.46,5.53,-0.05,-1.17,42.42,Forward
11.96,32.56,3.38,26.91,6.27,18.16,2.78,19.36,24.87,43.39,5.55,24.04,21.18,18.81,1.66,-1.26,-1.75,15.39,Forward
3.86,1.43,16.65,23.75,10.22,5.73,3.75,-28.22,21.34,18.9,9.76,76.88,76.32,16.96,9.14,-4.19,-4.79,26.91,Ascend
8.65,40.55,11.71,4.23,13.39,26.86,0.07,22.08,1.72,-49.87,2.59,24.44,43.67,5.21,2.7,-1.71,-4.14,10.04,Slow_Forward
26.08,26.92,44.47,18.5,28.88,38.42,1.39,-15.37,10.61,81.03,2.43,68.86,53.18,20.68,9.45,4.56,-0.8,5.59,Hover
16.98,14.06,2.94,29.88,11.28,27.98,4.13,13.31,12.02,2.31,12.49,13.17,16.17,19.62,2.94,-3.9,3.81,27.78,Forward
41.48,3.27,9.0,18.07,11.74,32.19,2.54,-5.7,8.47,53.0,0.63,97.53,29.13,19.94,0.52,0.56,4.62,12.23,Forward
21.66,8.29,27.53,23.68,19.78,17.08,2.05,-12.34,-20.36,4.61,12.05,96.81,95.83,11.76,9.73,4.68,2.43,21.48,Forward
12.59,44.77,24.16,23.19,12.87,4.13,4.66,6.92,11.57,77.93,4.36,65.41,47.62,8.22,5.1,-4.79,-2.74,0.92,Forward
30.93,34.36,2.48,10.83,28.56,7.0,0.46,16.13,-29.81,-64.57,7.25,5.54,12.34,21.24,8.85,-4.31,4.22,29.31,Hover
35.4,12.65,0.56,11.47,26.89,39.31,3.08,-3.0,12.6,8.31,8.15,34.34,56.36,14.71,7.48,4.09,4.78,43.32,Forward
8.52,3.47,49.41,21.86,15.65,19.88,1.72,-2.01,3.29,-85.47,11.51,17.46,99.52,23.27,2.2,2.36,-0.7,19.58,Hover
8.55,34.59,33.01,15.25,19.52,0.78,0.36,-26.47,-14.41,-54.47,13.26,63.29,39.95,6.35,8.53,0.45,0.22,18.6,Slow_Forward
2.03,28.71,18.4,17.33,2.21,38.23,1.08,25.44,18.23,-39.42,12.06,13.11,22.71,24.39,0.99,0.37,-1.54,36.99,Turn_Left
36.87,20.35,23.63,21.53,21.02,20.06,3.14,20.81,-5.68,-4.93,8.59,104.5,67.92,9.48,5.32,4.75,3.52,-1.66,Descend
33.26,18.31,13.47,23.44,21.36,33.5,0.15,-6.12,-0.85,57.63,5.22,102.17,92.78,9.61,2.91,-4.79,-2.02,11.64,Descend
23.84,11.0,17.37,8.51,11.1,22.07,2.97,15.9,-28.34,-6.0,7.9,19.58,87.32,5.97,3.94,-2.3,-3.91,-0.44,Forward
42.24,33.55,32.52,4.83,6.98,4.34,4.78,-11.2,-5.92,11.01,0.45,83.69,69.13,24.13,7.69,-1.83,-0.44,20.05,Hover
40.32,48.54,44.16,9.11,27.49,24.74,3.98,13.83,-19.96,76.33,3.67,83.88,26.57,0.99,6.99,-3.81,-3.3,23.9,Forward
29.35,8.95,9.37,15.47,13.09,39.9,1.73,1.0,-13.43,46.18,5.49,48.21,80.59,11.83,4.68,-1.43,-0.69,40.27,Forward
43.44,29.94,42.05,10.59,19.78,1.68,0.7,-2.35,-14.87,-80.96,4.8,19.21,84.09,9.14,0.94,-1.3,0.85,35.7,Forward
10.45,21.32,6.25,17.27,1.48,33.72,2.33,-26.61,-27.24,-58.24,1.43,16.72,86.46,3.98,0.88,4.59,3.03,25.56,Ascend
5.77,22.45,10.91,2.08,12.71,9.65,1.97,27.93,-2.37,-83.12,0.76,89.0,46.35,17.83,7.17,-0.58,1.92,32.61,Slow_Forward
13.63,12.86,2.05,15.54,24.61,15.94,4.86,20.24,1.36,-77.57,6.31,27.2,46.8,22.46,9.51,4.35,2.39,24.58,Hover
3.04,41.29,7.21,11.36,11.93,15.1,4.95,17.6,4.26,-29.01,1.12,72.81,23.96,6.09,8.55,3.1,0.91,21.4,Ascend
26.65,24.37,45.88,16.27,18.29,35.98,2.06,-11.71,-2.27,41.01,4.29,104.04,79.54,12.44,1.66,2.37,-4.19,-7.37,Descend
46.84,27.26,23.08,12.96,6.69,20.33,0.75,-12.62,22.17,-46.02,7.12,71.58,76.35,14.46,1.65,-1.69,3.8,-8.66,Forward
2.16,15.38,4.07,8.88,12.79,18.05,4.55,4.39,-27.74,-19.39,3.15,116.9,18.98,9.76,6.3,-0.73,1.98,36.87,Turn_Left
6.28,9.25,47.99,27.17,27.87,32.78,3.97,20.77,6.83,-19.1,1.19,77.81,11.81,23.04,6.75,-4.55,2.9,5.51,Hover
22.72,4.48,43.97,5.95,17.21,2.24,2.56,26.08,21.97,16.26,6.48,38.44,95.65,11.54,6.36,-1.23,4.41,9.3,Turn_Left
46.71,35.76,37.78,20.6,27.11,3.73,1.83,-13.86,-27.54,70.73,6.73,102.44,11.55,24.57,8.91,3.7,4.68,14.72,Turn_Left
15.94,9.97,46.69,27.78,27.11,1.16,2.25,6.44,-0.22,86.98,13.73,38.0,66.57,7.38,2.69,2.81,4.63,-7.67,Forward
25.46,34.57,11.16,16.39,28.35,27.61,4.51,13.43,5.34,18.83,1.92,116.62,50.83,1.83,2.14,3.08,-2.3,42.89,Descend
2.27,19.64,41.85,26.35,26.91,21.17,0.93,-16.42,-18.55,0.91,9.22,57.85,79.97,14.37,9.18,-2.78,3.52,-4.33,Turn_Right
7.59,20.91,34.56,4.18,0.6,35.08,4.04,-5.55,-14.85,32.74,4.8,114.44,17.9,20.58,7.36,-2.9,4.59,43.25,Ascend
49.33,23.57,43.51,15.07,28.05,20.09,0.1,-18.75,17.14,30.25,1.85,22.85,71.41,9.71,7.26,1.63,2.06,28.93,Forward
48.26,18.51,39.89,13.98,4.56,9.11,4.6,11.93,4.04,4.31,5.9,2.36,65.34,4.63,3.69,1.51,2.16,41.87,Forward
0.45,5.21,17.46,0.74,1.68,32.26,2.51,21.83,-11.05,42.65,6.42,24.34,86.82,18.46,6.46,-3.05,3.84,-7.13,Turn_Right
47.6,15.62,38.77,13.58,2.13,11.98,1.14,22.65,15.89,-1.57,5.45,12.71,56.67,6.77,7.4,2.2,-2.12,14.61,Forward
32.03,33.25,13.27,11.39,10.79,37.45,0.02,10.21,14.8,89.36,11.49,88.34,75.55,19.24,6.2,-1.24,-3.08,42.4,Forward
43.42,33.36,16.56,20.26,18.81,10.24,2.8,-9.17,-9.28,-81.18,12.59,32.48,49.38,6.56,7.49,3.87,-0.63,25.55,Forward
22.85,14.45,5.57,28.18,12.37,6.96,1.23,9.66,-0.68,-10.22,2.23,77.1,98.56,13.93,6.11,-1.36,4.5,20.07,Slow_Forward
25.88,23.11,46.77,3.03,1.25,19.88,3.16,21.86,9.87,-18.54,2.52,80.57,60.35,22.19,9.83,-2.7,-4.4,26.94,Ascend
24.54,9.83,14.69,10.16,14.56,2.31,1.41,7.55,-9.41,48.65,6.32,82.9,77.82,5.12,5.17,-3.04,-0.57,0.24,Forward
33.41,10.68,26.13,13.6,13.54,1.75,0.45,-5.23,7.74,-55.65,4.8,100.08,18.36,20.52,0.62,3.98,1.91,31.03,Descend
7.15,1.35,19.69,13.93,22.83,19.99,2.53,25.19,-14.94,-11.87,12.29,18.73,51.65,6.64,2.05,3.6,1.51,5.16,Slow_Forward
1.69,44.86,48.0,23.36,8.75,8.84,2.83,20.11,-12.48,35.63,14.95,7.01,15.8,16.52,9.66,-0.74,3.1,5.49,Turn_Right
15.53,10.69,16.89,13.58,6.92,0.67,2.27,22.95,-11.36,18.57,2.72,4.53,20.95,6.09,4.96,-2.59,-2.3,22.86,Forward
35.29,11.53,38.97,1.3,8.05,12.05,2.3,24.19,26.16,8.12,11.44,13.35,55.55,2.86,1.64,-2.15,-2.66,-8.84,Forward
10.25,14.12,42.8,21.45,9.46,19.25,2.95,-6.37,20.02,-11.71,9.11,46.12,41.71,16.6,1.98,-1.15,3.27,-7.03,Forward
33.74,6.54,21.89,26.6,18.18,15.95,2.64,21.58,3.91,45.36,9.67,116.12,51.38,14.87,0.78,-4.56,3.26,-9.13,Descend
48.5,32.04,19.03,15.66,14.41,5.68,0.67,4.22,3.83,26.36,3.97,43.03,54.65,10.04,2.65,-4.33,-2.51,32.17,Forward
4.88,3.94,37.44,17.64,10.44,23.31,0.99,-27.71,-26.63,67.45,1.46,54.9,24.38,0.92,9.87,4.27,-0.6,-8.52,Ascend
33.7,6.88,45.66,5.31,11.54,28.5,0.72,8.15,8.97,41.94,8.15,97.91,42.92,11.88,3.62,2.66,-0.48,-4.74,Slow_Forward
22.3,32.31,37.8,7.01,11.44,27.12,3.47,-1.76,-10.31,-64.73,9.2,110.31,87.45,3.72,2.88,3.14,0.13,23.36,Descend
43.43,17.12,11.51,7.44,29.19,15.93,2.65,-13.49,6.74,21.52,14.45,116.6,87.09,8.99,6.84,-0.21,3.36,16.12,Slow_Forward
9.02,35.46,44.44,13.21,7.37,5.76,2.15,28.22,20.41,-81.98,10.13,99.35,54.16,14.65,6.9,-1.35,1.03,10.13,Slow_Forward
34.69,27.96,19.5,27.88,24.63,20.13,3.99,-26.7,-27.27,-20.27,6.66,60.8,77.42,23.48,9.69,-4.08,0.18,9.56,Hover
41.94,12.95,28.9,15.89,21.39,35.65,1.64,26.75,6.42,-15.85,14.91,28.31,77.82,12.78,7.43,0.58,-2.11,37.27,Forward
47.24,32.61,41.61,6.17,0.66,18.91,2.84,-20.44,3.85,63.88,5.6,72.21,13.97,4.87,1.54,2.43,-4.6,-5.72,Ascend
34.23,5.99,9.58,8.35,29.8,8.07,0.38,-7.38,-17.59,-57.53,2.44,24.42,64.98,23.66,9.86,-3.04,4.18,40.94,Hover
24.96,26.91,39.27,11.83,22.81,3.99,3.72,-4.97,8.79,25.84,9.27,7.63,82.41,0.65,7.63,-1.11,2.16,2.97,Forward
30.97,21.97,29.89,18.89,20.63,37.77,3.48,13.86,3.29,-55.37,3.99,110.4,63.46,16.07,2.96,4.27,-4.26,16.82,Descend
43.47,13.54,44.69,13.48,12.46,29.8,4.01,-17.06,16.04,80.76,13.83,58.69,58.74,6.56,2.98,3.44,-2.02,42.64,Forward
28.62,30.28,8.76,12.08,16.88,12.72,4.42,29.17,-23.36,5.31,6.42,61.48,57.81,18.94,9.62,2.98,1.47,25.14,Forward
1.71,43.59,21.15,17.16,7.97,12.03,3.79,14.94,-3.38,37.48,2.24,73.5,55.72,8.28,2.33,-4.61,-2.91,3.82,Turn_Left
46.56,49.95,41.68,7.63,1.55,35.84,4.22,17.4,29.88,26.38,2.12,54.72,80.05,10.72,2.66,-3.34,-3.95,44.03,Ascend
34.54,30.47,1.16,2.83,25.16,7.35,1.73,-23.61,11.36,-35.35,9.74,53.89,67.82,19.26,3.91,-1.94,0.5,34.8,Forward
33.89,20.35,5.79,1.22,26.95,21.54,1.72,-1.42,11.06,72.22,5.49,109.9,29.4,22.45,6.95,-1.96,-1.71,7.28,Descend
10.94,11.42,49.53,7.91,5.29,28.63,4.72,26.74,-10.93,22.9,5.46,98.17,49.0,4.56,4.58,-3.71,3.28,22.95,Forward
33.01,13.0,14.16,3.2,23.72,16.04,4.57,-13.8,-24.37,1.86,9.18,26.3,57.58,7.41,3.46,-2.11,4.51,20.59,Descend
19.81,24.08,48.78,10.42,22.36,1.88,2.75,-21.28,26.97,5.1,3.32,35.72,47.71,0.11,3.04,-0.72,0.88,23.92,Forward
32.63,18.49,9.29,23.3,5.76,9.34,1.84,-0.88,-23.67,70.32,2.18,79.61,31.38,21.41,1.69,-4.51,2.13,-3.27,Hover
5.51,45.71,18.18,21.63,12.94,36.1,4.33,25.82,29.56,-79.36,9.86,68.96,21.23,23.68,5.69,-0.97,4.83,25.5,Hover
32.96,18.54,37.69,18.52,12.97,21.07,1.62,-0.79,-22.45,-19.97,0.08,92.17,20.56,6.99,3.1,-0.03,-2.74,1.78,Ascend
49.97,18.8,32.96,25.65,22.92,32.67,0.78,-5.71,-19.75,61.49,13.61,87.59,36.67,9.61,3.65,-4.59,4.05,7.56,Forward
2.6,19.3,29.14,8.82,25.21,22.36,3.2,9.02,-11.5,-83.25,2.74,85.32,46.24,10.72,0.57,1.74,0.59,20.0,Turn_Right
48.86,41.86,26.59,26.61,3.3,37.76,0.22,26.21,0.74,25.05,6.72,105.75,71.46,10.24,5.55,-4.2,-3.12,1.72,Descend
20.46,32.61,42.2,12.28,17.11,36.39,1.9,-27.06,17.42,-17.41,3.17,92.22,98.64,9.82,7.12,1.48,-2.11,39.07,Forward
43.56,30.79,11.9,12.33,22.97,19.47,4.04,-20.8,28.26,-53.17,3.27,29.9,90.76,11.9,9.31,4.94,1.88,12.97,Forward
39.16,16.84,22.24,12.46,23.69,12.94,1.48,-22.03,-8.47,20.05,12.53,104.87,83.23,3.84,2.37,-4.39,4.22,-0.9,Descend
28.44,40.93,7.94,3.39,4.87,24.19,4.66,-24.88,-28.78,59.59,8.78,40.93,83.24,1.44,9.23,-2.28,-3.81,-6.66,Forward
36.97,2.11,29.88,29.28,16.0,27.09,4.78,-11.87,7.0,-5.88,4.67,109.4,63.65,18.09,3.93,-3.71,1.39,32.98,Turn_Left
43.95,43.57,12.68,4.59,25.8,20.08,4.08,-16.24,12.65,-63.59,3.77,99.09,32.75,21.16,8.12,-1.31,-1.23,35.56,Descend
20.33,25.73,16.83,10.56,9.9,32.94,4.94,2.92,-6.15,-34.89,3.19,9.82,52.47,20.25,9.02,3.35,-1.78,-5.6,Hover
16.49,20.03,23.67,9.92,13.04,7.58,2.66,-10.36,-18.99,86.64,8.32,92.78,22.83,15.67,9.63,4.29,-3.2,19.84,Forward
33.45,24.96,1.53,2.7,24.23,13.58,2.85,-5.69,-11.64,-70.0,10.96,60.51,60.98,24.22,3.59,3.4,3.88,25.93,Hover
40.43,33.44,4.78,4.99,3.13,27.55,4.18,26.51,9.35,-61.07,3.8,117.28,12.07,0.04,2.97,1.91,-1.36,39.96,Descend
38.16,0.84,34.36,1.82,25.86,10.09,2.47,-20.66,-0.35,88.23,4.98,55.55,27.05,7.99,4.68,2.17,-0.57,-7.35,Forward
39.93,43.6,21.56,9.13,9.68,17.76,2.04,-6.69,14.61,68.78,10.81,8.97,74.11,7.75,5.77,-3.8,-2.93,9.11,Forward
21.89,22.45,43.27,26.07,0.54,38.56,3.08,-14.58,-16.91,37.28,11.06,35.88,34.92,8.74,7.06,-2.51,1.08,-3.43,Ascend
40.93,17.28,34.79,10.51,7.41,25.15,3.29,2.95,20.52,-62.82,3.11,52.19,47.8,20.0,7.07,-1.36,-0.6,13.58,Forward
6.19,7.08,0.6,4.15,3.14,37.98,3.76,14.18,-20.65,-46.7,5.73,71.44,84.89,8.79,1.61,-4.5,-3.07,10.47,Slow_Forward
27.32,22.09,30.91,19.55,3.23,28.98,3.34,19.02,-10.21,-57.57,13.05,19.1,14.01,13.18,6.31,3.22,-1.9,22.74,Forward
0.49,24.92,4.87,29.9,20.94,29.07,3.73,0.92,5.47,23.57,11.1,62.29,12.05,15.35,2.09,-2.44,-1.09,27.13,Turn_Left
16.36,20.3,39.09,7.35,6.81,23.8,3.38,21.29,14.21,-18.2,2.44,58.53,30.61,21.13,7.26,-4.48,-4.23,43.05,Hover
18.45,34.0,49.58,8.75,28.07,5.95,2.41,17.1,-14.03,-81.4,5.79,100.56,71.6,15.4,9.78,-4.27,-4.48,-1.04,Descend
19.93,21.16,26.65,29.17,15.74,20.93,0.68,-20.58,26.89,-37.57,14.6,36.99,31.25,9.53,7.82,4.69,4.92,33.96,Forward
34.83,48.08,34.2,5.77,14.07,10.33,3.93,-15.27,12.37,64.92,7.88,54.49,87.73,17.37,7.1,4.12,4.28,36.53,Forward
19.55,30.04,12.02,15.58,13.31,39.95,0.16,10.3,-16.94,53.29,10.79,47.24,41.67,12.89,1.24,4.59,0.93,21.08,Forward
22.54,40.41,21.99,7.57,20.93,10.9,4.96,28.49,13.55,25.74,1.38,76.24,35.52,13.21,2.25,4.57,-2.55,33.33,Forward
12.03,5.65,42.83,28.0,13.84,9.46,4.14,-7.43,11.78,-74.6,12.49,100.51,30.96,8.38,3.87,2.99,-2.68,9.23,Descend
18.79,19.99,8.54,29.45,4.29,25.07,3.36,-16.21,15.16,68.9,9.07,81.4,61.66,0.04,9.37,-2.24,-0.59,-8.09,Forward
11.52,16.98,13.42,24.53,26.47,20.58,4.83,22.15,24.95,6.21,2.63,56.34,87.07,8.9,3.64,-1.75,-1.14,-1.71,Forward
3.85,28.56,22.38,9.79,13.14,1.15,3.07,-18.02,12.7,-0.98,5.7,76.9,46.55,7.57,8.23,-0.98,2.33,-0.79,Ascend
30.25,43.08,35.67,12.4,2.68,5.44,0.29,11.84,-8.89,78.13,1.25,39.35,32.73,2.51,1.49,2.85,-0.93,38.14,Forward
33.48,4.1,18.92,7.65,16.12,32.5,2.8,-27.95,17.43,-88.41,11.66,18.15,47.88,4.97,6.79,4.27,4.55,42.68,Forward
31.05,3.81,46.4,26.78,19.6,19.5,1.39,-28.86,11.75,10.06,11.17,39.05,91.43,24.52,7.9,-0.6,-2.47,12.14,Hover
23.28,42.55,4.9,27.48,8.63,6.1,1.85,-2.91,4.46,52.42,7.35,53.8,40.11,7.0,5.66,-1.99,-4.73,26.1,Forward
19.11,10.8,18.67,12.86,24.11,18.77,2.3,9.39,-8.77,-78.54,6.78,53.27,69.02,12.95,7.79,-2.57,1.03,6.68,Forward
43.19,33.5,35.51,19.87,20.26,10.35,3.88,-21.45,25.26,-25.71,6.95,88.77,39.68,13.73,7.37,-2.44,4.88,14.51,Forward
26.05,27.24,11.45,5.38,19.69,9.18,2.52,15.83,0.77,85.95,0.56,112.43,70.73,14.0,5.03,-4.93,3.51,24.14,Descend
24.06,41.68,32.89,13.33,12.91,38.32,2.38,-22.28,7.69,-51.88,5.52,47.29,89.29,1.18,8.72,-2.66,-4.95,37.09,Forward
1.48,6.43,8.38,19.13,28.88,14.67,1.52,2.02,-5.08,5.61,1.93,11.29,63.87,19.29,3.75,-2.05,0.75,13.47,Turn_Right
17.19,6.66,2.99,11.87,8.59,2.14,2.7,-11.5,16.85,44.29,2.77,4.98,95.27,18.26,4.54,2.76,-0.46,28.44,Turn_Right
19.13,27.93,6.23,11.05,17.54,38.82,1.25,15.14,-9.54,-19.73,14.43,1.47,64.14,24.43,5.63,0.49,2.68,3.68,Hover
20.06,47.33,46.51,0.53,9.62,31.86,1.31,18.25,18.64,-16.58,3.93,112.63,97.74,4.62,1.74,-1.69,-2.47,8.07,Descend
29.09,20.87,27.68,24.23,22.47,10.4,3.79,-26.03,-23.52,-78.61,7.25,119.48,75.14,13.84,5.4,0.97,-2.56,2.07,Descend
26.77,16.48,39.86,26.74,1.91,16.53,1.72,-18.44,12.54,-55.78,13.32,7.11,68.75,20.1,3.58,2.88,-1.83,37.58,Ascend
30.47,30.41,16.77,29.1,1.85,34.53,0.27,23.56,-1.39,68.51,6.2,43.63,84.68,3.11,2.94,1.1,-2.54,-3.48,Ascend
38.29,46.54,29.71,21.72,24.42,14.49,1.72,-5.06,11.93,57.3,7.93,80.65,11.0,19.74,5.98,-4.3,-4.78,32.35,Hover
40.69,41.88,24.85,16.69,13.31,22.83,3.2,-1.4,1.88,-35.17,2.53,22.29,33.15,6.75,3.63,-2.59,1.28,24.75,Forward
35.96,49.78,47.3,8.44,10.56,21.53,4.07,-19.92,-21.94,-21.29,4.28,71.74,29.45,7.02,8.63,-2.14,1.13,25.75,Forward
47.79,1.32,37.43,29.98,18.42,16.23,4.81,29.69,-1.38,-10.73,7.59,97.82,19.98,23.64,4.39,-1.37,3.52,38.23,Hover
1.11,5.82,36.58,17.9,21.21,25.69,3.73,25.38,27.87,-27.73,5.47,103.11,94.4,7.85,4.42,-4.75,1.98,19.19,Turn_Right
9.95,30.55,2.51,20.59,6.44,19.09,2.15,-29.88,15.29,27.7,0.57,85.06,21.79,14.61,9.83,2.44,1.41,-5.83,Slow_Forward
0.58,41.06,27.57,20.63,5.97,1.14,1.5,3.04,-11.99,-87.69,6.01,10.73,33.66,11.0,3.74,-0.3,-2.68,41.21,Turn_Left
32.44,14.41,23.46,25.43,28.77,32.63,0.66,22.34,26.65,68.43,12.23,42.46,40.16,1.95,1.75,3.97,2.4,8.56,Forward
44.92,12.11,46.41,0.79,17.9,4.79,3.14,-4.17,16.74,-35.88,1.74,116.11,66.22,23.76,8.83,0.18,3.55,-8.36,Descend
12.33,39.39,13.02,7.0,12.01,18.72,2.55,-3.79,-8.13,67.03,0.28,23.94,79.07,5.34,9.21,4.88,-0.56,19.32,Forward
46.37,3.01,13.64,20.13,24.14,23.32,3.39,-7.24,6.21,-8.21,1.78,55.02,64.42,6.69,2.65,2.01,0.41,9.71,Forward
3.2,18.6,20.69,26.91,15.99,28.31,1.19,-28.27,-4.4,49.74,10.3,40.77,77.41,9.43,8.88,3.87,2.84,40.15,Ascend
46.73,25.39,12.32,20.72,7.63,16.61,1.62,17.42,-24.2,58.64,11.92,25.46,46.19,12.46,5.2,4.73,-0.34,18.09,Forward
17.71,28.11,6.63,12.7,6.6,29.5,1.47,-2.59,18.36,-35.77,0.73,39.5,99.62,3.61,0.91,-0.28,1.67,-7.06,Forward
5.25,36.49,42.9,11.17,12.21,5.51,3.99,1.86,-18.54,25.26,13.31,23.55,25.31,15.75,5.71,1.33,-2.85,3.09,Slow_Forward
24.4,17.87,28.0,22.27,25.87,26.24,0.86,-14.66,-2.52,19.33,9.41,105.39,45.98,12.87,8.56,4.14,0.84,2.27,Descend
12.99,30.71,43.1,22.37,2.31,33.11,3.05,17.05,12.16,-4.32,7.77,21.76,84.9,7.58,4.27,0.75,-4.63,32.02,Forward
14.39,29.35,41.59,18.41,6.95,35.61,0.27,17.62,25.93,-5.48,3.8,75.2,32.21,17.32,5.73,-4.47,-2.91,-6.38,Forward
15.5,27.47,14.25,9.1,26.85,23.31,2.75,3.18,-26.24,-35.06,5.58,113.14,77.58,12.85,1.84,1.97,4.21,7.9,Descend
40.19,32.1,27.48,27.79,4.09,12.72,0.33,24.28,-6.41,-34.17,14.2,114.36,42.79,21.02,8.5,4.36,0.95,26.89,Descend
27.05,13.12,4.34,16.78,19.07,6.79,0.89,-23.05,6.88,8.67,13.67,72.45,25.98,21.39,1.52,2.81,-0.44,23.74,Hover
15.7,4.42,45.78,23.82,6.8,14.02,0.57,17.2,16.76,-84.19,9.38,33.24,46.3,24.5,1.4,2.91,0.22,25.62,Hover
30.59,6.14,20.33,6.82,18.37,21.74,1.74,3.52,25.26,78.06,8.68,30.5,80.63,1.68,9.37,-4.21,-5.0,20.77,Forward
35.86,11.38,19.81,10.65,11.8,8.09,1.73,-16.14,-29.97,27.0,3.16,89.95,20.08,10.13,8.8,2.37,-0.4,-0.34,Forward
13.78,25.11,15.28,26.3,3.5,38.11,4.13,-22.06,7.67,-10.18,14.3,117.7,56.45,12.54,5.96,-4.68,-3.56,27.09,Descend
20.79,42.05,23.14,1.98,17.68,35.92,1.14,-11.94,-29.58,-78.87,11.33,10.23,76.72,5.85,1.51,4.31,3.58,42.3,Forward
6.27,35.12,12.74,15.61,20.65,1.61,0.44,21.38,17.24,23.4,5.73,94.95,77.64,23.05,5.69,4.14,-0.86,-7.74,Hover
9.22,39.49,18.87,14.71,20.57,22.61,3.02,17.26,-21.02,-86.81,12.24,15.64,45.06,2.2,9.25,4.8,-2.68,9.9,Slow_Forward
34.12,17.68,40.04,22.66,19.29,31.64,3.44,8.71,23.68,32.38,3.18,36.48,51.98,10.71,6.32,-1.97,0.12,6.04,Forward
9.24,20.35,41.75,8.82,15.26,10.04,1.48,-24.58,-20.69,-76.95,3.2,68.43,87.11,4.63,2.38,0.4,-1.34,-1.85,Slow_Forward
26.35,19.81,15.35,6.96,15.82,21.1,3.02,27.29,15.86,28.1,11.86,36.37,28.75,17.05,9.11,0.79,-0.4,4.54,Forward
35.51,9.76,23.56,27.82,19.25,16.42,3.88,-11.67,-12.64,-16.94,8.39,78.38,99.33,17.62,8.72,0.57,2.26,-8.6,Forward
5.52,3.25,43.72,17.37,20.86,8.1,1.74,6.42,3.44,29.27,8.34,50.65,47.73,21.81,5.69,-0.88,0.09,25.35,Hover
28.45,29.63,2.82,3.59,19.82,24.71,2.63,18.19,6.51,-65.07,8.61,27.07,34.79,10.22,8.6,4.87,4.15,23.68,Forward
12.98,49.46,44.48,6.19,17.81,39.75,0.74,-22.03,-17.59,-68.87,1.89,64.18,10.23,19.38,1.04,3.87,-2.43,17.69,Hover
48.15,8.51,11.12,29.97,5.1,14.8,0.13,9.13,-12.08,-45.46,5.24,3.86,21.25,13.74,4.88,1.1,-1.74,7.27,Forward
24.28,2.52,33.99,6.27,6.71,22.23,4.91,-28.06,-23.55,-15.93,8.6,89.19,78.09,20.31,2.19,1.48,2.78,43.69,Hover
40.34,39.02,29.21,18.51,8.18,13.32,1.51,-23.89,-29.68,-44.45,3.71,63.15,68.43,2.13,8.46,2.14,2.83,24.06,Forward
27.6,12.78,27.74,12.89,27.63,35.11,1.4,13.39,-15.63,-75.24,7.56,113.66,32.19,11.59,9.73,1.04,4.77,38.81,Descend
2.36,41.52,43.0,26.63,22.9,34.62,4.87,-20.7,0.96,-31.49,8.36,13.23,93.43,3.76,9.34,2.08,1.28,6.83,Turn_Right
31.73,35.26,5.26,22.78,16.81,7.4,3.64,-3.39,12.82,37.04,14.14,88.14,85.21,19.76,5.28,3.16,0.74,31.54,Forward
47.58,47.29,17.48,18.11,7.94,36.03,2.93,-15.1,17.61,14.96,3.69,36.81,34.23,3.82,5.35,4.78,0.89,-9.67,Forward
30.16,20.56,27.0,0.82,3.77,6.31,3.5,-4.73,-25.81,83.4,6.59,45.4,39.71,0.2,9.13,3.49,-1.39,27.23,Forward
41.0,33.17,40.6,26.45,27.01,4.09,3.55,-25.37,-13.66,-11.53,14.72,42.47,26.63,23.24,7.36,-3.71,-1.15,31.15,Hover
44.23,23.35,10.98,13.62,26.83,26.22,3.82,15.29,16.21,-30.1,2.8,43.6,67.83,12.11,1.21,0.46,-2.2,4.85,Forward
11.56,31.6,40.19,27.98,3.77,15.62,0.35,-25.26,-1.15,34.86,11.7,52.27,73.1,24.63,1.72,1.32,0.97,44.9,Hover
10.76,22.59,20.1,15.12,24.02,21.37,2.07,20.27,-19.07,-15.85,2.66,3.5,45.63,11.32,9.54,-2.34,3.4,17.4,Forward
30.63,9.59,9.61,20.98,13.68,26.21,1.48,9.76,-6.47,21.3,12.75,101.76,76.34,14.77,3.98,-0.24,1.33,10.32,Descend
20.67,25.49,38.0,2.54,10.06,2.4,0.36,-5.0,-13.8,80.33,7.32,105.93,99.24,18.6,2.28,4.33,-0.27,0.17,Descend
42.03,26.52,4.73,22.48,22.3,11.93,2.07,21.99,-26.96,-0.15,14.58,5.71,65.08,7.02,7.49,-2.41,-4.36,-1.45,Forward
45.02,40.57,25.84,10.47,18.62,18.6,3.08,-18.83,15.82,-0.33,2.55,93.34,68.44,3.32,8.86,-1.83,-2.52,1.37,Turn_Left
17.8,36.83,3.38,10.87,23.51,10.88,0.9,-14.13,-12.5,49.53,10.32,9.6,43.65,16.53,2.46,4.08,3.45,19.49,Hover
12.0,33.26,17.95,4.0,2.69,2.24,1.53,-21.77,26.71,46.09,10.43,97.13,10.95,12.77,2.89,-4.06,-1.04,19.51,Ascend
39.07,5.85,30.13,4.83,9.9,3.74,3.2,-7.11,23.29,2.92,10.78,73.95,95.85,20.67,9.05,3.8,3.86,19.18,Hover
13.89,36.09,27.89,5.98,9.92,32.13,2.9,29.2,12.98,-78.35,1.51,37.46,79.51,1.13,0.63,-1.96,-2.57,37.27,Forward
41.17,25.12,20.35,10.18,10.23,36.48,4.35,-20.34,-10.4,86.54,4.33,74.05,72.6,13.62,9.13,-0.02,0.76,-9.91,Forward
21.3,44.73,21.57,26.81,15.32,6.34,3.96,19.86,-13.2,-22.08,5.07,61.29,12.68,4.64,0.87,1.43,4.64,4.68,Forward
33.44,46.01,11.49,11.36,8.85,10.2,4.83,9.11,-1.48,-32.99,4.86,76.65,78.31,15.43,1.41,1.46,0.57,38.71,Forward
4.96,2.95,22.9,21.87,13.61,26.19,2.99,-29.05,-8.72,86.68,10.13,57.57,70.31,19.01,8.69,4.8,-2.91,-4.5,Ascend
31.27,41.07,47.67,2.94,11.35,38.18,3.5,26.69,24.07,66.98,0.82,92.97,61.2,6.58,2.86,-4.65,-2.7,0.71,Forward
22.7,2.08,42.55,17.94,22.19,12.19,4.3,28.27,-22.59,-30.56,10.95,6.39,66.12,12.04,2.63,2.04,-3.42,7.97,Forward
29.41,18.49,7.43,14.72,18.3,34.25,4.2,25.49,13.47,-34.5,7.9,41.97,92.65,10.51,8.52,3.46,-4.79,34.7,Forward
8.57,27.21,1.68,29.35,19.78,20.39,3.6,0.1,6.65,39.77,2.59,67.56,10.6,18.87,5.65,0.88,1.92,22.11,Turn_Right
36.9,7.58,46.69,25.46,6.71,38.28,2.51,-16.78,18.38,-29.82,3.39,71.0,24.13,15.0,3.83,4.76,2.83,20.56,Forward
43.17,37.37,26.43,13.92,10.1,5.71,1.37,-6.52,2.55,-44.74,1.46,21.18,90.53,3.02,7.29,-0.82,3.2,40.88,Forward
10.99,0.62,26.98,23.37,1.12,38.95,4.39,6.85,7.77,86.34,6.89,9.87,10.74,24.42,8.19,2.5,-4.26,16.8,Ascend
4.97,8.6,39.08,6.19,3.7,17.81,3.89,-7.27,27.76,11.83,8.92,3.5,91.33,22.81,8.7,1.86,4.42,42.09,Ascend
1.38,29.12,15.87,17.09,8.32,38.13,4.19,12.49,-24.48,47.25,8.71,50.15,12.67,14.47,1.63,-4.69,1.18,-2.62,Turn_Left
32.17,35.78,24.2,2.7,2.43,18.51,0.71,17.73,-23.71,38.35,14.44,40.32,80.14,19.44,6.03,0.53,-4.12,11.99,Forward
30.43,45.85,48.44,10.77,18.28,21.34,1.58,-17.44,-6.38,45.99,4.44,68.57,90.18,0.5,6.94,-2.39,-4.15,35.23,Forward
27.43,35.33,33.67,7.16,29.94,32.25,2.13,-5.7,-1.64,72.61,11.43,54.49,65.13,5.04,1.61,0.29,0.1,-1.73,Forward
11.75,33.65,7.86,21.71,3.47,28.99,4.19,27.46,-18.01,0.14,10.85,47.89,67.73,19.2,6.3,3.84,-2.56,-0.34,Forward
19.67,19.84,6.83,14.96,24.73,24.9,4.47,-15.01,-25.04,45.61,0.92,101.36,14.55,2.65,0.8,1.3,-2.61,11.0,Descend
29.8,0.26,10.37,22.66,4.01,16.85,1.43,-9.21,-28.67,53.43,13.95,74.96,28.98,1.07,3.74,0.94,-4.88,41.08,Forward
24.94,6.18,38.38,15.7,20.26,31.76,3.44,-27.86,15.88,80.35,13.97,77.89,90.95,15.39,2.13,1.72,-0.18,0.01,Forward
49.39,26.82,14.91,3.05,19.47,37.94,0.4,-10.06,-0.9,38.36,5.95,46.44,84.13,0.86,5.83,0.28,-4.13,42.56,Forward
6.99,33.82,1.27,22.19,27.13,0.69,2.05,-7.74,20.6,70.67,6.27,93.44,15.36,4.58,2.32,-0.52,-4.23,26.96,Slow_Forward
34.82,20.99,47.22,25.08,3.86,23.64,2.44,-24.01,-8.35,-72.89,12.29,19.1,83.17,2.0,8.0,-1.26,-3.41,15.92,Forward
20.34,36.59,8.65,27.15,9.81,34.68,3.83,-29.91,12.21,-67.3,7.43,48.84,48.11,13.36,1.65,2.0,-4.89,-9.03,Forward
21.52,26.19,0.68,17.37,3.18,26.23,4.46,4.52,-0.69,-61.5,11.99,6.61,60.47,16.92,7.7,2.76,-3.96,18.86,Forward
35.94,3.89,12.01,22.73,12.52,32.09,1.69,-11.91,6.72,-63.93,0.54,14.74,19.76,4.58,1.44,-0.77,0.94,12.86,Forward
34.68,9.76,11.9,22.69,27.39,35.83,2.64,-28.93,-7.79,-74.25,3.75,10.7,45.88,11.72,4.7,-4.56,-2.43,33.49,Forward
49.56,42.03,21.22,5.09,23.55,30.11,3.24,21.6,-25.13,-67.94,1.37,53.53,49.14,0.5,7.14,0.43,-4.31,20.76,Forward
6.59,36.3,46.04,5.34,21.83,28.77,1.65,5.06,26.84,89.26,6.81,83.98,70.25,6.62,2.03,0.74,-3.65,43.56,Slow_Forward
5.38,44.76,43.98,2.59,16.22,38.6,4.93,-19.73,20.17,-41.01,12.81,38.21,69.18,4.49,7.65,-0.21,-4.57,-3.84,Slow_Forward
36.27,6.05,22.95,9.94,26.56,34.59,4.38,21.91,-11.29,-3.95,8.55,4.17,59.4,4.15,9.56,-1.4,2.77,40.32,Forward
29.0,49.51,20.66,14.47,13.76,32.67,1.49,-14.78,27.52,57.89,7.81,85.16,12.83,5.63,4.05,3.96,0.61,10.88,Forward
13.85,10.63,27.84,29.94,4.92,3.73,2.54,-16.35,-11.97,-68.71,5.49,25.68,24.54,20.13,0.5,-0.19,-0.26,17.91,Hover
4.16,0.79,12.32,13.21,25.21,9.79,1.16,23.68,-3.42,-32.87,0.95,87.0,24.42,23.74,5.03,2.99,3.73,36.93,Ascend
4.47,49.87,2.8,21.92,8.75,22.4,2.58,-19.23,15.31,-61.33,11.5,1.88,89.9,17.65,9.07,1.38,-4.2,27.67,Ascend
44.73,14.2,46.97,20.96,2.08,28.47,3.42,22.74,-11.46,-78.74,8.56,38.17,91.15,1.81,6.82,2.87,-4.63,42.04,Forward
9.75,33.47,9.5,6.53,4.22,12.34,0.44,18.18,-10.53,82.94,13.96,74.93,82.58,15.7,7.18,3.78,-0.76,44.16,Slow_Forward
16.3,9.0,10.08,2.23,18.47,4.01,4.35,-11.41,-5.4,64.5,6.48,104.67,25.74,18.35,8.03,-2.57,-2.36,25.28,Descend
11.49,29.1,23.73,16.61,18.41,12.65,2.97,-27.94,-1.9,68.27,6.02,90.74,85.61,2.78,9.13,3.29,-0.24,20.79,Forward
17.88,45.22,24.68,21.16,8.18,30.91,4.95,-25.05,-22.58,66.36,14.62,54.5,26.88,7.36,1.69,2.21,4.03,3.91,Forward
3.66,16.15,1.12,29.95,21.95,35.13,0.14,-23.43,-28.95,-62.18,2.12,86.5,59.92,10.71,6.11,0.61,-0.54,5.15,Ascend
26.05,33.58,7.57,11.08,23.32,36.54,4.16,23.45,25.15,51.3,3.79,64.97,76.05,7.77,8.95,0.45,-3.29,3.96,Forward
3.57,9.56,19.03,26.94,27.65,15.34,3.96,-5.76,-8.81,41.02,7.32,97.79,14.64,12.96,7.87,-1.89,2.98,33.16,Ascend
40.06,31.31,34.25,11.77,17.76,15.09,0.67,-28.05,-23.9,76.57,7.85,92.88,63.81,3.27,2.86,0.41,-1.11,23.85,Forward
11.84,16.96,11.58,20.84,23.49,16.45,1.68,3.39,15.55,-50.52,8.23,117.13,32.6,11.12,8.81,-1.16,2.55,30.47,Descend
27.09,10.72,21.27,18.15,22.72,15.22,4.43,-17.52,-12.3,-15.47,3.18,13.49,54.81,18.33,3.29,3.89,-3.59,34.89,Forward
44.03,15.8,27.96,2.06,8.11,26.75,2.6,-15.89,-19.1,-36.91,13.9,41.54,44.55,11.52,4.4,0.82,-1.63,39.13,Forward
32.61,9.11,44.45,2.81,9.65,14.53,2.01,-20.35,27.76,-43.57,10.55,23.89,71.79,5.26,2.26,-2.01,-4.77,-1.92,Forward
26.74,45.12,16.44,1.11,14.62,1.11,4.53,15.72,25.23,27.43,3.88,76.06,54.03,20.05,8.91,-3.56,-2.65,38.13,Hover
16.35,19.98,6.85,11.44,1.06,17.73,0.48,-29.96,-23.66,-60.49,4.41,80.02,37.15,9.86,1.38,1.94,1.47,25.52,Ascend
16.78,12.41,24.57,22.5,9.27,9.2,2.37,-3.66,23.96,-6.33,13.21,25.25,91.93,10.63,9.94,1.65,-2.07,40.49,Forward
33.54,22.53,37.39,5.6,14.48,1.44,3.27,-24.79,23.45,26.4,5.71,51.16,96.31,8.94,3.62,-1.4,-3.61,41.08,Forward
49.71,16.16,5.67,18.37,3.69,18.99,3.05,3.14,8.06,-66.55,8.35,72.66,82.17,7.24,7.25,-3.38,-4.44,13.47,Turn_Right
33.16,37.27,21.35,9.02,4.23,8.48,1.33,-9.24,1.78,-43.74,1.81,79.42,62.27,15.05,1.72,2.16,1.03,29.28,Forward
27.98,48.57,1.09,24.01,14.17,18.27,2.82,-28.3,-16.95,84.13,3.78,13.21,89.6,4.7,5.13,-2.3,-4.23,35.43,Forward
36.59,22.01,1.87,24.05,22.06,11.33,3.55,-2.34,-22.72,53.18,6.25,110.61,64.15,19.23,0.88,3.62,2.99,4.16,Slow_Forward
23.37,43.08,24.25,23.37,25.1,24.27,2.93,4.24,6.38,31.85,9.84,5.06,23.39,12.04,8.84,2.26,-1.43,16.73,Forward
3.2,28.38,15.05,15.98,16.62,39.64,3.43,-15.14,19.32,64.07,4.2,116.78,11.57,22.09,4.74,3.92,-1.95,4.26,Ascend
28.2,8.03,42.29,8.89,14.51,22.03,1.29,15.93,11.32,-87.49,14.26,38.64,75.33,23.47,7.56,4.85,1.25,-5.13,Hover
47.89,34.59,30.19,24.38,11.84,25.98,4.17,-7.74,-19.15,-88.91,3.3,38.65,77.72,9.57,9.0,-1.59,0.57,28.39,Forward
8.93,25.77,22.81,5.99,6.19,36.8,2.25,14.96,-12.6,-62.29,11.68,54.08,93.32,3.97,1.15,0.04,4.88,21.47,Slow_Forward
34.56,32.6,20.52,9.05,4.82,15.15,4.94,4.74,2.79,-0.85,5.47,83.7,84.18,12.63,5.36,-0.96,-4.49,12.0,Forward
10.21,44.51,24.96,5.93,23.86,6.91,0.13,22.16,7.5,12.6,12.5,19.99,67.56,6.76,2.3,-4.22,3.51,1.69,Forward
26.88,22.13,2.21,20.39,14.22,11.53,1.91,2.82,-25.66,-69.54,13.85,31.34,27.13,10.66,1.16,-0.95,0.99,0.42,Forward
5.01,45.08,44.66,20.74,23.81,16.29,0.91,-18.86,6.84,-76.99,2.81,115.43,63.46,9.44,6.41,-0.56,3.83,5.37,Slow_Forward
22.63,37.58,49.92,19.75,21.27,25.91,2.78,19.36,14.18,59.1,7.37,105.34,49.12,11.26,1.58,-3.27,1.94,44.02,Descend
37.86,24.53,9.24,12.76,6.22,0.48,1.22,16.98,-19.12,-6.4,2.32,26.27,30.89,12.46,5.17,3.83,2.62,42.94,Forward
17.51,30.24,6.2,3.46,15.55,34.18,3.69,28.34,-15.23,88.65,10.59,69.19,81.92,15.69,2.37,-2.08,2.87,36.46,Forward
33.31,16.41,7.35,27.38,13.6,3.32,4.41,-24.39,-14.47,-48.72,12.48,25.23,23.46,0.1,2.38,2.59,-4.85,-6.24,Forward
39.81,49.18,33.12,15.48,13.0,36.06,1.06,5.47,26.39,26.5,5.84,66.46,66.73,6.41,5.47,-4.24,3.38,35.75,Forward
46.37,33.43,33.14,12.51,16.51,37.99,0.81,-0.5,-5.58,54.79,5.95,44.53,64.97,4.26,5.78,-4.7,1.79,31.56,Forward
11.89,2.38,42.43,17.87,29.47,39.61,4.38,10.25,1.83,67.07,3.06,44.13,37.33,17.76,0.53,4.95,4.47,41.62,Forward
20.09,16.47,37.64,6.19,24.48,32.44,1.81,28.81,13.46,-34.86,4.6,76.57,48.63,20.81,5.26,-3.77,-3.67,15.68,Hover
7.79,31.24,22.59,4.41,27.16,5.93,2.18,1.94,-7.71,-55.21,4.86,30.97,20.49,18.14,6.86,2.66,4.22,18.32,Ascend
49.63,3.01,30.72,12.46,1.37,28.33,1.11,11.14,-23.67,-49.3,2.33,49.11,12.3,24.37,6.95,1.05,3.54,21.22,Ascend
46.36,1.39,34.48,7.2,4.64,8.37,2.13,-9.17,9.26,30.01,4.65,111.11,11.17,1.93,8.57,-0.47,-2.74,20.03,Descend
27.09,22.61,25.73,7.71,3.0,35.92,1.16,-12.06,10.04,4.02,13.61,90.89,25.69,11.62,9.01,-4.63,-3.76,7.26,Forward
42.13,16.77,23.89,26.83,8.27,12.87,3.33,-9.88,-14.37,17.82,4.88,46.61,88.03,22.48,6.42,-1.71,1.29,-1.12,Hover
26.14,22.03,32.33,16.16,13.54,13.27,2.5,-27.68,-27.89,-86.3,4.12,28.4,57.03,7.98,5.08,4.0,1.76,29.15,Forward
31.25,13.28,27.96,14.76,19.44,36.73,3.94,-12.92,9.92,-19.62,5.77,79.42,20.54,20.06,2.44,4.05,2.11,40.19,Ascend
4.64,8.4,32.27,20.84,15.27,0.83,1.57,-19.62,12.21,-34.17,14.4,97.12,91.49,14.04,1.7,1.0,3.46,26.65,Ascend
37.81,34.52,30.72,28.57,27.14,8.0,2.53,-2.55,-28.44,65.48,11.47,103.43,61.2,24.46,6.29,0.75,0.57,35.6,Descend
6.56,25.83,36.02,3.81,28.23,17.05,1.31,-2.35,11.59,49.73,3.03,68.15,12.51,9.28,9.49,-0.74,-2.16,18.67,Hover
41.34,10.17,32.21,25.09,5.32,28.12,4.67,15.91,26.34,-12.68,11.29,62.5,78.65,10.43,3.14,2.76,3.57,17.78,Forward
39.14,16.12,26.08,17.73,25.66,26.01,2.61,0.14,-19.27,23.5,11.49,86.64,52.61,4.1,1.44,3.83,-0.67,44.2,Forward
35.5,29.67,34.15,4.81,14.71,26.88,0.88,-2.22,1.28,-81.42,14.25,21.92,57.96,3.99,4.53,2.28,-0.65,44.7,Forward
2.0,3.8,22.58,9.27,13.87,35.24,1.37,-16.1,11.81,24.71,13.37,102.4,65.19,21.53,0.5,0.25,-0.08,23.48,Turn_Right
15.3,7.54,12.24,14.73,23.66,5.1,0.42,21.15,-16.2,-72.5,1.43,9.8,18.5,10.18,5.76,1.35,3.36,10.4,Forward
13.3,3.85,0.27,20.89,3.25,21.03,0.15,-24.54,15.09,38.52,6.82,72.76,95.3,15.51,0.97,-2.8,4.71,10.48,Forward
18.13,40.65,28.09,7.66,26.53,29.1,2.63,28.94,22.09,13.29,10.54,71.17,32.99,18.81,9.34,4.91,-3.29,26.95,Turn_Right
4.56,37.67,29.61,16.28,20.29,25.55,1.69,-1.44,18.87,-35.91,14.6,37.97,65.96,10.96,8.76,4.36,-3.78,2.34,Ascend
46.86,37.71,48.61,20.7,26.32,18.1,4.82,-18.84,-14.47,-23.25,1.28,5.22,87.0,23.84,1.59,4.57,-2.12,43.91,Hover
27.78,35.87,18.2,13.74,29.84,0.98,0.86,-8.74,18.25,-73.78,5.52,86.42,39.87,23.45,1.9,-3.33,4.04,29.21,Hover
15.42,33.54,19.83,25.96,15.78,2.7,3.97,-29.08,-5.2,-31.9,7.38,3.88,66.48,17.0,9.56,1.53,0.28,-1.14,Forward
19.97,23.95,10.25,26.15,3.25,5.02,1.59,-20.01,-14.01,84.03,6.2,22.37,99.0,24.88,8.23,1.56,-4.94,10.03,Hover
22.47,32.19,3.71,14.39,5.41,13.93,1.13,-9.88,-19.92,-2.49,6.84,65.76,86.66,0.07,9.45,-1.45,0.82,2.3,Forward
30.11,2.11,38.69,29.2,10.05,4.97,4.85,3.26,24.54,-4.64,5.54,112.86,80.14,0.23,3.68,3.65,0.49,-5.27,Descend
25.88,31.15,12.63,2.73,3.55,17.22,4.01,-22.23,-4.39,23.26,14.56,8.85,49.54,1.69,1.55,2.82,-4.2,25.47,Forward
45.99,38.94,30.52,0.6,24.55,7.39,3.16,10.56,21.94,-2.8,12.05,69.88,50.61,23.59,6.35,2.2,-3.51,-4.26,Hover
24.95,25.12,34.45,11.73,9.26,31.23,3.49,20.66,-20.43,-26.01,11.05,40.14,53.7,15.12,9.68,-4.71,-4.07,11.79,Forward
49.61,18.0,23.67,18.23,29.29,34.9,4.96,4.34,16.02,-64.89,6.16,80.66,72.14,23.19,1.73,4.91,0.21,26.82,Hover
42.6,14.02,43.84,19.06,21.23,15.77,2.97,-12.19,-23.4,23.46,13.22,114.4,22.99,3.18,8.28,2.18,0.31,-1.13,Descend
10.58,32.21,22.3,14.56,5.62,20.6,0.52,-22.72,-28.95,44.81,1.4,32.96,87.49,0.8,3.92,4.69,-0.4,38.63,Forward
46.54,34.7,14.39,4.18,14.54,38.15,0.33,-29.07,29.7,76.16,2.15,114.76,11.63,13.58,1.6,-4.13,-0.49,0.17,Descend
6.0,43.57,44.82,5.53,14.27,21.56,3.34,13.91,-25.59,-89.46,14.31,104.6,25.3,4.38,4.86,1.94,0.8,23.58,Slow_Forward
40.91,17.25,43.11,25.64,15.03,39.8,3.29,7.71,-2.31,-78.0,8.5,73.24,53.36,21.5,5.14,2.45,1.62,40.81,Hover
19.16,38.53,8.37,26.1,16.3,5.94,3.74,-1.42,22.7,71.89,2.39,91.23,32.69,10.51,0.59,-4.35,4.64,-4.75,Forward
43.92,28.16,1.49,20.38,1.42,34.53,0.55,-23.88,19.16,23.61,14.24,103.92,42.9,19.26,5.01,-4.36,0.45,-4.23,Ascend
43.43,44.17,4.68,20.09,20.75,20.04,4.73,-17.58,-1.73,82.42,14.62,96.61,39.93,12.91,6.65,2.62,-2.34,-3.09,Forward
40.34,26.49,14.47,18.13,14.87,1.2,2.76,18.91,6.65,-12.45,13.22,39.88,34.21,13.22,7.76,2.98,4.75,9.66,Forward
39.54,25.98,48.62,6.49,23.83,38.9,3.25,-1.21,7.78,-15.0,3.58,97.7,44.22,17.05,1.44,4.1,-3.94,26.94,Forward
15.37,28.98,28.01,13.13,24.55,38.61,0.18,27.77,-23.41,-28.03,4.18,38.31,55.48,8.39,8.83,2.72,-1.87,19.62,Forward
4.23,37.52,18.79,21.03,7.3,15.52,4.81,30.0,-12.91,-64.29,6.1,104.18,52.87,23.72,2.09,-2.6,4.02,6.4,Ascend
20.27,48.24,44.46,16.35,1.93,38.18,2.82,18.04,-11.94,-21.85,8.69,31.4,83.07,10.01,6.75,4.69,4.44,23.99,Ascend
8.84,3.86,22.77,1.05,21.25,5.9,2.82,-14.51,-7.31,-87.36,14.88,69.1,37.73,9.95,5.75,-2.33,1.45,14.56,Slow_Forward
34.81,2.86,15.9,28.63,29.34,27.3,4.72,-16.13,-13.56,1.68,14.34,83.46,35.37,17.69,8.86,2.27,-4.85,9.4,Forward
17.44,46.89,47.07,25.42,13.68,7.92,4.65,-14.78,-14.91,62.5,13.82,51.67,55.4,15.91,0.87,0.29,-0.57,11.03,Forward
48.79,26.59,42.51,8.19,8.16,10.09,1.11,29.21,-8.71,-32.18,1.34,94.17,14.31,24.89,2.32,-3.78,4.33,9.76,Hover
32.12,30.82,42.21,18.69,5.12,31.24,4.66,-9.88,-7.25,-72.96,11.36,111.12,20.06,21.26,1.66,4.27,3.9,18.15,Forward
41.16,24.22,25.71,27.74,8.98,15.28,3.69,12.39,-0.77,85.28,13.15,23.16,82.28,7.11,3.61,0.88,3.94,10.91,Forward
6.8,4.86,39.51,3.33,10.17,0.58,0.1,27.54,-19.59,-66.78,5.0,4.98,54.43,2.54,3.72,-4.08,-2.06,7.57,Slow_Forward
43.13,38.45,9.13,15.34,13.0,16.75,1.21,19.18,17.3,5.17,3.29,75.56,15.99,2.67,1.34,-1.17,3.25,7.66,Forward
46.15,37.41,28.75,13.96,19.83,9.35,2.07,5.86,21.64,55.65,11.23,72.66,49.63,9.04,5.39,2.65,1.72,2.04,Forward
24.46,15.72,49.2,12.6,8.56,27.43,2.92,-19.86,-15.11,-44.58,1.36,41.62,45.84,11.93,1.6,1.18,3.94,1.54,Forward
30.39,15.45,14.69,25.15,2.0,8.02,3.51,-19.5,-22.6,61.47,14.11,94.47,32.15,15.93,1.21,-2.77,1.38,5.73,Forward
38.29,41.92,39.76,11.73,11.51,33.74,1.06,-0.45,13.34,10.26,2.34,99.31,43.49,21.44,0.82,0.69,-1.25,43.47,Hover
8.91,3.8,24.63,2.38,25.74,10.9,4.19,27.12,25.45,-30.25,6.86,40.51,26.95,24.74,9.33,-1.91,1.34,1.23,Hover
25.23,44.08,2.18,2.44,15.2,15.9,4.23,24.27,-27.89,65.82,14.74,82.19,50.42,10.22,4.27,0.27,-1.42,14.45,Forward
20.05,12.98,38.2,1.76,28.96,12.13,3.18,-20.03,-29.13,21.96,14.82,77.4,46.77,13.64,3.2,-1.82,-4.98,39.97,Slow_Forward
7.49,29.73,8.59,12.57,15.36,25.86,4.61,-12.74,-18.99,20.77,11.64,41.77,64.68,15.02,5.08,-0.04,3.17,-9.37,Slow_Forward
18.5,46.81,31.65,21.69,8.64,4.32,4.07,5.33,11.09,0.72,12.59,116.33,94.79,13.96,2.0,3.42,3.49,23.27,Descend
3.59,33.97,4.47,6.51,6.2,19.28,1.12,-1.35,27.89,-40.55,14.51,42.22,26.69,2.26,4.36,-2.88,2.48,37.86,Slow_Forward
1.49,20.84,47.35,19.57,20.99,13.58,4.0,-22.84,15.02,-35.13,13.91,74.81,47.57,2.88,2.31,-4.98,-2.73,-0.78,Turn_Right
6.93,34.54,14.73,20.77,16.32,35.4,4.77,-7.84,4.38,-74.15,9.33,46.24,60.6,22.22,3.39,-3.45,-3.64,34.7,Hover
48.16,17.33,11.48,8.03,18.32,3.21,0.7,27.28,12.03,-46.13,11.02,2.41,59.23,16.89,9.28,3.42,-3.3,25.54,Forward
27.57,14.01,6.63,18.22,22.78,33.24,4.89,27.09,-16.16,-39.99,8.91,11.9,69.52,16.97,1.91,-0.85,0.01,35.17,Hover
48.3,49.83,47.31,20.7,21.91,6.96,0.13,3.57,11.31,-79.43,7.6,28.65,34.11,20.37,5.0,2.4,-2.36,-6.1,Hover
21.74,37.59,35.65,14.27,1.78,3.82,2.62,8.12,-10.71,-70.14,13.21,97.65,67.11,2.1,6.78,-4.69,3.78,-6.1,Ascend
15.73,32.31,37.13,10.43,24.18,8.33,3.87,-16.69,-16.65,-41.35,11.07,53.61,28.11,10.39,9.22,-3.54,0.44,-2.14,Forward
25.41,17.89,25.07,18.76,16.21,4.38,3.95,14.52,-15.81,31.91,12.9,71.05,21.29,6.17,9.27,0.69,-0.5,43.84,Forward
22.09,2.65,23.84,29.35,12.06,20.98,3.68,-26.85,10.07,-56.84,1.44,113.32,84.85,16.52,2.85,2.2,3.72,38.37,Descend
5.46,1.75,5.68,13.09,16.36,39.53,2.65,-16.76,16.03,3.93,8.65,18.5,52.64,5.37,9.46,2.88,-4.19,21.48,Slow_Forward
32.11,27.8,28.08,12.06,18.57,1.66,3.26,-29.65,4.91,1.42,4.94,103.56,45.75,17.3,3.65,1.43,3.71,19.06,Descend
10.96,38.15,12.5,14.2,4.91,18.61,3.5,-6.86,-26.17,60.13,7.7,46.13,93.57,9.7,9.0,2.57,3.02,4.03,Forward
31.06,26.96,48.86,2.75,12.81,15.63,2.48,21.02,-27.72,19.65,9.19,41.16,73.88,10.99,1.39,-3.34,1.87,1.65,Turn_Left
32.58,42.07,39.87,16.82,10.4,13.78,2.98,28.95,-16.97,75.06,12.69,75.44,70.94,20.45,2.38,1.58,-3.89,2.9,Hover
7.77,1.86,20.77,10.2,10.84,13.47,4.23,10.07,-12.81,23.06,0.48,107.94,27.48,8.7,1.25,-0.75,-4.48,30.15,Slow_Forward
3.26,18.46,7.74,4.08,3.19,35.83,1.57,14.69,-5.71,-85.41,2.46,42.48,28.83,6.41,3.34,4.15,-3.34,24.87,Forward
39.08,12.01,39.31,14.25,5.22,1.05,2.62,-14.24,-25.44,-21.33,13.82,91.61,53.48,21.26,8.8,1.15,-2.3,17.6,Hover
23.1,22.47,6.28,0.6,5.27,31.06,0.05,1.22,13.51,35.83,14.51,3.29,68.71,17.13,2.01,0.42,1.16,35.85,Forward
3.1,3.8,9.63,12.35,11.51,10.34,3.44,14.19,12.69,-4.48,0.83,75.15,45.57,10.1,2.64,0.78,-4.2,-6.74,Ascend
49.74,47.72,10.73,3.62,26.89,15.52,0.98,-0.16,-9.2,-14.51,4.98,76.04,15.78,12.46,2.55,3.31,-3.17,-8.01,Forward
3.08,11.32,27.93,1.22,6.58,16.98,2.41,-24.69,3.78,30.88,0.15,67.17,71.47,8.7,3.11,-4.89,-3.0,35.14,Forward
34.81,46.13,39.4,24.82,12.78,12.4,1.06,14.45,-23.95,-38.57,11.36,112.6,79.64,13.78,0.68,3.6,1.71,12.9,Descend
49.19,21.41,15.85,27.53,9.69,4.01,0.13,-16.83,-5.09,73.62,10.23,112.69,94.99,3.47,4.53,-4.71,-1.54,26.6,Descend
12.11,49.28,4.42,6.63,23.73,4.84,2.42,-24.14,21.45,-15.63,8.47,41.71,46.79,22.21,9.77,0.83,-2.25,12.23,Hover
7.28,27.79,23.33,16.41,1.98,12.14,2.13,-1.32,9.64,23.62,10.37,55.31,33.22,13.85,4.76,0.03,-4.71,14.12,Ascend
6.24,46.56,37.46,8.7,6.3,32.93,2.13,-25.52,-23.76,86.82,8.07,95.29,93.32,9.63,8.23,-1.3,-4.06,-8.76,Slow_Forward
15.3,0.47,11.24,15.06,6.71,5.64,1.05,7.77,20.85,51.39,3.58,101.43,74.36,14.29,5.93,-3.71,0.5,19.17,Descend
5.23,37.46,11.15,13.38,29.79,29.78,4.74,8.43,10.84,5.69,11.32,50.74,15.76,4.03,0.64,-3.76,1.33,-8.05,Slow_Forward
34.67,45.17,47.37,8.44,17.34,11.77,0.03,-14.6,-2.82,64.69,11.75,42.53,62.2,1.96,6.06,2.42,2.42,9.33,Forward
3.3,7.16,47.72,21.16,4.6,35.37,4.46,27.87,11.53,10.88,12.81,98.65,12.57,13.7,9.49,-3.87,-0.03,-2.48,Ascend
25.57,4.99,49.53,4.23,8.53,17.3,3.69,19.47,-19.63,-10.5,14.31,45.85,30.39,1.76,5.76,1.87,-2.31,1.98,Forward
49.84,21.34,40.42,2.07,5.45,7.12,0.87,-23.42,3.03,67.22,11.21,49.22,16.39,16.52,5.52,4.9,-2.08,39.91,Forward
40.74,46.7,9.57,23.15,4.18,39.44,2.37,14.91,7.08,-85.11,0.82,17.13,28.44,20.01,6.87,1.82,1.51,43.31,Turn_Left
30.84,27.21,10.76,20.14,24.02,7.31,4.94,-8.82,25.66,-16.66,0.31,65.61,54.09,24.71,8.77,-4.25,-0.74,-8.18,Hover
15.45,26.47,17.14,15.21,15.12,22.83,3.22,15.02,-25.99,-28.26,11.1,39.85,36.9,19.23,5.87,0.42,-3.42,40.27,Forward
31.27,7.23,16.04,14.3,19.12,22.9,0.65,18.05,-7.51,38.54,0.84,71.28,17.92,24.35,4.36,3.34,-4.96,36.82,Hover
26.45,0.24,47.84,15.17,10.27,15.1,2.29,-20.92,26.21,-87.73,4.74,54.34,53.39,0.55,0.85,4.55,-2.4,18.39,Forward
21.42,40.54,39.5,13.39,16.83,38.07,2.35,9.71,-16.97,28.95,2.04,90.03,73.76,13.97,1.56,2.28,2.56,16.6,Forward
6.71,4.56,36.26,12.09,8.1,33.8,4.01,21.76,18.79,-27.65,14.53,34.05,14.78,4.12,6.66,-1.9,1.65,11.28,Hover
44.35,31.77,9.46,15.24,9.59,33.24,4.58,-10.6,-29.9,-72.38,4.75,21.47,89.42,6.13,6.38,-2.49,-4.02,25.94,Forward
22.6,45.75,45.49,16.09,19.74,38.97,0.42,-25.18,-28.45,86.46,0.83,84.65,68.78,18.36,2.77,2.84,-0.56,0.04,Forward
9.89,10.59,41.43,20.91,4.94,18.45,1.58,-28.36,-10.34,-51.8,14.24,46.71,56.75,6.32,7.33,2.6,-3.55,-5.92,Slow_Forward
18.51,33.33,8.35,21.48,18.71,4.16,1.5,-23.4,16.11,-27.16,9.13,68.07,45.67,4.5,3.16,-0.14,-0.27,43.89,Forward
20.82,4.12,43.58,11.64,25.64,30.69,4.98,-29.75,-23.75,-52.73,0.54,112.99,45.4,9.3,3.4,-4.13,-3.89,35.17,Descend
41.41,30.27,13.76,12.7,4.05,15.42,2.8,-10.38,-7.03,29.16,12.5,58.61,40.2,2.08,1.08,1.72,1.79,10.9,Forward
36.73,8.36,4.23,11.52,26.98,7.86,4.4,-12.04,-22.11,50.85,2.29,19.13,20.42,3.66,5.73,0.9,0.84,-6.39,Forward
38.51,36.85,32.91,16.33,2.84,19.48,2.14,-23.38,-16.58,64.92,12.04,51.78,17.13,3.66,3.23,-4.88,-2.41,42.65,Forward
0.75,15.2,32.76,13.87,10.79,37.05,3.62,9.07,0.18,-34.02,9.04,57.95,37.79,5.65,8.28,1.42,4.92,-7.17,Turn_Right
20.92,23.28,4.93,26.74,18.51,7.1,1.44,29.51,-10.85,4.42,2.66,92.15,70.04,21.77,8.11,-3.68,0.89,-9.86,Hover
24.17,30.05,16.08,21.04,17.0,33.99,4.56,24.06,-17.29,29.39,11.29,24.23,35.96,7.38,1.72,3.26,-2.31,5.88,Forward
1.16,8.73,49.64,27.01,3.34,16.9,2.28,-14.83,-6.39,23.31,6.82,42.28,83.1,6.85,2.02,1.74,-1.42,30.99,Forward
13.14,37.13,33.99,21.42,24.07,5.73,4.02,16.2,12.06,38.88,9.57,6.95,44.23,3.15,3.55,-4.48,4.16,36.48,Forward
38.06,15.27,36.56,29.14,29.21,33.98,1.29,26.21,-22.83,48.55,13.04,84.54,66.81,0.4,6.02,0.32,-2.97,22.17,Forward
7.03,33.19,10.8,19.25,5.85,38.79,3.47,24.38,-1.22,-72.45,3.9,89.53,48.87,4.01,3.75,3.05,-2.96,15.31,Slow_Forward
26.86,8.08,4.12,28.92,26.91,11.86,2.03,23.07,-13.52,-59.7,5.49,55.41,54.8,18.07,3.83,3.3,0.71,-9.18,Forward
10.92,34.47,13.99,5.17,16.93,12.35,0.17,17.19,-7.28,42.18,14.96,65.05,32.51,24.25,1.83,-4.15,-1.68,9.14,Hover
0.8,6.58,12.6,2.05,28.11,15.8,2.07,-12.42,19.29,-4.2,7.62,90.23,56.25,18.6,3.69,-4.21,-1.96,-5.39,Turn_Right
12.21,21.38,11.88,17.58,5.69,32.62,2.75,-24.99,25.78,-13.13,8.38,32.93,19.96,21.33,4.97,2.75,-0.9,2.06,Turn_Right
48.8,12.51,9.8,29.51,23.86,0.71,0.77,-0.73,-15.42,-8.02,4.28,73.23,44.81,19.67,9.85,-2.67,3.31,-6.23,Forward
40.12,37.47,28.82,12.82,2.26,9.19,0.93,-26.71,7.8,-23.04,6.24,115.71,50.35,7.4,8.46,0.94,3.41,39.32,Descend
47.99,13.25,16.54,6.76,26.55,28.32,2.33,29.91,10.6,16.39,7.52,79.3,73.36,18.28,8.03,1.09,1.66,28.94,Forward
24.5,44.11,41.05,15.89,20.39,16.4,1.72,-8.5,20.55,-31.8,3.88,10.3,46.02,18.76,5.82,1.3,0.77,14.99,Forward
5.66,44.61,9.36,19.64,11.42,13.41,2.21,27.5,23.94,24.63,3.57,35.54,69.89,6.46,3.92,-1.62,-4.84,41.21,Slow_Forward
27.49,9.98,23.34,9.8,6.12,34.93,2.31,16.39,-1.92,-53.53,9.01,62.78,25.72,23.02,8.64,-4.6,0.65,1.47,Hover
22.83,30.77,0.88,21.59,24.59,36.72,0.71,-5.32,28.95,46.38,2.75,9.65,12.27,24.95,3.8,0.37,4.54,42.45,Hover
42.25,4.57,24.19,29.27,18.3,37.94,0.91,-22.9,28.25,50.69,8.3,81.51,55.54,14.03,6.13,0.15,3.37,-5.92,Forward
5.08,19.7,2.98,26.96,11.13,11.12,4.24,-15.77,0.39,14.13,10.59,78.85,52.65,7.91,2.94,-0.67,-3.56,33.98,Slow_Forward
24.51,35.72,48.89,9.1,13.59,36.53,0.82,10.38,2.52,-23.52,2.97,105.28,70.28,8.94,7.88,-2.2,4.74,8.08,Descend
7.67,33.04,39.57,10.14,24.88,29.56,3.33,19.8,10.06,-87.41,11.19,60.5,38.22,14.56,5.39,3.43,-2.83,-2.74,Slow_Forward
16.37,31.31,24.61,11.46,10.5,6.42,2.1,28.77,-7.57,-68.12,5.4,83.36,12.69,0.19,9.0,-1.3,-3.76,26.39,Forward
36.92,14.27,4.51,12.14,3.14,24.53,4.84,-22.07,9.72,-75.66,14.89,22.66,75.12,7.71,5.9,-3.73,-2.11,24.95,Forward
23.91,19.03,29.7,3.46,27.38,1.35,0.34,-20.64,0.86,-88.16,14.69,1.34,94.8,1.23,2.06,2.58,-3.59,41.38,Forward
18.92,5.33,37.99,22.98,11.93,28.42,4.15,-27.45,-27.87,40.0,11.98,21.5,45.48,15.6,9.93,1.36,-2.75,5.19,Forward
19.84,36.01,9.7,11.28,10.78,29.42,2.46,-14.38,21.16,82.09,5.14,8.4,65.0,15.1,5.27,-1.91,-1.91,32.14,Forward
23.08,25.29,28.5,26.45,6.53,31.64,0.04,19.26,26.43,-87.99,14.06,51.9,59.02,14.78,2.88,-3.49,0.91,40.69,Forward
39.29,35.5,40.75,27.84,26.97,7.15,1.33,-18.1,-28.43,-69.72,14.98,56.73,60.94,3.77,3.63,-0.6,1.14,15.1,Forward
44.63,12.6,38.46,1.22,6.92,25.24,2.04,2.87,17.36,64.92,6.93,77.69,88.06,23.61,1.65,-4.34,0.34,12.93,Hover
47.78,16.36,40.19,29.66,19.28,7.4,1.58,-3.22,-6.85,33.93,9.22,17.75,76.27,13.36,1.2,-2.77,-2.02,10.27,Turn_Right
39.39,16.84,43.99,21.45,26.48,37.88,1.82,-10.45,5.14,-17.15,0.09,26.55,79.28,13.9,4.78,4.64,4.53,44.11,Forward
15.91,1.48,46.9,15.85,1.53,27.1,4.58,7.1,-0.0,88.7,0.65,96.0,18.1,13.61,9.54,-3.5,-2.03,23.46,Ascend
34.47,17.18,20.39,11.99,24.95,4.08,1.81,0.14,3.08,13.25,7.51,69.61,23.2,13.11,1.67,-2.25,-0.99,40.73,Forward
21.99,40.2,28.52,15.8,12.61,7.73,2.1,-9.91,-0.29,30.53,9.14,4.49,69.7,23.46,9.08,-3.61,-0.78,14.72,Hover
12.88,44.89,39.57,10.08,19.91,26.64,3.81,11.33,21.2,27.57,4.69,101.96,58.64,15.05,8.07,4.12,-4.78,38.52,Descend
42.08,26.01,34.92,18.87,11.49,19.22,3.97,-13.2,11.01,-49.91,1.49,75.95,79.69,12.13,8.16,4.25,-0.71,15.44,Forward
2.11,22.88,49.78,3.24,21.02,29.53,0.43,8.59,-5.24,-2.14,11.73,23.21,18.38,19.16,7.24,-4.41,-1.62,-1.33,Turn_Right
45.11,1.74,0.88,18.82,8.0,11.45,3.52,27.43,11.31,-51.05,6.28,31.0,60.98,6.29,6.12,3.98,-4.29,22.95,Forward
23.18,43.98,17.89,8.62,1.15,26.42,2.42,13.74,27.9,1.7,9.73,66.87,53.75,4.8,1.65,-3.58,3.11,37.82,Ascend
31.93,0.85,14.2,1.02,28.46,7.33,0.68,-4.9,-25.18,-84.46,9.75,67.74,86.92,10.98,5.97,-1.03,2.12,-8.12,Forward
33.04,47.25,13.26,16.8,0.98,21.89,1.33,14.85,-6.71,-21.25,8.2,96.82,26.84,0.39,3.84,0.86,-2.17,5.6,Ascend
44.78,24.56,11.28,17.56,24.81,38.32,0.23,18.55,22.23,-23.0,2.68,43.67,41.38,7.34,1.5,-0.38,-2.39,42.05,Forward
31.91,17.23,35.51,13.08,5.49,25.24,1.81,-10.45,14.34,-37.51,9.24,66.37,23.54,10.5,8.14,-3.64,4.05,4.86,Forward
30.77,46.23,4.42,2.63,12.07,2.28,1.28,12.31,26.1,-75.74,4.83,70.32,50.66,14.47,5.69,2.92,-3.11,11.91,Forward
3.52,1.41,37.13,26.85,24.76,39.55,1.92,-3.94,-27.61,48.77,12.29,67.48,89.33,13.58,7.58,1.87,3.74,8.03,Ascend
26.02,29.15,34.73,18.54,6.57,6.53,2.91,19.11,21.77,-14.32,2.9,9.68,70.33,9.19,5.06,4.41,-4.22,4.33,Forward
7.68,27.54,12.69,3.91,26.04,28.81,3.66,-12.28,17.51,56.52,4.37,49.94,76.99,8.58,5.74,-1.47,3.4,11.56,Slow_Forward
36.92,11.12,12.79,15.57,15.18,21.44,3.03,26.27,18.9,60.43,6.6,41.33,18.4,0.03,7.27,-0.7,0.42,36.85,Forward
25.71,21.56,31.52,15.17,11.3,11.99,3.4,4.49,5.84,-51.55,11.1,119.14,50.68,22.03,2.85,-1.5,2.76,8.15,Descend
34.08,32.68,38.16,2.28,20.04,7.34,4.33,-8.8,-26.88,-14.16,10.81,56.42,85.48,5.78,8.55,-4.37,-4.07,28.68,Forward
2.28,36.41,43.85,18.4,10.57,7.35,4.37,-4.84,2.35,39.78,5.06,52.79,85.37,8.95,4.5,-4.45,-0.8,3.52,Turn_Left
4.42,0.24,42.64,24.35,10.75,34.38,4.3,-9.13,-5.53,-0.09,7.66,58.56,98.92,0.51,7.23,2.61,-0.5,-0.05,Ascend
35.87,46.86,48.25,22.6,22.14,34.95,0.77,-21.23,1.62,63.91,3.51,110.39,57.34,23.92,3.6,-2.15,0.15,34.39,Descend
3.79,8.39,29.15,6.49,9.64,18.77,1.26,-25.89,14.42,12.88,11.56,73.76,10.19,12.36,7.17,-0.13,1.28,-2.97,Ascend
3.75,11.83,45.45,25.94,6.42,4.41,2.52,-10.69,5.76,23.32,2.95,47.31,90.92,0.58,0.91,4.79,-1.11,32.54,Ascend
0.8,13.32,40.46,10.6,24.33,35.4,1.8,-2.48,-12.45,51.66,12.29,109.6,96.06,6.28,9.33,-4.82,-0.53,25.01,Turn_Right
47.83,2.08,44.75,28.42,24.26,19.63,0.67,-8.29,5.97,-68.0,14.05,111.65,93.5,21.98,7.98,0.18,-1.3,19.5,Descend
36.93,6.33,0.78,2.62,15.18,17.72,1.45,-29.16,-25.01,15.16,14.87,32.45,79.47,9.39,6.82,0.18,1.99,15.33,Forward
17.79,49.32,48.3,14.84,16.04,16.47,4.88,4.74,-29.68,-74.62,12.85,47.81,29.07,17.24,3.58,4.99,4.08,19.45,Forward
14.97,15.9,23.78,18.12,21.03,14.79,1.74,-21.31,-5.91,-43.1,3.33,116.01,22.52,15.35,8.5,3.34,-3.86,-3.11,Descend
17.62,5.94,39.95,7.81,15.52,21.18,2.1,-17.34,15.43,-51.74,6.25,65.38,73.08,11.8,7.79,-4.33,-2.12,3.56,Forward
38.78,5.53,6.53,23.26,12.8,24.3,0.04,-22.76,19.36,12.07,1.33,52.38,22.64,20.83,4.8,-3.43,-2.8,-8.95,Hover
33.14,36.03,19.92,18.99,29.85,18.82,3.6,1.23,2.99,61.9,2.47,24.25,95.8,1.01,2.38,-4.66,4.39,28.45,Forward
9.42,42.76,13.72,1.03,4.86,35.9,2.07,-24.29,22.08,-66.09,0.75,46.75,50.12,22.81,2.17,-3.03,0.94,33.87,Hover
8.87,13.0,14.72,18.45,17.99,12.91,0.52,-14.62,-22.45,48.31,9.62,76.12,12.77,17.95,5.14,-2.88,-3.57,27.93,Hover
5.1,1.24,6.34,15.0,26.63,23.26,4.84,-2.9,27.85,-64.25,8.0,5.61,23.55,21.59,7.94,-4.1,-1.02,28.98,Hover
33.08,11.31,40.33,6.28,20.77,12.21,3.89,-19.94,25.31,-55.86,13.76,10.91,36.14,0.42,7.29,0.27,-0.26,37.49,Forward
38.27,3.01,0.66,29.87,26.49,30.21,3.63,-3.23,5.95,75.05,6.95,1.64,73.34,2.12,5.19,4.75,1.23,28.61,Forward
13.4,5.35,15.76,26.97,10.42,4.35,4.79,-9.44,-26.48,-88.25,9.63,27.05,76.36,5.15,2.44,3.04,-2.85,9.28,Forward
1.24,21.69,8.89,9.13,8.52,7.79,2.04,21.64,-2.75,-54.51,6.02,22.78,29.17,14.84,2.77,-2.97,0.02,3.16,Turn_Right
4.29,11.65,29.53,16.46,25.61,32.11,3.6,17.69,-19.24,-51.2,12.44,102.25,68.37,2.31,1.05,2.83,3.02,12.57,Hover
48.4,25.89,12.86,9.84,12.13,7.57,1.04,29.57,7.71,-39.26,13.9,23.04,12.86,23.29,2.18,4.82,1.6,15.48,Hover
14.91,12.82,13.1,23.38,21.44,25.14,3.49,1.73,-18.6,-24.59,6.48,79.68,19.26,18.71,0.62,3.35,-3.96,5.0,Ascend
38.51,47.04,24.52,27.94,4.86,38.82,0.08,4.52,-1.09,-71.43,1.24,15.08,58.15,20.19,6.91,-0.31,4.12,6.16,Hover
31.31,45.32,32.7,11.09,22.8,21.06,0.64,26.8,-17.66,-5.68,2.45,71.63,73.34,14.6,6.09,-2.31,-1.61,29.04,Forward
19.22,28.43,6.24,24.26,16.69,7.74,2.13,-6.02,-19.09,-18.12,10.81,52.84,92.29,15.77,9.89,2.48,-0.75,1.4,Forward
10.44,17.85,8.94,15.2,8.42,13.03,0.07,3.34,-15.12,22.49,4.88,49.63,49.4,5.53,7.75,2.86,1.92,32.21,Forward
6.25,19.18,12.51,12.2,15.09,32.99,2.32,-7.25,-28.25,66.15,11.78,102.93,20.8,22.75,2.84,-2.03,-0.39,4.15,Hover
30.83,20.71,48.69,28.18,21.06,14.26,2.62,2.75,12.97,-36.41,11.25,20.96,93.61,16.22,7.22,-2.76,0.88,12.35,Forward
38.78,36.43,19.98,15.56,0.85,29.02,3.11,-25.15,-11.6,8.37,10.41,71.83,49.37,10.44,0.62,1.72,-0.22,5.16,Ascend
32.27,22.69,30.03,14.29,19.31,31.16,0.51,17.03,11.89,-23.15,12.21,98.8,54.77,22.04,9.87,3.88,-1.92,35.19,Turn_Right
26.61,42.87,12.23,20.34,16.48,20.2,0.91,29.12,9.21,-82.75,11.35,85.95,86.9,21.6,6.34,-4.79,-0.59,11.68,Hover
2.29,47.22,24.62,8.21,7.0,31.39,3.07,-26.06,-26.03,57.79,9.49,118.02,62.72,0.01,1.64,4.87,-1.88,43.82,Turn_Left
48.43,16.93,3.89,10.08,22.71,12.88,3.29,18.06,-11.28,24.16,0.06,1.25,37.13,23.12,5.24,-3.08,-0.51,23.04,Descend
39.98,28.12,1.93,28.0,9.45,20.79,0.14,-15.5,4.01,-89.61,7.74,106.24,58.67,9.09,9.44,-1.51,-2.97,-9.08,Descend
14.78,4.93,23.54,20.52,8.67,27.56,2.71,-18.15,25.1,-45.08,8.93,74.0,66.24,10.55,8.57,-4.47,-4.39,34.83,Forward
49.0,10.18,20.05,24.89,14.4,6.97,3.93,11.6,-5.92,-34.38,14.41,1.3,90.08,2.13,3.34,-4.44,1.99,27.91,Forward
30.17,20.79,7.02,8.5,20.45,11.16,0.35,-27.35,0.29,56.08,9.76,56.39,31.14,21.94,4.26,-2.27,-3.74,4.09,Hover
29.2,10.47,34.44,16.54,27.9,26.19,2.07,-2.21,15.01,46.93,8.63,92.33,60.34,13.48,8.61,0.65,3.22,4.77,Ascend
37.45,43.85,49.65,29.16,4.67,26.32,1.64,-29.91,18.2,-18.69,8.12,22.72,92.84,22.64,9.05,4.01,-1.36,17.07,Hover
40.63,8.08,19.9,9.9,12.2,19.88,4.57,3.26,25.4,-61.68,1.55,81.74,14.09,19.52,9.19,-4.3,-2.51,26.65,Hover
32.89,22.89,31.3,5.23,2.48,31.88,0.94,-2.28,-0.17,-20.51,6.41,17.62,27.51,22.45,9.5,0.46,-0.9,39.48,Hover
6.58,30.36,48.16,15.57,22.88,19.44,1.6,24.93,-18.37,55.83,2.02,96.61,41.17,23.71,5.26,-0.84,-3.5,-0.85,Descend
17.05,34.65,41.61,11.94,13.71,35.29,4.49,13.22,15.87,-8.57,0.79,68.65,71.06,22.15,8.68,4.89,3.49,-0.8,Hover
46.42,19.28,23.28,5.21,21.35,29.52,1.66,-22.44,-22.47,-69.14,4.94,5.03,85.77,5.25,3.8,-3.13,-3.33,28.34,Forward
11.39,43.48,36.93,26.71,10.0,12.79,2.66,-8.73,-4.9,-83.06,9.68,11.81,27.93,1.75,8.46,-1.3,-0.06,7.48,Forward
18.73,28.5,6.58,29.73,25.41,15.99,0.17,25.89,7.69,-30.0,13.0,103.8,32.2,15.51,3.8,-4.67,-3.38,2.49,Descend
21.72,22.09,25.7,17.27,16.28,26.81,4.92,13.52,11.51,-63.29,12.16,4.93,84.1,3.88,6.28,4.14,-4.54,27.81,Forward
22.08,3.55,14.1,23.35,28.34,35.81,4.13,5.66,13.98,44.11,4.42,36.53,23.35,21.58,4.95,1.22,2.98,-6.67,Hover
30.72,23.34,8.23,25.84,2.83,7.39,3.18,3.54,-18.39,-39.82,0.69,68.46,33.51,23.69,8.98,0.88,0.57,19.23,Hover
47.17,41.07,21.43,21.18,15.67,20.73,0.31,-6.11,28.9,67.94,6.04,26.4,75.94,3.03,1.13,-4.51,-4.22,25.23,Forward
12.19,30.8,6.72,1.8,23.11,5.02,0.38,5.11,-19.29,21.12,4.72,27.68,24.95,5.9,9.51,-4.01,3.93,11.16,Forward
6.25,41.64,35.01,5.15,18.2,11.39,2.73,16.3,-24.24,-19.14,5.57,93.35,84.52,15.63,4.89,2.9,-1.07,-3.09,Slow_Forward
10.03,24.8,22.92,2.59,1.18,27.53,1.43,-22.35,9.84,19.81,8.39,35.63,54.15,18.13,5.07,0.49,-0.74,8.84,Ascend
44.37,6.1,26.65,0.79,29.18,3.39,3.12,28.19,24.6,-36.87,0.46,5.59,50.28,12.81,8.36,-3.01,-0.05,13.72,Forward
32.36,0.88,7.49,9.53,9.3,26.6,2.99,-15.64,3.56,-64.56,5.56,86.81,22.17,9.23,6.83,0.5,-2.75,-1.14,Forward
14.44,15.3,7.16,12.07,7.85,36.06,4.19,-3.14,5.73,83.55,8.38,114.57,71.17,7.65,9.56,4.68,0.51,16.86,Descend
40.83,34.96,29.25,7.61,14.83,38.78,1.41,-28.64,2.31,11.37,6.46,100.0,89.56,16.65,5.69,-3.96,-2.5,8.64,Descend
43.1,39.55,49.25,2.41,16.49,8.9,2.89,3.02,-27.44,-88.68,10.01,66.28,72.29,18.61,5.81,4.7,3.36,39.5,Forward
42.36,14.93,4.99,16.13,23.11,30.03,3.89,-7.09,10.88,-34.14,2.79,51.56,38.52,7.22,9.73,2.75,3.26,-6.46,Forward
45.96,24.88,14.43,8.56,12.1,37.08,2.46,-15.01,-8.51,-61.28,2.31,111.09,72.89,8.15,9.3,-3.56,-0.23,26.85,Descend
12.76,21.17,43.5,23.98,13.48,3.93,4.15,29.13,26.14,-43.53,4.62,92.18,55.89,11.5,2.48,3.15,0.32,29.71,Forward
37.8,20.64,3.8,0.74,16.28,16.74,0.67,-4.31,-18.79,-79.97,1.53,68.91,86.84,11.26,3.42,2.44,4.93,23.49,Forward
23.13,11.72,43.82,25.35,12.13,36.8,3.67,-5.14,-11.87,-45.88,3.54,105.7,51.37,21.07,6.44,0.74,2.95,18.7,Descend
42.13,6.99,26.31,28.67,27.48,8.35,4.72,-2.21,0.29,32.94,1.3,72.6,31.36,10.92,9.42,2.74,-4.37,-3.66,Forward
36.48,10.0,20.53,21.63,25.61,37.37,1.67,-23.03,-1.36,57.71,6.03,116.85,19.11,24.46,5.85,-3.59,-3.27,23.45,Descend
38.87,2.96,15.62,22.14,13.92,21.23,1.84,-6.41,-5.98,-27.47,10.67,103.14,35.3,7.77,7.46,2.22,0.96,21.16,Hover
32.88,10.07,15.0,28.04,0.51,4.27,0.43,-9.82,-11.14,4.04,4.3,66.5,60.72,17.32,1.39,1.41,-1.28,40.21,Ascend
9.04,0.66,15.43,6.67,27.08,18.16,3.21,-2.09,-21.17,-82.48,0.06,110.82,25.3,18.97,5.46,-2.15,3.04,37.97,Slow_Forward
27.34,31.44,44.26,29.84,4.17,13.25,2.77,21.4,19.26,-73.66,8.36,41.75,13.58,15.76,1.9,1.9,1.41,-8.87,Hover
49.24,15.96,36.25,23.32,7.71,11.5,0.21,-18.43,-3.07,9.35,10.38,84.41,50.4,9.18,2.98,1.79,4.91,44.15,Forward
46.88,48.66,33.55,21.93,4.99,21.8,3.76,6.46,4.38,61.3,5.87,21.38,41.27,6.44,2.08,-2.61,-4.87,21.1,Forward
2.35,9.85,39.98,11.15,5.8,19.5,4.15,-27.74,2.79,-74.16,4.45,107.55,47.84,15.11,2.08,-3.52,-0.62,40.38,Turn_Right
8.41,17.42,13.0,16.6,24.18,19.43,4.54,-10.99,4.53,-14.66,7.36,30.52,50.87,16.47,9.92,-1.38,-0.92,-1.79,Slow_Forward
6.76,18.02,30.98,19.79,17.6,3.8,2.73,-1.64,12.29,84.68,1.52,113.93,78.95,6.44,3.33,-1.01,-0.66,28.3,Slow_Forward
36.35,0.62,23.11,18.8,28.7,32.15,2.27,-25.54,7.76,42.98,9.66,3.02,96.48,8.41,5.87,3.24,3.85,15.21,Forward
40.93,41.99,39.17,21.3,7.33,19.41,4.38,2.64,-13.57,-54.43,11.0,82.14,33.61,21.55,0.69,-0.64,-0.94,-2.62,Hover
10.83,1.79,15.6,2.93,14.83,32.89,2.0,-11.38,3.22,-38.67,10.57,18.86,94.82,20.26,8.16,2.37,2.96,-8.75,Hover
25.39,47.02,32.23,10.99,29.33,33.04,3.28,29.57,-15.33,80.62,4.93,92.73,30.55,4.59,6.96,-0.37,1.33,1.9,Ascend
42.07,44.63,44.13,13.3,24.88,12.89,3.08,7.86,5.33,-50.22,12.64,59.54,77.95,23.33,2.67,-4.33,-0.12,-9.08,Hover
36.69,26.87,20.23,8.19,21.99,0.47,1.87,-15.35,-4.08,-10.64,14.2,109.25,71.32,15.7,0.84,1.53,1.93,22.88,Descend
27.2,27.27,3.52,5.59,6.07,36.48,0.44,-23.84,-27.63,-25.99,4.46,86.09,14.7,12.42,3.11,3.95,-2.71,6.77,Forward
29.6,32.76,25.9,4.6,23.2,30.5,0.12,-27.56,14.04,-1.79,3.94,92.42,75.24,5.02,6.47,0.18,-3.58,42.45,Forward
25.52,19.48,17.43,11.31,10.75,4.56,2.15,-24.55,-13.52,-47.42,10.56,15.34,91.1,18.25,0.64,2.02,4.67,24.79,Forward
15.02,32.43,33.68,15.06,16.15,28.16,2.41,10.8,25.21,30.3,10.62,12.49,93.72,23.02,1.22,2.79,-1.08,32.0,Hover
28.34,2.43,47.56,2.36,18.47,1.09,4.12,21.3,-13.17,-47.77,7.66,102.22,71.67,1.62,4.39,-0.33,-1.96,13.86,Descend
34.51,2.89,24.38,28.42,18.48,1.4,2.08,-20.6,29.8,18.38,13.85,27.87,80.79,13.02,2.17,-2.5,-2.35,4.7,Forward
43.69,22.97,23.42,23.07,21.93,21.18,1.41,-5.87,-2.22,-25.6,2.19,104.17,16.44,21.93,6.5,3.6,1.22,32.2,Descend
31.89,27.57,32.8,22.06,20.02,4.11,2.32,-8.75,-28.42,-44.73,7.16,17.96,24.51,23.81,2.16,3.29,4.96,15.72,Hover
38.1,44.41,5.35,5.6,2.52,38.58,1.2,8.67,-25.42,35.1,0.53,37.71,33.62,1.8,9.94,3.59,3.95,44.98,Forward
8.17,5.41,12.82,18.31,13.99,35.79,0.47,-19.04,-25.07,83.74,0.79,111.52,57.82,19.78,4.64,3.26,-1.0,22.59,Slow_Forward
23.19,41.17,45.97,16.13,20.09,26.1,0.57,27.2,-26.63,66.49,0.81,100.93,44.76,7.04,1.91,-3.67,3.95,36.48,Descend
0.66,10.66,33.56,29.48,9.23,2.83,1.6,13.71,-13.93,-74.37,7.38,7.45,69.14,13.54,1.2,-0.85,-0.43,5.83,Turn_Right
12.48,19.83,0.87,22.56,9.74,13.2,0.07,27.3,-10.52,-8.21,8.83,54.32,50.11,19.59,4.5,-3.08,-3.91,13.48,Forward
36.38,15.97,10.39,17.48,4.17,15.06,1.11,-13.36,-23.32,35.06,0.05,109.27,79.75,13.63,8.19,-3.45,-3.12,3.23,Descend
49.59,20.13,34.21,25.6,12.85,19.39,3.94,5.26,-3.71,11.27,9.49,2.76,74.22,2.75,4.67,2.81,-2.57,32.65,Forward
5.14,7.69,38.27,5.08,29.61,7.01,1.18,13.94,-8.08,40.74,7.35,13.77,77.26,14.76,1.84,-0.19,4.18,31.65,Descend
20.19,25.28,42.03,0.95,8.92,23.23,0.56,12.66,8.18,85.52,3.36,77.78,84.6,2.95,5.14,-4.09,4.79,22.6,Forward
40.04,40.12,14.75,20.86,16.18,17.6,4.75,-28.72,-18.25,-28.39,0.23,13.49,85.08,8.69,3.71,-0.94,-2.73,30.21,Slow_Forward
10.36,22.19,46.57,3.4,22.43,37.91,3.12,29.9,24.84,48.76,2.34,54.41,80.16,13.96,5.27,4.93,-0.97,9.83,Forward
27.84,24.63,27.74,3.91,0.9,37.47,0.31,25.68,0.96,-73.07,9.0,61.43,15.93,24.79,4.22,-2.88,4.82,38.29,Ascend
36.71,42.47,34.89,22.47,27.06,22.75,0.32,-22.81,7.42,66.55,9.88,103.37,66.09,18.17,6.65,-1.03,3.47,40.73,Descend
30.88,35.36,29.92,8.48,11.9,25.88,3.06,2.61,-27.63,50.12,9.71,114.93,11.78,7.58,8.13,0.95,-0.57,26.52,Descend
9.56,24.62,6.31,19.04,26.14,5.77,2.71,-11.13,3.55,3.77,2.3,61.96,76.94,21.91,8.92,-3.0,-0.47,10.51,Hover
17.9,13.03,48.16,27.56,1.65,9.17,0.35,22.73,-7.91,57.79,13.67,61.73,15.5,5.65,7.54,4.68,3.79,36.3,Ascend
39.23,44.27,6.32,9.84,4.8,36.06,1.13,11.85,25.45,29.99,6.16,87.49,98.49,9.6,3.87,1.35,-4.71,43.93,Forward
27.8,28.94,12.89,6.91,10.01,28.06,4.65,-16.59,23.14,9.4,11.52,23.91,65.27,16.18,4.76,-2.71,4.31,21.84,Forward
0.46,11.21,40.72,3.64,10.69,7.82,2.86,-27.97,8.26,80.28,2.5,112.96,26.38,10.26,6.6,-0.53,-4.11,26.29,Turn_Right
38.1,13.6,31.01,4.35,25.51,22.94,2.21,-12.5,16.07,-66.55,7.06,1.14,52.15,18.24,2.59,-1.39,4.01,36.79,Forward
1.96,40.2,41.94,2.34,0.83,37.41,1.26,-27.71,8.68,88.73,7.82,1.21,84.4,16.27,7.17,-3.78,-4.36,27.0,Turn_Right
37.34,2.4,25.88,3.09,19.41,14.0,0.68,-21.52,-28.98,-62.2,11.56,75.45,26.2,16.68,6.67,-2.15,4.69,0.82,Forward
10.28,49.61,18.97,13.24,4.37,7.68,2.02,8.17,12.19,-3.57,9.32,41.64,58.31,10.51,6.74,0.54,-4.91,13.27,Forward
47.91,6.69,46.11,9.97,24.78,37.7,4.61,14.71,-19.37,-48.35,5.99,48.38,10.32,1.38,3.67,-4.12,4.65,23.66,Forward
18.52,39.84,2.01,21.34,23.47,18.61,0.25,-1.92,10.95,-41.06,4.24,27.35,80.96,21.82,6.21,-4.52,-4.38,15.51,Hover
16.48,19.86,42.84,26.17,15.25,16.86,4.95,6.02,-29.37,23.73,14.59,49.53,27.51,1.85,2.38,0.41,-3.75,27.4,Forward
7.61,24.71,11.69,23.65,6.77,10.92,1.05,-20.65,-11.35,-83.75,4.27,99.53,44.85,11.6,2.3,-0.66,4.63,5.48,Slow_Forward
15.42,44.06,42.47,16.15,19.22,35.7,2.05,-10.99,1.02,79.33,1.94,84.21,57.72,7.55,7.8,-3.12,2.92,-1.27,Forward
43.86,20.76,7.13,3.52,5.11,33.87,0.23,12.77,-10.01,-39.67,4.51,12.26,23.04,7.41,4.11,2.13,3.4,-8.44,Forward
49.82,26.97,29.09,21.44,6.11,16.3,2.93,-8.11,11.64,-40.94,4.9,7.74,93.4,5.67,5.67,-4.12,-0.69,-7.86,Forward
18.54,2.66,44.43,11.2,18.99,1.52,2.42,-9.07,1.36,65.44,1.92,61.24,52.19,6.79,3.28,-2.3,-4.2,9.62,Forward
22.54,0.32,23.78,3.03,29.74,18.03,3.34,-18.36,27.58,47.67,10.62,87.89,30.86,23.88,2.74,-3.99,-3.51,-8.8,Descend
36.16,12.39,37.38,25.35,26.79,7.48,2.72,5.69,-8.53,30.91,9.29,80.07,76.16,24.3,7.91,2.28,4.24,4.94,Hover
44.33,34.09,40.27,10.48,18.0,5.97,2.0,18.57,13.31,-63.66,4.75,103.83,90.48,14.27,8.04,1.33,-1.16,18.24,Descend
29.73,6.24,36.88,6.94,16.39,15.91,3.69,-1.83,20.15,48.53,14.9,16.86,92.14,13.12,8.44,-3.12,2.56,30.93,Forward
19.7,5.87,46.28,26.21,29.95,4.23,0.13,-23.07,-14.78,-25.06,9.83,73.08,48.8,1.21,8.62,0.57,1.9,22.39,Forward
20.75,20.67,22.45,27.11,16.65,38.31,2.71,20.3,15.25,88.9,10.55,92.16,42.35,20.09,4.41,1.96,-0.26,19.4,Ascend
34.84,32.46,8.82,10.5,12.89,2.19,0.58,-25.72,-6.4,30.82,8.36,112.6,93.63,4.26,8.19,-4.66,3.61,3.32,Ascend
0.36,35.66,2.58,10.97,27.33,16.23,2.19,-1.7,-22.28,60.46,8.27,13.01,14.76,3.56,3.79,1.63,1.55,-9.13,Turn_Left
31.06,9.09,12.47,17.6,7.41,6.76,3.96,-14.34,-29.78,42.08,0.3,29.52,77.55,10.6,1.0,-1.88,2.4,-2.86,Forward
17.9,4.16,7.33,22.14,3.38,27.65,0.72,26.18,14.63,16.96,11.56,43.2,25.98,8.69,7.05,-3.65,3.37,44.0,Forward
39.75,47.03,27.99,2.36,19.21,3.43,4.68,14.25,-18.83,38.94,13.66,65.35,51.9,2.42,2.39,3.21,-2.77,41.03,Forward
4.83,13.18,9.41,18.0,3.33,22.01,4.44,3.98,-26.93,17.55,1.83,49.62,95.83,3.7,4.79,1.06,-2.07,7.11,Ascend
29.49,42.7,2.14,28.61,11.51,30.99,2.08,10.07,-0.17,-80.78,11.93,103.47,62.3,24.81,2.06,0.47,2.56,7.65,Descend
24.15,43.2,1.99,8.23,13.0,38.02,0.04,1.96,-9.2,-27.81,8.01,114.11,57.11,18.37,4.22,3.36,3.29,39.02,Descend
32.19,38.67,41.61,27.31,16.65,28.03,3.95,-21.14,11.51,-33.04,4.28,9.34,15.56,14.96,8.91,-2.35,0.98,-5.68,Forward
3.43,8.61,29.65,28.53,29.75,4.25,4.41,12.55,-23.56,38.52,13.81,84.26,34.96,7.59,6.32,-4.86,4.93,-0.57,Ascend
29.08,41.13,18.03,8.44,7.02,3.81,0.88,-0.44,-22.04,13.71,0.26,14.6,10.27,10.71,1.91,4.49,3.78,-3.51,Forward
28.16,38.51,44.73,22.75,11.58,29.34,4.58,8.06,-5.75,19.89,4.11,107.86,88.75,15.7,7.39,-2.37,3.01,37.9,Ascend
28.12,29.92,3.7,7.54,4.4,8.85,4.57,-27.29,1.22,62.46,13.29,17.91,68.04,19.61,8.55,1.33,-2.55,-9.64,Forward
30.25,16.99,49.02,22.26,18.42,18.06,2.36,-21.48,19.45,4.56,7.22,118.99,20.62,23.66,2.08,4.77,-1.67,-9.2,Descend
33.89,13.27,30.89,24.02,21.97,39.07,3.99,5.36,5.14,-50.71,8.98,51.9,42.71,3.07,7.57,-2.66,-1.39,34.76,Forward
40.29,6.27,9.34,7.79,14.72,32.85,2.23,-2.43,24.16,-87.76,11.25,46.45,83.03,4.79,5.72,4.93,-4.07,25.03,Forward
13.64,25.59,34.02,21.62,7.75,33.91,2.82,-16.39,-16.93,-61.29,2.22,70.77,22.63,14.19,6.24,0.39,2.31,20.98,Forward
41.29,29.35,38.22,24.46,18.82,34.47,1.61,-15.55,5.77,-84.5,3.23,47.93,30.72,23.46,9.42,4.59,-0.88,40.76,Hover
25.01,18.1,21.58,11.08,16.41,24.9,0.81,7.9,9.31,-47.33,14.98,28.93,58.73,11.31,0.85,-4.14,1.21,16.59,Forward
4.04,23.87,43.11,5.45,5.55,29.83,3.74,-26.46,13.55,24.3,3.56,75.87,23.05,15.85,6.57,0.31,2.09,15.68,Ascend
3.12,18.3,7.71,3.21,12.47,14.55,0.02,-3.94,29.32,-62.74,8.09,87.68,44.44,7.34,1.27,4.44,-4.92,13.14,Forward
16.85,32.12,14.09,17.47,13.34,39.94,2.9,1.39,-1.92,-75.25,4.48,113.49,98.39,20.29,8.0,-3.44,-4.52,25.87,Descend
39.29,45.08,4.86,29.35,29.49,11.4,4.32,-11.51,-7.84,84.75,12.77,49.69,58.95,15.13,9.01,-2.25,-1.65,7.78,Forward
35.44,8.36,10.7,24.78,25.55,23.72,1.11,19.23,21.13,89.44,14.43,84.99,73.14,9.55,1.32,-2.88,1.56,26.76,Forward
39.47,19.19,12.09,13.36,22.16,11.5,1.67,-26.59,-19.39,24.66,2.12,100.2,69.7,13.57,0.75,4.65,-0.22,28.7,Descend
25.96,7.22,45.9,16.33,26.72,4.75,2.94,21.95,-27.78,-70.46,9.01,99.93,29.05,17.37,9.58,-2.36,4.39,1.63,Turn_Left
22.12,31.32,4.09,8.75,22.2,22.83,1.24,13.4,-3.38,57.87,12.17,5.08,86.15,5.34,9.3,-3.79,-2.43,22.72,Turn_Right
7.54,36.5,21.49,5.31,27.15,14.33,4.24,-3.22,-15.17,7.06,12.35,43.33,20.98,8.54,9.28,2.97,-3.96,29.97,Slow_Forward
16.54,46.61,26.71,14.72,2.11,23.45,1.84,25.47,-6.21,-57.23,6.61,2.6,92.94,6.26,9.43,0.14,-3.86,42.87,Forward
21.81,14.09,44.95,14.17,13.95,22.48,2.91,12.13,29.16,13.62,3.38,67.53,29.45,24.0,5.25,0.9,-2.75,41.64,Hover
4.61,47.52,49.89,15.9,22.53,21.83,1.14,25.86,-9.09,-82.91,5.81,103.95,95.93,1.07,9.78,1.07,-2.64,1.28,Ascend
11.19,3.35,37.72,28.61,17.71,5.2,0.22,-1.64,12.48,85.04,11.27,97.98,81.82,1.41,8.98,1.13,-1.21,21.75,Forward
29.99,30.23,48.55,18.31,5.67,17.78,0.88,-2.82,-14.98,58.67,14.91,97.54,25.39,8.89,1.43,-0.46,0.64,15.82,Forward
36.84,3.05,39.4,18.37,10.54,32.54,0.24,1.84,-11.79,-43.06,8.31,42.87,24.44,13.45,8.22,4.76,-2.51,9.21,Forward
49.92,44.71,48.17,4.28,9.87,12.81,2.35,-26.07,-15.41,-14.6,2.93,6.51,17.61,8.22,7.27,-3.26,0.15,8.82,Forward
46.67,26.58,35.42,29.9,8.21,17.92,2.94,24.51,4.33,-18.85,0.63,21.52,32.26,21.42,1.77,4.58,-0.22,43.4,Hover
32.2,33.53,4.17,23.3,10.62,19.91,0.23,10.06,-16.43,65.07,14.16,80.81,69.32,4.23,7.51,-2.08,-1.91,-7.99,Forward
21.18,41.61,20.22,26.38,15.69,34.55,0.46,7.06,13.1,-26.17,7.25,16.93,56.83,9.12,5.11,-3.1,-0.66,36.89,Forward
31.88,7.69,32.4,12.72,25.72,26.33,2.43,25.59,10.82,-81.36,10.75,15.91,65.2,12.2,8.61,1.26,-1.17,14.94,Forward
39.33,2.12,17.67,15.31,22.39,4.28,4.0,29.62,-4.72,-51.36,9.9,43.09,12.8,5.05,8.28,3.92,4.5,21.17,Forward
6.09,43.97,13.81,15.9,25.14,34.65,3.14,-20.2,-28.47,-51.2,13.36,12.25,17.2,7.25,9.45,-1.37,-4.31,30.66,Slow_Forward
20.61,15.88,28.95,6.23,26.57,33.33,0.53,14.94,-28.64,80.86,3.99,40.24,72.28,23.69,1.22,-4.25,2.67,15.1,Hover
42.02,6.62,46.69,20.84,12.78,30.22,4.44,4.8,1.97,76.33,6.63,116.39,86.31,13.01,7.25,0.37,-1.91,44.3,Descend
19.31,23.53,1.94,27.14,10.71,18.8,4.59,-2.34,20.35,-35.89,13.7,3.37,42.35,21.74,4.08,4.85,-3.15,37.72,Hover
28.68,30.0,38.51,5.33,2.2,30.37,1.63,28.66,5.93,-89.5,8.78,99.83,24.98,6.73,7.87,-1.1,3.71,1.74,Forward
29.47,1.74,36.19,3.05,27.95,19.31,3.08,21.02,-3.86,3.06,1.07,119.24,37.75,15.31,6.22,-4.8,-0.3,26.87,Descend
9.39,13.89,48.2,22.28,2.44,29.54,2.47,11.8,22.93,53.5,2.92,52.93,47.08,19.08,5.21,0.01,0.1,16.15,Ascend
18.24,1.83,46.55,8.56,22.36,35.24,4.71,-7.04,-18.18,-41.65,3.56,113.22,66.71,10.54,0.54,-1.16,-0.84,9.86,Descend
16.86,21.13,38.16,18.9,11.65,35.65,2.55,9.96,-8.43,-10.97,14.91,32.08,46.85,15.62,6.27,-4.33,-0.95,9.34,Forward
1.5,44.78,26.12,21.02,28.49,18.35,4.8,1.9,3.92,-58.9,3.36,117.89,90.73,21.58,4.49,3.75,1.93,-1.05,Turn_Left
1.4,49.14,10.37,10.0,12.88,34.42,1.0,-15.04,-12.5,-31.07,13.05,103.52,46.11,3.52,3.66,1.19,2.59,15.17,Turn_Left
41.62,31.92,27.35,24.55,24.59,4.33,1.73,-2.98,29.86,46.59,1.17,106.28,26.32,8.87,9.89,-3.46,2.89,22.76,Descend
13.8,8.25,38.31,16.72,8.84,4.34,3.91,-17.27,-2.86,-12.91,2.73,16.52,32.35,20.6,7.15,4.26,0.25,33.91,Descend
26.0,45.31,44.8,26.14,9.32,22.07,3.92,0.03,-26.9,-9.49,13.08,104.54,51.86,5.77,5.63,0.76,2.02,5.88,Descend
15.08,25.91,39.53,23.02,18.07,26.18,3.66,13.21,-19.43,52.12,13.48,113.08,80.42,13.9,8.75,1.89,2.78,32.56,Descend
47.05,7.86,9.92,26.12,29.94,6.37,4.3,-27.8,1.95,47.34,2.64,98.47,88.25,10.95,2.66,0.83,1.83,20.46,Turn_Left
13.11,46.1,30.06,1.09,15.77,19.05,3.52,15.92,3.0,-56.31,3.45,11.87,26.68,16.62,6.39,4.78,-3.06,4.19,Forward
21.6,37.92,16.74,7.68,28.12,4.05,3.18,-28.8,29.05,-15.25,7.96,11.09,10.31,16.7,8.68,3.91,2.12,33.29,Hover
43.66,36.64,0.66,3.16,23.69,24.2,2.3,1.04,6.0,62.79,0.79,43.56,88.25,14.46,1.67,-4.83,1.48,23.16,Forward
42.13,35.52,10.17,13.54,23.98,34.25,2.34,4.41,10.0,-7.79,14.18,84.89,30.54,23.67,2.74,-4.85,-4.04,42.52,Hover
9.47,10.18,5.84,26.75,13.36,29.58,2.04,15.67,-17.18,29.12,5.43,2.48,83.95,4.38,1.29,-0.12,1.46,5.86,Slow_Forward
40.17,10.71,42.17,14.29,11.9,15.32,3.1,15.66,-23.59,-34.93,7.34,114.13,59.57,20.88,9.93,-1.86,3.75,43.52,Descend
23.02,34.48,13.07,25.57,6.16,39.75,2.04,-4.95,6.12,-79.28,1.58,63.53,46.37,12.24,6.02,0.39,-0.87,20.56,Forward
24.25,11.14,14.38,10.15,28.94,26.62,0.75,-26.02,21.89,-60.32,0.49,43.65,23.21,16.55,5.15,-1.62,-3.66,15.01,Forward
6.85,22.05,48.0,10.52,28.8,32.67,0.54,11.61,5.24,-17.69,7.02,67.79,70.48,6.84,3.72,3.78,1.11,38.12,Forward
4.21,39.14,19.08,26.92,22.54,26.89,4.62,0.66,-3.43,-26.38,1.83,86.18,83.63,2.37,4.77,-3.3,-2.61,-1.32,Ascend
36.45,39.24,0.68,13.06,9.24,39.58,0.13,-10.02,4.69,71.22,9.45,33.52,51.5,19.44,7.87,-4.43,0.45,15.41,Forward
24.92,22.77,14.34,23.8,7.73,32.91,0.54,-15.91,-1.87,8.21,11.92,35.64,50.17,6.29,9.21,-1.57,1.69,-3.1,Forward
21.96,39.65,6.14,7.48,29.66,20.92,2.23,-22.81,-21.49,22.89,0.48,56.71,77.98,9.76,1.5,-3.61,0.1,23.73,Forward
36.53,41.96,5.32,28.49,2.46,14.87,1.32,-12.29,14.47,33.96,9.18,80.72,55.01,1.19,3.35,0.92,-1.91,-7.66,Forward
38.32,32.81,4.06,17.45,25.39,27.38,2.04,-2.49,1.98,5.69,12.23,85.06,80.71,16.26,2.3,-0.28,3.57,43.91,Forward
8.11,11.58,29.74,22.9,10.99,23.73,0.6,-1.34,-6.04,48.54,6.59,39.56,14.87,17.19,4.64,2.08,-3.64,-9.55,Hover
30.59,13.85,9.63,3.14,12.86,25.29,0.66,4.96,3.58,50.96,14.4,39.38,87.19,22.54,5.54,-4.27,-4.57,41.27,Hover
6.94,15.88,18.19,15.03,25.04,13.92,4.01,-8.25,-15.53,-26.75,1.67,58.97,33.59,22.28,7.35,2.54,3.29,25.43,Hover
37.62,6.02,43.13,27.08,3.17,17.32,3.8,25.19,-4.32,-74.74,4.84,65.49,25.23,17.63,8.82,-2.23,-4.66,35.25,Forward
32.92,13.8,21.33,26.37,10.95,22.46,0.53,-0.25,7.35,87.54,3.45,78.28,12.91,8.05,5.65,1.71,-0.13,9.7,Forward
47.84,10.63,45.8,1.88,28.58,33.62,3.34,-4.58,-16.43,25.67,14.94,74.51,85.07,9.37,5.14,-2.09,0.38,3.42,Forward
3.63,22.88,25.0,9.46,21.12,30.59,3.05,-27.11,14.94,37.6,4.41,45.33,15.41,9.54,5.97,3.34,-1.62,-0.48,Ascend
3.04,45.44,20.06,13.58,22.77,5.01,3.57,5.94,1.26,46.21,5.82,36.33,95.9,3.24,8.94,3.34,-2.24,19.22,Ascend
14.25,5.4,37.57,5.58,22.85,10.05,2.38,6.17,21.7,20.33,12.71,37.64,60.84,23.68,6.66,-1.94,2.4,4.66,Hover
13.23,36.07,3.84,22.03,2.29,1.36,1.36,5.0,20.83,-5.24,13.95,77.8,72.88,20.45,7.98,4.1,-1.34,38.41,Hover
12.5,34.43,4.66,5.94,6.49,0.62,3.32,23.26,-0.33,87.24,14.07,52.54,75.28,3.63,7.34,-1.79,-3.76,-8.35,Forward
45.33,4.97,32.67,10.73,14.99,9.21,1.86,15.77,-18.27,40.98,8.37,16.99,36.34,23.66,9.27,3.96,-0.37,-5.35,Hover
12.63,46.14,24.45,20.07,11.36,32.03,1.1,22.04,14.2,62.25,9.95,1.7,82.58,21.08,8.26,-3.07,2.26,1.87,Hover
13.74,28.51,39.56,14.72,12.62,36.22,2.05,-26.43,-4.88,-10.86,5.24,4.53,95.16,22.97,3.74,-2.12,-1.92,-5.47,Hover
38.02,18.31,45.83,22.29,23.55,15.85,3.82,-10.91,5.68,72.86,9.11,104.23,43.29,7.14,8.62,3.84,-3.68,35.54,Descend
22.6,37.88,19.54,28.86,0.93,22.66,2.38,-10.88,-23.56,41.79,4.54,55.48,85.18,8.39,4.94,-4.19,-1.59,-9.78,Ascend
38.88,13.02,29.9,3.94,19.98,28.33,1.51,9.42,7.9,44.3,11.19,79.23,79.48,11.75,8.55,2.02,0.45,25.84,Forward
3.46,34.74,25.13,21.43,0.5,38.13,4.16,-3.08,-7.59,-74.35,4.61,111.56,63.06,5.61,9.1,1.82,-3.98,15.05,Ascend
24.48,2.18,49.08,7.3,2.36,36.54,4.41,16.65,-9.95,21.14,13.19,16.03,43.09,11.64,7.01,4.72,-2.65,32.5,Descend
1.87,42.0,41.59,12.73,12.54,2.57,2.17,-6.93,28.79,-29.66,2.15,54.27,47.37,0.23,7.33,4.72,4.71,12.57,Turn_Left
3.32,22.52,45.6,1.47,25.31,10.15,1.88,-16.7,-4.05,30.42,8.58,65.15,37.68,21.94,1.84,-0.2,-2.96,25.48,Hover
45.34,31.91,12.87,4.51,4.78,2.25,3.07,-12.54,10.68,12.28,7.81,101.14,48.36,4.06,3.58,1.58,-4.36,25.16,Descend
7.13,11.22,38.67,9.93,16.86,24.78,0.3,-19.05,7.66,-69.99,3.96,119.25,99.07,12.52,5.8,-3.44,-0.68,10.01,Slow_Forward
26.71,33.92,13.42,10.59,20.52,28.51,3.46,-18.13,-23.74,5.4,0.42,85.69,42.71,23.22,0.53,-2.74,-4.26,-3.72,Hover
20.67,38.66,10.6,27.04,7.27,12.54,3.91,-16.99,14.88,-8.77,2.23,77.38,69.9,20.52,8.55,0.58,-4.86,13.82,Hover
17.5,23.77,47.22,22.38,15.61,34.2,1.99,-29.03,-10.61,49.76,14.52,110.52,38.76,19.4,4.01,-2.62,-4.85,38.13,Descend
45.01,30.96,1.16,29.18,27.39,18.28,0.88,12.97,17.94,0.47,14.12,100.65,52.0,15.14,7.37,-2.83,-2.04,33.8,Turn_Left
1.29,22.93,48.28,18.17,15.61,39.94,0.15,-6.02,6.46,-3.39,1.79,103.94,17.54,10.91,7.81,-4.77,-4.26,10.43,Turn_Left
33.26,44.73,7.63,7.63,5.14,0.32,3.19,-28.64,-10.97,39.51,5.62,1.32,78.69,11.15,5.71,-4.27,-3.07,37.7,Forward
48.18,24.99,41.01,10.17,19.02,4.65,1.35,-7.8,-8.62,30.35,6.98,62.22,69.49,2.17,8.01,2.11,1.48,14.13,Forward
28.1,42.12,13.94,9.94,17.97,12.28,2.32,24.32,13.89,88.53,7.17,94.14,41.27,1.62,6.98,-4.86,-2.12,0.79,Forward
46.85,40.11,17.66,10.13,1.3,1.31,1.94,0.67,3.0,-26.65,4.48,22.59,57.24,21.09,3.92,3.96,0.75,37.52,Ascend
2.8,20.64,10.99,20.35,3.17,31.36,0.88,29.21,10.1,33.9,13.69,90.42,88.5,10.22,8.25,-4.21,-0.89,17.15,Turn_Left
21.06,11.66,29.36,16.16,5.13,2.4,2.55,2.4,-20.5,-59.89,13.63,2.09,14.0,1.35,6.54,-3.43,3.85,13.86,Forward
13.16,20.42,17.54,11.87,4.52,30.03,2.3,27.77,17.22,54.82,0.28,69.44,93.72,16.58,2.02,-1.6,1.96,2.92,Forward
36.59,41.35,32.94,4.9,8.15,2.39,3.12,-17.89,-10.78,51.51,9.75,102.31,52.37,17.08,7.84,2.27,3.53,32.05,Descend
49.07,11.54,0.98,1.15,13.9,10.33,1.27,-12.6,7.19,40.65,1.12,52.33,87.37,5.69,6.92,2.01,0.19,20.26,Forward
12.98,26.32,3.41,6.96,11.47,33.7,1.08,12.0,-23.12,-68.57,8.96,88.99,87.53,10.27,3.2,-2.53,2.81,1.4,Forward
32.78,40.34,5.16,3.67,26.77,38.06,4.07,29.21,-10.71,87.76,13.0,64.12,15.28,14.34,8.5,-1.73,1.16,4.26,Forward
10.07,17.8,21.07,23.67,18.56,16.76,3.51,19.52,8.93,79.67,9.74,78.03,80.34,14.91,4.05,3.21,2.44,11.04,Forward
28.35,32.18,40.78,3.82,26.35,38.81,3.86,3.22,-13.55,-23.38,7.03,62.48,75.96,12.78,5.75,-0.03,1.85,19.39,Forward
23.3,12.43,44.43,21.86,16.05,25.19,0.63,-24.89,22.82,13.92,14.37,57.62,13.89,9.1,3.76,-0.42,-1.99,34.28,Forward
48.61,5.64,12.39,11.88,3.15,16.81,1.13,-8.14,9.67,70.0,11.2,101.15,94.65,1.72,7.38,1.33,-3.75,1.4,Descend
30.5,39.76,28.8,2.66,14.17,32.17,2.88,-24.81,22.22,-0.96,3.74,12.04,67.11,0.56,6.02,-0.43,3.06,30.62,Forward
17.61,5.13,38.46,24.48,24.75,12.02,4.29,-11.32,-6.28,17.85,5.8,70.57,25.08,11.49,4.97,-0.66,-4.23,40.39,Forward
5.88,13.71,14.58,17.6,6.23,10.85,4.46,-14.47,-27.96,18.58,11.4,14.66,21.08,5.07,0.69,2.99,1.05,11.76,Turn_Left
7.73,42.78,20.57,7.45,3.19,26.36,4.16,-6.69,4.57,26.87,0.29,67.97,60.58,23.46,6.27,4.31,4.89,10.12,Hover
11.42,17.45,26.29,26.89,10.22,15.8,0.23,20.24,-9.65,13.59,0.96,115.67,15.3,16.01,6.41,0.49,-3.17,16.27,Turn_Right
12.7,48.66,6.92,1.84,11.97,5.7,4.11,-20.98,-3.11,-16.93,12.89,7.79,24.8,14.64,2.22,-2.11,2.43,34.94,Forward
42.56,48.99,1.49,6.45,9.53,2.96,4.5,-11.64,10.87,7.11,0.64,51.22,95.36,10.16,3.66,4.5,4.53,-4.91,Forward
28.15,13.56,7.81,22.69,4.49,31.58,0.29,-14.33,12.04,66.86,10.18,96.43,77.03,8.24,8.85,2.02,-0.05,11.3,Forward
26.26,2.24,31.42,21.43,7.9,27.13,2.09,-12.23,-28.35,65.54,4.78,44.99,65.21,4.5,5.72,1.54,0.73,-8.39,Forward
5.92,35.31,3.87,9.03,20.63,16.65,2.69,-8.36,16.16,49.06,12.39,62.92,28.79,1.5,4.63,1.07,-1.32,18.48,Slow_Forward
43.03,22.66,9.65,2.33,11.88,35.88,1.17,-15.34,-0.39,-15.46,12.71,14.65,29.67,15.86,9.39,2.4,-0.58,41.93,Forward
36.2,5.22,17.03,25.81,19.16,16.61,2.59,26.55,3.4,51.48,14.3,27.55,50.12,19.48,8.21,2.76,1.3,-1.19,Forward
3.57,35.43,4.08,9.75,16.32,28.5,4.43,-4.79,-12.12,-20.19,1.43,82.68,77.86,21.44,1.43,2.91,3.71,4.05,Ascend
35.45,1.75,9.75,6.27,16.7,36.39,4.34,-23.15,-4.75,29.53,6.34,99.6,10.35,18.11,8.66,4.76,4.52,28.44,Hover
27.27,43.54,45.58,15.72,7.83,33.68,4.7,-1.94,12.62,12.14,8.61,77.93,13.98,22.42,1.92,-0.89,0.43,27.98,Turn_Left
4.27,7.1,1.16,27.35,15.89,20.59,2.43,-18.93,16.6,-36.0,13.74,100.59,88.31,24.57,2.16,-2.57,2.82,22.82,Ascend
23.02,6.54,32.74,1.78,1.2,27.32,2.06,-17.03,-6.77,-8.48,4.0,73.07,83.27,24.04,1.22,-1.06,2.36,3.29,Slow_Forward
24.34,8.95,19.34,23.09,13.24,16.72,3.33,-12.9,11.47,59.47,1.07,97.41,72.52,14.81,5.07,2.67,-2.53,-6.34,Forward
8.46,48.02,33.7,17.39,17.39,25.99,2.09,-22.51,-14.52,74.3,3.03,117.96,54.96,5.61,6.62,0.41,-0.38,2.23,Hover
47.3,34.72,29.52,13.05,5.87,10.52,0.22,13.27,19.92,-53.05,7.43,10.86,23.06,2.66,7.66,3.65,1.84,25.15,Forward
42.53,40.11,11.33,22.45,8.07,17.56,3.6,17.52,6.59,-7.88,10.22,58.08,19.2,24.85,0.75,-2.64,-3.71,6.29,Hover
33.52,20.0,42.39,28.99,6.98,8.62,1.41,-6.34,16.51,-11.97,10.36,23.6,91.48,7.71,2.19,2.37,3.84,36.29,Forward
23.22,16.95,24.7,7.26,2.58,1.82,0.25,11.34,-1.37,-1.98,1.12,56.36,44.43,0.85,6.4,-2.51,-0.97,23.89,Forward
20.71,11.88,41.16,4.74,10.76,23.67,0.11,-6.66,-16.25,85.79,11.42,60.45,72.62,9.78,5.49,2.99,-0.47,-7.25,Forward
32.62,24.14,20.42,27.43,29.38,34.62,4.66,-20.16,-4.25,3.37,9.9,75.01,51.06,18.7,0.99,-0.62,3.7,-5.15,Forward
27.36,27.68,49.24,20.23,10.94,1.32,1.27,-6.17,-7.11,59.41,6.11,53.28,75.78,22.27,9.39,4.89,-3.28,5.43,Hover
3.3,31.66,38.57,13.42,14.09,8.08,2.25,3.42,-10.04,29.51,8.57,39.64,27.4,11.94,7.71,1.69,-4.64,21.55,Ascend
25.72,13.0,48.3,17.41,19.77,18.57,4.75,-27.54,-17.27,-70.71,11.52,6.14,53.61,7.35,3.91,2.42,-2.14,41.53,Forward
40.36,47.44,25.81,22.5,19.63,26.74,2.34,9.27,15.55,35.22,3.93,5.14,43.92,19.46,5.6,-4.57,-3.5,-4.32,Forward
23.07,8.65,23.79,23.3,28.52,7.1,0.4,14.56,-24.82,26.47,14.1,21.83,32.05,12.59,4.06,2.03,4.86,35.69,Forward
2.79,48.29,37.82,27.64,25.8,2.55,2.76,21.6,23.25,46.52,2.07,54.43,63.79,2.15,4.83,-0.81,0.66,21.51,Turn_Left
39.36,0.94,44.04,13.09,23.92,20.91,0.45,-23.83,-19.5,-76.6,13.53,50.68,58.33,22.19,6.16,-1.77,0.65,10.02,Hover
10.23,24.16,48.21,9.16,28.57,32.8,0.48,-29.99,28.79,-46.56,11.11,23.69,54.61,16.4,4.29,2.95,2.94,25.36,Forward
13.08,16.8,16.36,19.37,7.31,1.7,4.26,-25.6,29.31,48.47,9.91,98.86,63.2,0.92,6.4,-2.71,-2.41,33.18,Forward
8.4,22.57,39.98,12.76,18.7,14.17,1.45,25.45,-6.1,-23.29,1.24,82.34,22.83,0.23,4.92,-3.18,0.23,9.73,Slow_Forward
16.64,28.62,10.69,18.04,26.67,26.64,3.4,15.93,29.27,73.95,13.79,41.84,43.35,2.19,6.74,-1.45,-3.58,40.58,Forward
37.89,21.89,27.37,12.89,18.91,5.49,2.55,20.13,22.14,3.18,4.43,95.84,39.22,20.55,2.99,1.29,-4.07,20.3,Slow_Forward
26.07,20.86,9.16,5.01,29.33,9.67,1.12,1.02,-25.05,-89.82,11.18,118.72,79.23,12.03,2.13,-2.43,-0.6,-1.37,Descend
10.4,36.69,17.5,14.35,3.46,21.56,2.59,1.6,26.84,35.79,13.27,30.16,13.22,8.38,0.63,0.59,4.13,20.07,Turn_Left
43.92,34.36,46.58,20.88,13.46,38.14,0.35,-12.09,-27.45,2.42,3.66,44.15,35.37,6.23,6.22,-1.15,-0.59,32.1,Forward
44.0,41.7,7.48,24.08,29.33,11.71,1.74,20.57,-19.09,-32.92,13.72,119.15,92.65,12.67,9.82,-1.03,-0.48,22.26,Descend
43.55,12.65,31.69,15.05,11.7,19.65,2.62,19.79,5.08,-86.32,9.18,17.41,37.03,2.08,4.49,-2.97,3.65,22.13,Forward
12.09,30.55,29.73,5.37,22.32,16.18,1.15,-6.47,-25.16,-54.23,9.89,10.19,23.67,15.43,2.52,-1.78,-2.14,-8.47,Forward
22.67,29.34,6.21,12.73,1.4,35.93,3.3,-10.24,-20.3,-60.91,13.72,63.0,78.16,9.51,0.62,-2.26,-0.1,15.48,Ascend
49.25,18.61,16.43,23.7,21.0,3.15,0.27,14.3,27.21,14.91,7.9,56.74,14.31,21.46,5.37,-2.57,-3.36,10.11,Hover
38.65,24.41,28.24,12.68,28.07,22.78,2.43,-28.43,29.68,48.52,6.61,10.32,48.37,18.86,9.93,-4.19,3.46,-7.59,Forward
1.55,15.83,9.52,21.05,11.79,33.89,3.58,21.6,17.89,-47.77,9.5,35.51,86.98,0.46,9.85,-0.67,-4.63,27.46,Turn_Left
3.45,7.26,40.07,15.46,1.13,39.53,2.16,-3.23,0.91,35.59,8.31,50.85,95.87,4.16,1.46,-2.55,-0.87,0.07,Ascend
23.3,10.85,48.61,7.62,1.32,28.04,4.37,-3.52,24.02,71.97,0.92,98.84,32.41,11.85,8.26,4.61,-2.23,9.25,Ascend
45.48,5.45,10.9,23.99,26.81,15.38,3.16,10.14,-23.29,21.89,2.71,85.23,36.66,16.47,2.15,1.02,-2.43,21.77,Forward
27.03,34.22,9.51,2.98,21.81,16.65,4.79,8.74,26.57,49.62,0.2,109.83,61.05,17.88,8.19,-0.38,-2.56,14.22,Descend
24.99,33.1,22.86,15.98,3.65,14.26,1.43,-14.04,-8.91,-53.24,1.62,40.57,30.39,20.41,8.61,-1.62,-1.3,28.6,Hover
5.45,47.54,37.44,6.66,2.11,24.26,4.69,26.6,21.69,-76.51,10.95,37.82,23.57,1.23,0.57,-0.39,4.01,36.46,Slow_Forward
32.91,36.54,14.22,2.48,24.24,29.65,3.04,29.18,10.1,-24.23,0.07,56.12,48.34,0.46,2.75,-1.59,2.09,-0.69,Forward
41.14,2.79,1.19,15.34,24.39,32.83,3.73,1.56,27.62,37.62,4.57,1.9,16.5,15.01,1.04,3.57,3.89,5.32,Forward
19.14,44.24,27.15,15.24,4.06,16.84,4.51,3.68,21.88,33.5,6.74,25.67,90.48,18.1,5.24,-2.44,-3.04,0.22,Forward
38.83,43.16,47.84,21.35,9.39,28.75,2.76,3.26,23.27,81.91,14.07,26.17,40.08,19.67,0.75,-2.2,3.49,17.46,Forward
48.23,22.28,19.69,22.47,23.51,36.67,4.31,-0.85,7.91,23.4,4.91,8.27,40.27,3.89,6.45,2.1,-0.7,-5.64,Forward
10.35,29.38,21.12,21.97,16.0,36.86,2.71,26.71,19.99,-15.97,11.75,55.16,81.22,24.22,5.8,4.01,4.81,30.77,Hover
26.26,48.81,48.45,12.58,28.72,28.25,3.0,-15.31,15.43,53.48,6.13,108.76,40.74,5.74,4.1,1.8,0.94,-2.96,Descend
14.5,26.71,34.79,19.13,14.69,25.59,2.23,-23.52,-20.3,-62.45,1.48,1.48,78.48,6.26,4.89,-4.15,-0.13,42.07,Forward
39.68,45.29,36.01,17.52,20.47,21.4,0.74,25.77,8.92,56.34,1.48,75.78,26.31,3.86,9.91,3.99,4.25,36.22,Forward
28.96,4.34,28.22,12.94,15.54,7.57,2.77,-17.22,-21.11,-24.13,6.49,105.64,57.61,1.08,2.09,2.69,-1.19,43.31,Descend
31.8,9.71,48.74,18.12,28.32,5.21,4.89,14.95,22.17,-62.28,0.87,13.8,79.17,20.24,7.44,-2.6,2.49,-7.77,Hover
39.94,22.15,34.51,28.44,12.26,19.58,3.94,-17.77,-26.04,-60.81,8.57,110.15,50.49,0.14,6.63,-4.37,-0.27,1.28,Descend
19.92,29.32,44.77,6.19,7.28,6.63,3.74,27.61,29.22,87.05,7.4,98.4,16.46,11.59,6.81,2.17,2.34,42.86,Forward
45.77,40.85,35.03,27.22,10.14,23.21,3.22,17.47,-5.96,22.18,10.54,26.53,76.32,2.3,3.78,-2.65,-2.24,44.16,Forward
26.74,49.42,36.81,2.08,25.66,25.93,1.75,25.12,-19.76,-58.63,2.78,108.74,54.47,1.12,2.56,0.24,-0.93,5.44,Descend
8.07,19.56,14.66,9.6,15.19,21.17,0.86,27.06,26.14,-41.66,8.89,96.68,38.48,23.37,6.68,-4.1,-1.55,22.93,Turn_Right
34.86,2.56,15.31,9.0,10.95,1.75,1.13,-24.93,-27.27,-23.03,2.62,14.26,99.35,20.63,9.17,0.68,3.69,1.41,Hover
39.7,40.1,39.19,18.98,16.56,2.59,0.04,-4.0,-1.79,-79.94,10.83,99.84,88.85,9.87,9.77,-4.79,4.29,39.21,Forward
15.97,30.3,14.98,4.37,4.43,4.8,3.37,8.89,16.21,-70.49,4.61,65.52,13.4,11.46,5.07,0.34,2.36,-2.47,Forward
42.89,10.09,28.23,26.53,0.66,6.4,4.06,18.15,-10.99,47.12,9.22,98.1,63.43,21.7,4.54,3.34,3.22,27.85,Ascend
45.33,24.84,12.62,24.94,8.78,39.6,1.35,-15.51,1.73,51.64,13.24,74.5,41.91,19.92,3.81,0.81,-1.46,5.96,Forward
13.99,37.17,40.89,19.74,18.35,13.98,0.47,24.88,12.02,87.88,7.32,47.63,13.37,17.29,8.19,3.85,-3.49,10.56,Hover
49.18,38.57,5.7,14.02,21.49,11.89,1.69,-16.74,27.12,-77.83,2.88,72.54,11.02,13.41,2.93,0.49,1.87,20.14,Forward
7.21,25.08,41.51,28.02,24.89,2.37,1.47,21.97,-23.84,70.05,13.29,76.71,62.54,15.2,5.37,1.87,1.37,13.51,Slow_Forward
10.26,15.4,30.22,25.01,27.84,25.52,2.26,0.76,-20.57,-32.9,5.38,92.18,38.81,9.83,3.78,-1.34,-2.36,18.79,Forward
9.37,48.69,9.51,15.23,12.66,26.19,1.33,0.93,0.53,-30.99,10.95,99.85,73.3,13.2,8.82,-2.03,4.12,27.38,Slow_Forward
44.72,33.24,27.19,21.21,22.35,7.27,1.71,-7.56,-4.89,-67.09,4.8,79.92,50.9,13.49,3.19,-1.64,-1.42,6.29,Forward
32.78,20.53,14.27,17.22,2.7,36.79,4.54,-23.79,-5.35,87.53,4.47,118.77,78.98,21.62,7.02,-3.97,3.15,30.63,Forward
7.77,14.17,16.31,17.84,2.2,32.08,1.68,-9.17,-12.18,86.58,9.63,93.65,83.18,5.47,6.09,-2.46,-3.71,12.95,Slow_Forward
22.13,36.61,17.71,10.26,4.18,9.44,3.93,-4.4,3.64,65.67,2.34,109.38,69.15,6.17,3.62,-1.13,-2.13,-8.8,Descend
30.84,12.26,3.35,14.13,13.73,19.59,3.13,-1.26,23.0,-73.66,13.0,39.02,47.62,5.27,2.92,-1.58,1.14,36.57,Forward
4.36,8.75,49.3,2.8,6.73,18.5,1.69,14.35,-20.34,61.5,5.81,38.63,98.96,14.48,8.14,-0.04,-2.58,5.49,Forward
44.14,26.59,1.77,11.04,8.96,14.14,4.09,-8.88,-17.08,24.23,0.29,44.12,37.6,17.38,5.35,-0.12,4.56,37.31,Forward
40.22,14.64,33.19,21.03,19.61,32.76,2.98,-5.6,10.25,-66.82,4.58,53.33,56.31,5.96,6.31,2.35,0.52,30.95,Forward
25.36,31.52,18.69,28.62,11.08,4.64,0.05,24.37,-26.63,-42.88,11.77,115.41,56.84,16.92,9.64,-1.04,2.31,12.37,Descend
48.36,6.07,32.37,28.91,16.94,16.79,0.35,15.15,10.43,34.06,12.89,9.75,48.55,15.7,4.28,1.77,0.61,25.77,Forward
21.0,32.82,17.94,16.89,12.67,17.29,3.77,-28.63,-11.13,54.62,8.52,60.31,20.93,8.03,8.24,3.91,-0.93,44.56,Forward
49.21,14.31,33.75,18.4,5.48,18.91,2.24,18.73,-8.53,62.66,4.41,20.18,41.85,5.75,6.57,-0.44,3.22,6.91,Forward
33.46,0.21,36.52,5.98,2.68,34.5,2.03,29.4,-5.67,7.89,7.92,97.5,29.37,22.05,6.14,0.53,-4.77,14.77,Hover
31.81,6.52,34.59,21.01,7.47,8.96,0.74,26.39,-9.02,6.23,12.55,4.71,90.99,14.24,1.02,1.77,-0.73,-1.83,Forward
8.46,46.69,5.88,2.58,2.2,4.39,0.8,20.16,20.47,33.16,4.74,55.16,68.98,17.6,9.17,-0.06,3.81,37.93,Slow_Forward
44.12,43.39,32.91,8.9,18.75,24.83,3.99,7.75,26.76,49.99,5.78,47.97,35.9,23.13,2.67,-3.37,-4.15,20.41,Hover
21.49,11.83,14.14,20.22,23.97,7.2,4.15,-13.31,2.88,-59.29,8.1,11.97,60.92,5.13,5.0,-2.06,-2.93,-4.39,Forward
8.28,38.96,1.63,9.65,10.52,3.27,2.8,9.27,4.91,43.17,13.31,45.83,86.79,8.76,7.64,-4.72,4.61,22.87,Slow_Forward
0.83,30.51,20.86,1.97,11.92,17.24,1.48,11.74,-25.77,-28.5,8.73,97.27,94.1,10.86,5.46,1.84,4.59,15.74,Turn_Left
28.08,48.55,21.79,25.04,24.58,9.02,4.66,-13.11,12.79,-20.92,3.11,17.36,16.75,5.82,0.54,-2.2,-1.15,6.91,Forward
26.46,18.81,23.47,9.65,7.07,14.64,3.12,-14.68,5.05,-76.01,1.34,118.04,80.82,21.01,9.52,3.24,2.52,-8.97,Descend
36.02,34.14,35.3,2.36,4.02,10.61,3.99,-6.18,-26.98,15.92,1.43,7.96,96.97,2.09,0.69,1.56,1.26,1.9,Forward
44.53,3.36,15.58,2.71,15.28,3.98,0.03,8.47,-18.09,-73.18,14.25,35.4,52.05,5.98,1.35,2.36,-0.07,1.33,Forward
4.15,19.93,15.9,7.93,19.56,22.55,2.26,-12.42,-17.88,74.36,12.34,93.21,99.6,4.78,2.63,3.82,3.14,29.35,Ascend
36.63,48.2,3.22,5.75,18.19,1.37,4.36,3.34,-19.74,21.77,11.49,43.55,96.14,23.83,6.19,-0.74,1.51,4.26,Hover
9.53,27.04,34.4,23.34,21.56,38.67,1.7,23.95,9.52,88.25,7.45,58.16,69.12,15.68,9.73,-3.11,-4.09,43.82,Slow_Forward
42.94,14.54,28.48,9.99,2.17,13.85,3.64,-12.29,25.71,-45.78,10.09,23.21,86.29,17.91,9.27,4.36,3.4,0.12,Forward
40.99,6.19,17.6,24.24,13.13,27.9,3.29,27.96,15.78,32.33,1.91,86.14,36.69,2.71,6.69,4.96,-2.26,39.12,Forward
27.13,35.24,35.32,5.63,7.54,32.47,0.77,-1.6,-1.36,83.6,9.31,22.37,92.57,4.85,7.55,-2.82,1.33,10.09,Forward
35.57,32.31,26.96,15.04,22.89,11.38,3.88,-23.95,-5.76,-36.26,12.16,102.0,63.27,20.25,7.26,2.41,2.75,44.97,Descend
15.85,18.82,23.57,20.8,26.25,30.02,0.57,-26.7,-6.81,-72.66,0.93,65.2,55.87,14.19,7.03,-4.28,3.98,34.21,Forward
23.66,47.56,25.66,19.73,8.8,33.35,3.64,-9.68,6.07,24.12,4.44,66.23,85.21,1.13,8.22,-4.73,4.25,23.22,Forward
41.12,1.31,31.89,18.23,3.31,9.88,4.95,-14.47,-8.45,-24.1,1.65,112.09,90.05,14.14,3.73,1.75,4.26,35.68,Descend
23.07,15.33,33.07,27.78,7.98,39.7,4.79,20.62,-16.43,-40.85,3.9,92.99,73.11,11.88,2.6,-2.45,1.57,39.32,Forward
18.02,46.07,14.59,7.24,3.57,1.12,4.0,14.26,6.17,88.85,11.59,89.43,12.25,3.84,3.8,3.68,1.24,44.87,Forward
24.81,16.18,7.21,15.06,10.01,8.91,2.68,23.07,-6.56,45.74,4.98,103.11,63.75,14.82,0.96,0.13,-4.85,-0.64,Descend
41.45,12.76,8.0,26.58,16.38,31.27,3.38,5.36,-29.15,-2.63,10.35,11.93,83.95,4.35,9.69,2.82,-4.15,22.16,Forward
16.89,26.8,32.04,2.8,29.22,8.01,3.64,-3.87,-28.67,-81.0,11.6,87.4,59.07,20.29,7.53,-3.97,-1.07,11.28,Hover
8.85,41.23,43.67,2.15,12.28,28.02,0.05,-13.77,-13.55,-55.51,12.25,28.75,94.14,15.46,2.53,3.74,2.93,11.2,Slow_Forward
35.66,5.34,20.59,7.38,6.99,34.26,0.52,4.99,0.75,-36.22,13.1,34.43,90.76,21.78,2.93,-3.1,0.92,24.78,Hover
41.33,47.16,8.64,19.17,5.42,38.38,2.99,7.08,-8.75,-2.3,8.96,2.8,57.67,10.62,9.93,0.68,-2.65,17.73,Forward
5.21,39.79,37.88,8.17,5.6,19.13,0.04,-6.42,-28.56,-0.5,4.21,107.35,46.34,12.8,7.8,1.1,-3.77,34.58,Slow_Forward
12.15,9.23,41.66,6.11,6.18,38.85,4.55,26.2,-16.61,-85.55,2.26,88.95,14.96,19.01,4.54,-4.34,-0.32,8.06,Hover
7.27,35.66,44.05,14.03,22.99,16.64,2.45,8.4,-24.21,79.8,7.56,17.58,66.93,13.66,2.46,4.78,4.13,19.15,Slow_Forward
17.53,19.37,30.42,18.6,2.3,8.96,1.3,20.25,26.92,7.71,1.55,40.02,33.94,14.3,0.88,-1.98,-4.47,43.11,Forward
22.63,20.23,43.06,7.83,29.92,20.7,1.98,7.22,-11.23,-86.45,13.66,58.11,70.16,13.83,6.86,2.14,-0.37,-5.02,Forward
37.49,39.21,0.97,9.37,15.92,26.1,4.26,-11.01,-29.11,36.24,6.64,59.78,81.89,12.28,7.91,1.32,-4.41,4.77,Forward
32.63,48.15,5.54,18.6,16.56,18.48,4.64,14.2,9.63,-77.16,13.09,71.88,46.78,20.14,1.52,-4.67,-2.5,-4.41,Hover
31.12,6.51,4.81,28.4,11.05,22.81,0.59,-16.18,-16.05,39.81,10.64,57.19,11.4,12.13,0.52,3.62,4.54,-6.55,Forward
17.75,21.15,35.69,20.4,20.86,16.83,3.89,5.8,4.0,36.27,12.86,78.19,87.87,22.52,3.9,-1.96,-3.95,-9.08,Hover
42.1,24.15,3.67,23.6,14.41,21.13,2.9,-5.86,-20.96,87.29,13.26,106.18,59.41,20.22,6.84,-2.51,-4.49,10.1,Ascend
23.67,18.94,24.92,11.32,10.21,38.12,2.93,-21.01,29.04,-28.43,0.8,48.37,38.33,17.31,9.28,-4.41,-4.13,36.67,Forward
48.96,18.29,23.74,8.53,8.32,20.14,3.9,-5.21,28.22,-64.02,10.88,105.33,67.04,22.47,8.86,-2.5,1.92,3.29,Turn_Right
31.78,2.8,15.67,13.9,27.81,10.35,1.12,-11.38,9.36,-73.46,3.4,27.13,70.7,13.43,7.04,1.2,-4.88,7.84,Forward
6.49,34.34,43.55,24.31,9.08,30.42,2.66,-23.27,12.43,-77.09,14.84,15.44,23.27,20.55,8.23,-2.99,-1.06,37.1,Hover
33.87,21.92,8.69,13.96,13.37,13.7,1.6,19.43,-4.45,55.86,11.68,29.49,68.18,6.05,3.88,-0.33,4.53,-1.75,Forward
16.39,9.9,17.75,25.48,10.84,32.7,0.48,-0.09,27.73,39.34,0.06,25.58,35.8,1.82,2.83,3.0,-4.31,3.03,Forward
34.38,40.84,38.75,29.67,3.04,2.56,0.53,-9.22,-4.58,85.66,13.91,118.22,82.33,17.13,1.68,4.55,4.32,29.15,Descend
3.67,40.17,1.72,2.62,5.99,13.49,0.69,0.3,-15.63,-34.35,4.38,46.35,94.74,7.54,2.23,2.0,-3.82,30.76,Forward
8.91,24.42,33.71,1.84,6.09,4.05,3.08,15.27,-23.08,54.56,6.25,78.53,19.24,15.87,9.65,-3.04,-3.72,9.73,Slow_Forward
42.82,15.06,40.86,4.91,20.96,3.69,0.54,-28.9,-17.51,-73.26,9.18,83.83,92.56,1.93,9.33,-1.17,1.05,-9.42,Forward
11.51,31.98,46.63,11.84,12.49,26.44,2.85,2.81,4.33,72.7,13.74,53.98,91.31,23.89,0.95,0.54,-2.56,10.98,Hover
41.88,14.55,43.84,4.37,23.57,15.6,2.95,-1.25,-15.29,-80.67,13.91,27.61,40.86,12.88,4.96,3.71,-4.97,29.35,Forward
14.11,11.95,16.11,26.18,21.41,34.9,4.52,23.58,9.25,51.82,8.45,53.13,12.6,0.24,4.05,0.48,2.49,29.31,Forward
32.22,36.58,29.4,1.18,6.17,20.8,3.14,3.36,-7.07,-34.68,4.75,57.38,69.69,11.9,6.69,-0.09,-1.29,13.09,Forward
34.77,2.21,4.05,9.82,17.11,12.03,4.93,-21.76,23.21,-57.39,4.19,114.53,41.02,19.74,3.62,-2.4,4.08,9.18,Descend
25.73,4.92,13.04,5.95,22.42,28.92,0.16,-6.68,3.51,36.81,5.47,68.67,27.25,21.63,3.17,-0.0,-2.22,28.61,Hover
15.4,0.54,4.89,27.98,19.17,25.07,3.52,7.26,7.36,71.26,2.71,116.41,19.77,11.53,8.19,-1.81,1.69,42.19,Descend
10.79,7.82,15.9,20.25,18.2,32.04,0.14,-27.24,3.39,47.54,10.05,69.63,27.64,3.15,9.5,0.64,-1.74,33.6,Descend
1.85,3.64,43.78,27.4,22.32,25.85,3.65,23.08,23.13,-33.64,7.92,18.25,31.37,22.65,2.43,3.09,-3.52,2.61,Turn_Right
15.34,49.79,17.49,29.18,2.18,6.93,1.94,-25.93,-26.19,-26.36,11.6,46.74,81.62,24.53,2.74,4.46,4.75,42.95,Hover
32.73,14.58,28.18,15.16,22.08,26.91,3.06,-28.16,-25.96,-55.93,1.41,95.29,80.54,1.58,4.48,3.1,0.88,23.53,Forward
46.93,7.63,21.78,7.41,8.54,15.84,1.55,-29.88,12.1,58.33,6.0,51.17,54.5,1.95,7.21,3.28,3.4,-3.82,Slow_Forward
43.59,12.2,23.05,6.21,17.37,18.69,0.8,11.02,16.08,-70.72,3.6,12.87,59.8,14.14,2.09,-1.42,-2.5,8.53,Forward
38.35,46.82,48.48,7.08,7.65,36.89,3.62,-2.64,-3.98,72.58,8.03,12.43,92.6,13.35,4.95,1.96,-1.07,29.82,Forward
39.46,26.1,14.95,21.4,25.25,14.59,4.52,-23.83,-8.86,18.2,7.02,29.21,91.72,14.72,8.49,-1.12,-0.23,37.84,Forward
33.32,18.37,31.44,1.69,14.68,24.59,0.93,21.37,-13.32,15.99,6.74,68.21,84.58,7.93,2.72,-4.76,1.3,19.12,Forward
13.16,43.69,21.12,2.02,19.47,14.73,4.6,-17.84,-15.94,60.81,4.73,99.79,43.68,1.26,0.95,3.85,-1.05,-2.42,Forward
45.38,19.87,3.25,18.44,23.93,4.06,0.71,-10.42,24.72,30.16,10.9,64.51,42.99,14.51,9.11,-4.48,-2.53,-3.2,Forward
33.6,16.88,24.57,19.44,26.91,18.3,3.68,-19.34,-12.29,-35.24,7.22,89.78,89.91,3.79,7.98,-3.84,-3.1,7.93,Forward
28.11,10.52,40.7,20.13,22.1,24.0,4.8,25.61,8.88,-27.09,3.03,77.83,93.39,8.53,7.14,-4.82,0.99,-7.94,Forward
5.73,19.01,5.12,11.47,4.89,16.48,0.75,15.48,17.23,-58.85,8.21,63.37,81.86,14.56,1.33,-4.33,-2.52,13.02,Slow_Forward
22.46,15.97,3.67,24.28,25.71,15.81,2.18,13.44,-28.68,-6.47,8.95,26.56,78.14,5.21,9.04,-4.41,-1.03,32.74,Forward
23.13,33.93,7.85,16.24,18.75,32.87,1.69,-27.36,-27.97,-70.17,0.32,106.1,60.23,13.56,3.4,1.77,-4.65,15.36,Descend
43.26,14.62,38.27,3.61,18.48,1.48,1.95,1.36,-10.01,27.55,3.06,33.81,40.45,17.87,2.51,3.53,-2.44,35.67,Forward
27.42,28.94,36.25,24.01,27.68,12.03,3.77,4.53,11.76,-59.54,3.64,31.09,31.66,1.64,5.13,2.97,-0.17,26.15,Forward
19.14,3.48,28.34,28.62,7.84,32.53,3.31,-7.05,-14.35,65.51,3.72,31.68,22.63,15.49,9.27,1.26,2.96,0.63,Forward
48.84,9.73,23.52,2.27,7.57,36.85,4.84,-10.69,-29.91,36.08,3.58,12.39,75.54,12.74,9.95,2.86,-1.27,1.79,Forward
5.71,20.49,44.44,12.04,15.64,16.67,0.94,21.12,-12.71,70.47,4.07,60.34,79.93,2.44,6.33,-0.43,-2.05,9.23,Slow_Forward
21.24,46.86,38.38,14.88,22.65,35.59,2.72,-28.62,-24.59,-74.33,3.94,39.98,42.28,17.66,9.58,4.06,0.16,19.59,Forward
2.29,18.99,40.63,4.82,13.69,8.2,2.25,7.52,-16.84,53.73,13.26,63.11,10.54,7.77,4.81,-0.4,-4.5,27.31,Turn_Right
37.05,33.27,40.7,26.1,19.2,9.09,4.6,-6.35,-10.01,68.54,4.79,54.92,94.47,4.56,0.78,-4.72,-1.46,-0.48,Forward
45.92,12.9,32.21,8.88,13.85,33.89,0.06,9.96,-22.32,-81.98,5.25,62.86,49.34,7.06,3.12,2.02,-3.65,-1.57,Forward
14.15,6.53,23.01,23.6,18.51,36.16,4.95,-18.12,12.38,89.83,3.99,36.42,97.71,13.66,3.37,3.31,-2.46,-9.32,Forward
42.95,3.12,43.26,20.29,24.76,9.15,2.4,-15.68,-14.64,-35.88,14.51,98.0,70.96,14.5,7.94,-2.75,-1.09,-3.79,Forward
14.75,15.41,46.32,18.14,5.82,2.66,3.13,5.21,9.67,-51.89,8.03,64.57,21.16,4.24,1.68,-1.82,-4.42,31.35,Forward
45.56,8.05,1.39,6.17,21.01,3.89,1.81,28.8,5.94,-15.32,9.16,25.8,39.43,23.42,2.16,1.95,2.97,-6.95,Hover
37.75,8.87,2.77,7.01,23.73,10.68,4.26,28.48,23.88,-88.45,11.03,108.31,69.13,8.22,6.34,0.74,-2.25,23.32,Descend
40.28,38.09,47.95,1.9,13.69,30.53,2.81,-15.06,-24.72,69.46,5.01,14.03,68.43,6.71,1.74,3.9,-2.67,23.05,Forward
1.1,0.99,14.0,7.6,10.04,20.55,3.32,-23.86,-17.12,-41.67,14.53,88.28,30.88,4.67,5.21,-0.22,-1.56,44.59,Turn_Right
48.15,27.98,43.69,10.69,0.9,18.39,3.25,5.42,21.91,3.89,2.28,81.74,25.92,3.01,0.83,1.72,-1.32,27.27,Ascend
36.39,19.1,19.56,25.08,24.01,23.49,1.83,-4.8,19.33,22.24,6.87,9.67,34.91,24.55,6.85,-2.28,3.13,28.46,Hover
15.38,25.43,6.13,11.31,10.17,35.64,0.39,15.7,-18.47,52.4,2.18,108.28,80.82,16.87,9.13,4.29,-2.15,-5.07,Descend
41.5,28.23,4.21,22.76,11.04,3.89,4.04,1.68,-23.54,-44.96,11.86,38.64,31.77,19.68,8.81,-1.3,-0.39,38.2,Forward
14.22,15.81,7.99,13.46,10.41,27.88,1.46,0.64,21.37,39.09,1.61,89.17,73.16,10.04,1.2,0.4,-0.02,7.6,Forward
43.66,14.9,12.64,23.65,15.21,37.09,4.25,8.79,-19.31,-68.82,8.31,33.96,88.3,10.37,6.11,1.16,-1.94,7.19,Forward
5.81,36.72,24.53,29.3,21.22,8.77,3.05,-22.41,22.27,36.76,1.57,63.56,45.25,24.67,1.49,-2.46,2.83,15.61,Hover
35.24,43.59,35.13,7.58,23.27,33.56,1.77,10.63,27.67,75.47,6.79,116.71,10.63,5.02,1.01,-1.83,1.24,28.92,Descend
27.13,9.79,49.32,25.94,12.08,28.01,2.98,-0.69,-16.75,-74.7,4.2,73.68,22.78,8.17,6.3,0.02,2.21,6.19,Forward
5.01,5.06,22.19,18.84,20.06,0.87,3.23,19.21,20.42,-68.99,13.55,36.26,38.07,4.88,5.94,-2.29,-4.45,32.76,Slow_Forward
12.25,44.91,26.01,24.61,21.76,9.49,3.54,-21.68,-4.57,10.3,0.8,55.55,27.1,7.07,1.39,-3.7,3.2,3.51,Forward
0.82,17.62,26.19,19.72,9.26,24.35,4.11,-11.96,17.33,-81.65,9.75,81.45,36.06,16.59,3.92,3.37,-2.6,-3.25,Turn_Right
23.54,27.66,27.06,13.01,3.35,20.25,0.81,27.01,-5.56,-56.27,10.43,53.98,58.96,7.72,3.51,-1.75,-4.08,28.32,Forward
15.2,18.11,25.98,7.23,26.89,21.26,4.72,3.18,-25.78,-55.77,13.33,109.38,11.9,21.89,3.75,-0.84,1.61,40.69,Descend
30.0,6.46,0.64,2.57,20.47,9.51,2.06,25.76,12.76,-3.38,13.17,104.23,15.79,1.22,3.67,0.47,-2.82,40.03,Descend
15.0,29.55,0.29,16.3,19.62,27.1,4.3,11.34,-20.96,-45.27,14.66,18.47,87.02,8.87,8.33,3.42,-0.93,-6.56,Forward
15.14,26.35,5.06,29.71,2.24,10.88,1.11,25.59,25.62,-4.41,3.81,94.41,57.01,21.52,3.86,-3.6,2.08,11.54,Hover
37.21,10.31,5.26,22.27,24.63,15.76,0.15,-10.93,-4.94,3.81,4.12,113.15,94.2,15.53,3.64,1.26,-3.97,5.8,Descend
2.6,22.7,35.3,10.16,17.2,14.95,2.87,-24.57,-25.08,41.52,5.96,38.71,10.29,19.27,0.78,-1.49,-3.72,15.01,Turn_Right
45.16,39.89,10.4,24.9,25.51,26.98,1.63,18.13,-16.29,80.28,8.06,29.35,10.01,8.09,8.01,3.7,1.65,-7.23,Forward
42.64,29.6,44.76,23.19,29.25,3.88,4.92,18.27,21.75,0.67,5.51,2.14,76.56,9.23,6.77,1.61,-0.5,12.59,Forward
33.46,5.03,46.44,8.81,28.73,8.46,0.53,7.13,-10.73,-26.1,11.1,14.76,52.86,22.21,3.74,-3.55,-2.79,42.85,Hover
29.74,27.49,48.8,0.92,25.75,8.26,0.25,4.77,21.38,-43.43,0.13,115.35,92.24,18.74,4.79,-2.03,0.16,21.18,Descend
44.64,35.2,46.97,3.99,0.82,4.6,0.23,24.89,-19.66,24.24,0.26,47.54,80.79,9.61,8.04,-4.64,1.19,1.95,Ascend
9.43,39.68,13.74,26.38,26.63,8.54,1.09,-19.41,-1.91,79.73,10.74,47.09,55.36,5.38,3.77,2.71,-0.95,34.51,Slow_Forward
4.13,31.53,25.59,25.18,2.71,24.4,2.9,6.99,22.7,47.64,13.25,32.73,53.07,2.66,5.0,-0.87,-3.27,11.85,Ascend
12.13,7.8,8.94,9.21,25.61,29.37,2.53,-27.01,-27.1,-52.9,11.65,20.52,83.01,21.55,0.69,-4.51,1.48,-6.49,Hover
39.77,35.57,40.35,8.91,8.77,26.51,1.76,-21.55,-11.74,70.79,1.76,61.55,82.33,17.44,9.22,-4.87,-3.79,9.38,Ascend
1.93,33.93,44.44,23.89,18.5,19.16,0.45,-3.76,24.59,42.39,14.02,87.06,34.93,15.18,4.03,4.56,1.54,34.77,Turn_Right
29.22,1.42,42.59,28.16,1.62,2.38,1.18,19.27,5.79,-66.97,7.83,66.54,70.72,19.41,3.32,3.52,-2.29,2.15,Ascend
49.77,20.71,21.78,23.48,23.25,38.37,0.93,13.99,12.97,38.3,11.13,5.22,67.89,22.87,6.29,-1.66,-4.99,7.96,Hover
42.81,16.78,37.98,18.36,3.8,6.97,3.73,28.44,20.53,-37.92,3.02,96.61,87.05,19.04,5.5,0.17,-0.34,4.94,Forward
26.17,33.54,5.06,7.66,12.62,26.84,3.9,-27.31,1.42,-1.55,8.23,111.86,88.17,10.52,4.31,0.76,-1.9,39.39,Descend
3.37,10.96,2.2,16.01,24.61,36.54,3.89,-7.12,20.72,-35.96,4.95,53.4,34.15,4.41,9.26,0.15,-2.71,6.18,Ascend
41.6,29.63,37.71,7.39,21.01,28.0,4.85,-20.47,8.33,-74.87,14.62,44.61,89.18,17.85,3.95,-1.92,-0.02,3.22,Forward
30.03,45.68,21.38,24.34,0.68,8.96,4.42,-27.78,11.14,48.35,7.11,28.35,93.21,6.17,9.98,-1.09,-1.63,40.99,Ascend
5.92,39.93,49.78,11.92,12.39,12.84,2.49,-14.14,-20.83,59.16,11.33,36.92,19.87,19.57,8.0,-3.19,-2.05,44.99,Slow_Forward
4.87,46.09,5.04,25.09,1.74,1.5,2.08,-15.33,26.34,-48.24,9.05,77.69,61.64,8.47,9.08,-4.67,2.63,22.65,Ascend
45.5,48.93,42.81,11.76,20.37,24.63,4.58,-4.8,17.77,-46.87,1.41,92.65,49.28,3.92,3.19,-3.45,-4.17,41.41,Forward
33.53,0.73,24.1,24.81,29.08,24.64,3.06,-21.6,-14.75,-12.61,8.14,40.53,46.18,6.37,1.17,-4.87,-1.02,32.24,Forward
41.5,31.21,41.39,10.33,19.83,29.1,1.48,-0.69,4.8,56.06,8.1,41.42,73.43,6.67,4.48,-0.67,-2.53,0.32,Forward
43.97,20.76,40.89,13.48,7.12,0.74,2.83,25.21,-7.41,-76.09,10.74,54.68,21.66,9.47,3.48,1.61,-2.15,27.62,Forward
28.67,43.02,45.82,18.66,10.98,32.77,4.96,14.89,9.62,55.57,4.83,21.25,83.8,6.43,1.08,-3.19,-0.58,33.46,Turn_Left
25.97,12.74,15.03,2.57,29.31,29.63,4.25,20.53,29.62,76.09,12.91,111.34,12.39,5.64,1.18,0.34,4.23,30.86,Descend
21.64,49.06,47.5,28.47,7.11,5.89,1.41,18.28,-27.26,11.07,9.34,84.95,62.05,9.79,2.16,-1.75,1.59,19.15,Forward
15.98,30.76,7.75,17.42,17.07,14.1,4.77,-6.62,27.15,-79.13,0.59,52.6,30.28,21.7,4.09,-3.8,-3.07,18.34,Hover
21.84,39.72,4.28,15.48,12.31,25.65,4.91,12.54,-25.66,-41.48,10.6,15.55,70.07,1.76,9.38,-3.72,0.72,35.2,Forward
38.74,4.46,21.69,25.26,23.17,19.98,1.16,15.26,-2.35,-69.95,13.6,102.01,57.29,7.41,6.75,1.18,-3.46,27.9,Descend
30.18,9.34,41.45,26.04,26.09,4.87,4.48,-17.66,-1.07,-43.33,10.25,58.56,99.98,14.06,4.28,-3.82,3.85,33.61,Forward
44.65,37.97,23.78,15.91,10.55,3.77,4.42,21.62,-13.88,56.12,5.7,95.83,87.61,21.86,8.09,0.53,-0.76,1.41,Hover
22.28,1.29,41.5,27.85,19.98,31.32,0.21,-2.54,4.0,-79.98,8.86,4.97,40.3,7.1,5.9,-3.09,4.5,43.15,Forward
30.43,40.88,36.54,2.41,16.7,6.49,3.35,-29.02,20.04,-38.91,2.57,33.56,57.56,8.72,4.47,3.66,1.62,30.31,Forward
31.64,0.89,10.63,3.84,8.71,7.13,1.53,8.6,-12.36,3.05,9.02,75.03,38.6,19.95,1.87,-4.5,3.34,13.23,Forward
29.67,32.92,47.45,18.11,8.52,33.29,3.38,10.61,-25.78,67.33,7.51,59.06,75.59,9.31,9.31,-1.13,-3.21,22.96,Forward
35.19,18.38,3.23,10.94,16.39,24.6,4.57,3.11,7.94,-45.0,0.39,36.11,48.02,21.29,6.43,2.62,3.55,25.19,Hover
12.02,30.65,44.93,14.19,5.04,24.31,2.5,-17.26,15.1,50.1,4.83,24.93,20.39,11.38,4.67,2.49,-3.1,34.07,Forward
25.72,34.86,15.36,10.18,24.42,19.33,2.08,-1.06,27.27,15.04,2.87,36.92,69.47,14.23,4.66,-3.55,4.76,28.54,Forward
5.39,17.26,25.11,12.44,2.54,22.89,4.61,-5.99,-20.43,31.75,5.86,89.34,11.0,14.02,7.77,-3.03,-2.2,36.44,Hover
19.35,5.58,21.23,24.77,3.29,24.19,4.87,28.48,24.08,65.12,3.63,22.86,36.76,2.98,2.2,0.46,1.84,11.71,Forward
24.49,3.67,8.76,18.01,10.6,38.72,0.32,19.48,-1.07,-85.25,12.51,71.66,91.64,8.87,4.47,1.84,0.46,13.17,Forward
32.68,29.53,18.04,29.92,3.98,9.15,4.62,15.71,-15.85,5.35,10.47,51.42,18.48,6.04,1.1,2.52,-0.21,0.37,Forward
47.54,26.13,9.81,23.71,14.53,8.82,0.42,-19.14,27.76,44.5,11.1,91.8,55.4,17.08,1.26,1.21,-0.71,18.36,Forward
30.11,37.16,10.35,8.57,12.29,2.57,1.69,-10.14,-15.69,69.23,5.41,24.99,81.56,23.34,5.5,2.83,-1.16,12.09,Hover
37.23,25.58,9.52,8.3,21.79,26.43,3.82,-7.22,14.01,-66.12,0.05,33.14,91.41,5.31,4.12,-0.6,-1.97,26.57,Forward
25.41,21.24,24.55,10.41,28.61,22.1,3.89,-0.44,17.09,-28.54,3.29,48.44,60.39,2.28,7.34,0.61,0.97,23.16,Forward
31.78,20.02,39.94,25.38,22.73,4.72,3.63,-28.19,-4.17,-75.86,11.33,20.82,23.79,12.66,9.87,-0.67,4.84,37.16,Forward
3.73,1.52,28.53,1.3,5.79,14.77,0.21,5.58,11.4,60.29,9.04,55.88,94.68,9.77,8.66,2.61,1.72,-0.74,Forward
12.87,16.91,44.68,7.29,28.1,7.39,0.67,-8.53,4.35,64.33,8.08,50.51,77.43,0.89,4.7,-3.25,2.57,40.35,Descend
18.22,48.81,31.9,27.2,12.07,13.46,4.68,3.7,-18.48,-2.95,4.21,118.82,45.61,23.04,4.09,-2.48,1.54,2.13,Descend
23.73,43.7,34.53,19.38,14.49,38.07,0.42,-29.46,15.59,-86.26,1.14,71.67,34.93,23.5,6.06,3.37,0.16,29.64,Hover
2.47,16.6,33.45,7.19,12.94,27.43,0.4,-10.71,25.68,-71.6,11.77,9.27,14.29,21.26,1.37,2.14,3.17,17.4,Turn_Right
7.17,29.47,22.58,6.96,8.78,0.6,4.18,16.12,-0.68,22.38,0.58,55.73,27.23,7.01,9.88,2.35,-1.77,28.65,Slow_Forward
13.99,42.4,34.53,25.95,26.9,10.32,3.21,0.06,29.66,86.87,0.89,105.54,79.99,3.06,9.82,-4.01,-2.27,19.49,Slow_Forward
48.58,22.18,3.67,26.87,10.3,0.71,1.76,17.33,-4.32,61.0,4.42,104.15,19.78,14.81,9.27,-0.16,-1.16,25.88,Descend
16.7,1.09,43.02,8.06,17.57,28.68,0.84,11.94,-1.22,53.63,8.59,115.45,21.65,7.04,6.79,0.64,0.79,31.36,Descend
24.21,3.91,38.94,12.91,7.58,18.94,4.42,21.3,10.43,-14.77,14.88,107.41,27.63,5.04,5.28,2.8,-5.0,0.62,Descend
9.97,25.62,12.41,25.12,24.02,39.76,4.94,-29.55,-18.85,87.34,1.36,21.98,45.58,16.03,7.21,-0.78,3.35,8.83,Slow_Forward
30.62,48.48,38.45,23.24,23.34,29.42,0.26,-14.32,24.12,58.5,7.1,1.42,27.02,18.76,3.49,0.41,-1.97,37.7,Forward
14.18,34.72,0.83,24.51,9.24,20.86,2.78,2.93,18.08,-29.58,9.03,74.33,91.39,13.18,8.6,-2.62,1.01,35.99,Forward
10.51,3.73,11.02,15.79,20.61,32.25,1.31,26.46,22.35,44.73,12.35,84.59,33.19,8.0,1.78,3.32,-4.48,27.46,Forward
25.93,9.63,3.44,27.39,21.26,28.28,4.16,10.79,6.57,-12.15,10.34,16.61,92.75,12.81,8.13,4.14,-0.68,6.79,Turn_Left
0.47,38.61,39.06,10.12,17.09,9.98,1.74,-2.6,23.02,28.88,12.12,20.85,98.64,14.99,8.74,-0.36,-4.32,1.34,Turn_Right
0.58,42.1,37.84,5.12,18.22,21.35,3.58,-22.19,10.8,84.61,7.84,115.61,77.93,1.3,2.12,-0.63,-4.89,-7.33,Turn_Left
11.11,30.96,40.72,21.41,17.45,22.37,2.7,-0.41,0.69,-45.64,6.51,113.32,10.67,11.1,5.05,-1.72,2.88,41.37,Descend
2.03,32.29,0.42,16.41,2.91,18.21,2.71,-3.53,25.91,53.1,9.28,19.68,31.6,14.96,8.97,-2.33,-0.95,24.97,Turn_Left
5.58,1.61,25.16,25.71,20.27,7.41,4.29,16.71,-3.62,16.27,13.51,30.39,34.06,3.24,9.61,0.53,3.15,12.72,Slow_Forward
17.08,41.46,35.3,2.89,14.36,9.17,2.36,-5.2,0.03,80.99,8.26,107.16,58.85,11.22,8.21,-3.31,-1.63,27.96,Descend
40.17,39.46,7.94,25.39,13.43,11.46,4.23,-10.87,-19.83,-65.8,9.08,52.76,24.26,8.67,9.44,0.89,1.48,15.19,Forward
28.69,13.1,32.56,9.15,25.87,0.71,1.82,-24.62,26.86,39.55,5.07,95.97,16.95,21.7,9.4,0.61,-4.06,9.29,Hover
25.73,35.49,4.39,19.82,1.19,36.7,0.88,-27.21,-16.74,-83.31,8.94,48.12,25.87,12.23,9.81,1.94,-3.1,17.56,Ascend
14.82,10.9,9.23,1.68,7.91,27.54,2.28,-3.65,-17.92,-45.62,9.42,88.63,39.46,10.66,4.43,-2.74,-0.29,30.51,Forward
46.6,2.21,23.89,18.48,4.08,27.68,2.5,-9.19,-23.93,-32.25,11.3,48.22,14.43,6.1,3.23,2.02,-0.59,36.07,Forward
19.97,10.22,32.75,21.66,1.54,23.02,2.4,3.32,-2.8,-12.19,8.58,108.0,27.58,23.94,6.51,-4.83,-3.06,-4.52,Ascend
4.54,9.1,7.46,11.38,8.63,27.67,4.04,12.72,-13.58,83.75,2.96,39.74,25.08,24.03,2.29,0.34,3.71,-6.43,Turn_Left
30.93,17.02,9.42,6.85,29.66,39.28,2.83,-27.6,14.45,-77.83,8.73,63.25,79.51,9.17,5.79,3.44,-2.16,8.72,Forward
5.87,21.04,10.38,16.36,8.47,15.59,4.44,-0.23,-11.55,-59.58,4.47,63.09,25.26,23.23,6.0,2.28,-0.73,-7.85,Descend
17.39,25.53,12.09,25.08,20.08,28.59,2.58,21.72,13.25,-53.45,1.31,78.22,81.24,15.47,8.16,3.51,-1.63,17.22,Forward
25.47,23.94,11.48,10.04,3.99,14.57,1.13,-2.69,-18.24,-13.68,12.38,37.5,55.74,19.53,3.94,-3.52,4.95,35.32,Descend
43.74,13.68,19.88,7.95,18.25,34.22,0.66,1.27,-16.2,-79.07,0.99,77.48,78.21,2.25,6.22,2.19,-1.53,9.12,Forward
24.78,1.65,32.76,8.73,29.54,34.36,4.34,-0.79,18.37,83.78,9.48,17.78,50.53,0.53,9.08,-0.31,-2.35,16.17,Forward
35.17,30.33,22.01,28.5,9.11,36.12,0.29,-6.61,-7.73,10.77,14.83,107.34,91.09,12.85,4.51,-1.77,4.07,21.59,Hover
49.64,19.91,38.84,11.1,25.52,0.52,0.6,-23.39,-23.29,56.39,1.31,18.16,34.89,1.9,5.93,-1.44,-3.43,40.25,Forward
6.75,15.07,36.02,0.61,29.93,12.14,0.33,-22.42,27.68,49.05,3.3,101.0,79.01,22.29,7.98,-3.98,4.18,40.96,Hover
13.88,43.37,6.5,23.56,17.86,5.62,2.12,-19.25,-19.36,28.95,11.41,83.48,24.71,20.5,2.87,1.97,0.69,24.75,Hover
19.85,37.39,2.63,21.13,9.63,18.32,2.67,17.55,-20.99,72.79,1.45,41.59,89.44,17.87,1.48,1.32,-2.77,-9.44,Forward
21.21,42.92,43.92,4.29,20.37,19.97,0.11,-13.48,-8.5,72.43,12.49,39.96,12.56,0.78,6.98,-3.47,-2.48,0.43,Forward
20.67,24.85,4.18,29.55,25.42,10.46,2.58,26.89,-24.26,-67.0,0.0,115.96,51.17,11.46,4.02,0.44,2.11,1.09,Descend
45.4,6.72,7.59,18.44,5.55,29.02,1.97,18.61,-20.66,72.35,13.35,24.2,47.91,1.95,4.13,-3.7,-4.61,22.94,Forward
35.76,34.87,1.3,15.27,13.85,11.01,3.87,11.07,20.79,4.3,1.0,87.03,66.14,23.22,9.34,-1.87,2.15,28.92,Hover
30.47,10.46,31.49,11.78,9.92,34.2,4.15,13.22,-19.71,-41.75,13.83,22.86,49.68,15.32,4.37,-4.56,-1.9,-5.11,Forward
15.61,22.17,29.2,27.01,8.86,7.35,3.43,-27.14,-23.31,19.53,12.97,108.74,63.01,3.91,9.56,1.21,3.08,5.93,Descend
41.22,3.44,49.35,7.7,25.89,14.88,2.37,4.1,22.8,-39.44,8.09,89.29,87.55,14.02,1.51,-4.88,-3.75,17.89,Forward
47.76,41.3,44.37,8.93,12.94,25.0,1.09,26.46,-3.37,-3.78,11.67,111.99,22.78,2.96,3.76,-2.39,-2.51,32.43,Descend
41.1,6.47,20.66,4.11,10.5,24.33,4.24,-27.65,-20.57,56.96,1.12,105.61,31.97,3.64,7.08,-2.33,-0.61,8.94,Turn_Left
0.28,45.17,18.7,22.89,18.3,3.4,1.71,-12.54,4.89,-84.2,2.03,66.39,82.25,2.02,1.7,2.48,3.79,17.35,Turn_Left
31.89,43.24,14.98,18.07,6.97,33.9,1.79,-26.91,-27.51,-57.04,5.54,19.12,30.53,21.79,4.18,-0.49,-2.16,17.29,Hover
2.75,23.34,7.79,18.47,7.28,24.04,4.58,4.18,-4.36,82.18,8.06,27.35,91.51,13.64,8.59,0.73,3.44,40.97,Turn_Left
13.03,37.27,7.08,6.94,15.85,34.83,4.88,-23.03,5.42,-9.88,13.02,25.02,58.67,8.2,7.74,-2.51,-3.98,36.49,Forward
3.16,31.05,6.79,19.71,12.57,34.75,4.49,-1.24,27.43,-35.4,8.14,27.26,17.37,0.02,3.18,0.48,-3.26,37.18,Ascend
30.27,40.19,5.88,23.08,9.2,21.97,4.99,13.2,-10.41,76.19,9.98,57.69,11.86,11.8,3.89,-3.51,-3.42,-0.84,Forward
34.39,21.7,12.18,11.06,2.09,36.46,4.35,-20.13,15.9,74.02,10.2,104.27,78.66,12.82,5.3,4.92,1.13,39.55,Descend
5.9,39.33,15.47,24.14,15.86,33.98,3.52,15.32,-22.04,-82.04,13.16,3.75,87.07,8.41,7.45,0.17,-1.11,11.66,Slow_Forward
19.32,23.23,48.09,10.79,24.59,38.34,1.48,-26.39,-3.99,-24.75,11.65,29.38,31.59,12.11,1.94,3.79,3.63,19.96,Forward
22.92,47.06,29.01,22.87,25.62,34.06,4.77,-21.02,-16.61,74.31,14.66,72.02,31.67,2.52,5.51,-3.94,-0.14,23.79,Forward
18.58,24.42,49.38,1.5,7.45,32.9,4.38,-13.19,-0.45,-57.64,0.3,103.97,95.87,23.05,1.2,0.9,3.38,13.66,Descend
6.23,23.24,18.75,16.76,18.19,18.93,1.21,17.77,-4.97,14.08,3.12,36.4,69.06,6.46,4.28,1.71,-2.6,8.88,Turn_Left
21.06,39.3,22.99,29.1,25.75,8.72,2.45,21.01,28.79,-32.26,13.96,46.52,25.09,23.71,2.31,2.89,4.31,3.64,Hover
37.61,41.11,16.36,29.45,12.56,36.46,0.36,-16.78,25.05,42.58,11.88,45.44,50.37,12.32,3.44,-0.14,1.35,18.25,Forward
3.74,27.81,9.31,8.81,28.0,28.99,4.77,-24.25,4.93,-61.51,4.01,35.95,91.94,21.42,3.65,-4.64,0.06,36.07,Ascend
4.19,9.15,7.33,13.52,27.14,11.49,2.87,20.88,-19.41,17.29,14.61,84.15,65.91,14.43,7.82,-2.39,1.09,32.09,Ascend
17.87,23.49,47.26,2.36,6.64,13.84,1.23,8.96,3.42,-90.0,13.05,79.04,46.67,21.11,3.02,-2.19,4.17,18.04,Hover
47.1,48.41,49.34,26.26,8.14,27.54,1.47,-20.53,17.52,-44.54,0.97,101.35,23.59,0.25,6.81,-1.82,-1.57,8.85,Descend
33.49,37.7,2.44,17.27,5.82,19.27,4.9,3.46,-27.72,-60.81,12.17,110.19,75.34,4.66,5.57,-4.08,-2.54,-9.3,Descend
34.0,40.6,7.69,11.86,6.28,3.53,3.08,22.34,-3.96,-52.23,11.77,108.16,34.87,8.85,8.14,-4.99,-2.55,1.42,Descend
18.22,1.83,21.29,3.83,27.28,5.92,2.11,-25.83,-27.44,64.88,3.32,65.28,60.93,7.4,3.55,0.2,4.73,0.27,Forward
29.76,23.5,9.48,28.43,27.97,29.9,2.5,-24.98,-15.36,74.66,10.04,23.1,64.01,23.67,9.95,2.37,-1.63,22.36,Hover
0.7,32.4,18.32,16.14,2.03,13.34,0.5,-13.58,-24.47,45.91,14.55,27.44,59.99,9.87,3.31,-2.7,3.84,40.64,Turn_Left
31.88,41.54,6.63,8.85,18.01,20.45,0.38,9.14,27.63,16.22,10.14,71.24,32.18,24.3,6.01,1.94,-3.63,7.39,Hover
45.68,2.65,22.93,10.83,17.14,30.73,2.97,-19.32,-19.87,-48.45,12.21,110.29,73.74,16.28,6.51,2.31,-0.69,33.62,Descend
30.71,42.65,13.73,8.49,12.02,30.12,2.56,18.98,-20.99,-40.55,1.49,64.12,60.94,20.89,5.61,-0.89,1.19,8.14,Ascend
43.71,27.51,17.72,18.25,19.14,6.93,1.8,15.03,28.32,-34.22,10.91,112.35,46.33,9.85,8.66,0.25,4.64,43.03,Descend
36.25,10.03,4.9,27.93,28.45,4.21,2.83,3.66,0.96,49.86,3.07,32.21,14.69,4.75,1.57,-1.86,1.77,0.72,Forward
6.2,16.0,21.52,25.77,5.52,23.77,0.37,-23.04,15.48,-44.48,1.08,11.28,39.81,1.26,6.17,-1.25,-4.98,12.38,Slow_Forward
45.14,14.24,49.17,14.08,4.05,29.74,4.72,29.29,-10.36,85.21,8.28,95.76,41.72,16.41,5.31,0.89,2.6,-1.79,Forward
3.51,26.64,16.58,24.88,1.49,6.22,1.48,-0.6,1.97,53.36,11.26,105.65,81.2,24.29,4.46,-1.38,1.5,2.44,Ascend
26.79,2.77,43.85,12.98,11.23,15.07,0.37,-2.88,-29.59,89.95,8.2,54.32,56.21,2.96,3.79,0.01,-3.15,-4.17,Forward
7.28,8.1,42.19,7.94,10.46,34.85,0.86,29.73,-5.47,-7.35,13.97,13.19,93.89,19.29,1.95,2.44,1.2,-3.98,Slow_Forward
0.78,40.67,47.61,29.51,13.21,37.79,0.49,21.83,3.31,16.08,10.43,6.04,77.57,9.12,6.67,4.65,4.26,24.57,Turn_Right
21.22,6.8,39.55,9.46,15.35,18.33,0.9,-2.62,0.86,-39.53,1.76,8.44,58.42,24.84,1.62,3.91,-4.95,33.11,Hover
14.89,11.82,33.05,10.05,22.86,3.46,2.09,-4.87,-5.65,18.67,14.02,53.25,25.2,21.75,8.38,4.14,4.74,-5.54,Hover
24.4,22.78,42.86,29.7,12.07,10.53,3.69,-24.25,17.27,85.3,2.29,28.94,29.89,5.77,4.75,4.11,-2.04,2.17,Forward
28.94,25.95,3.97,4.45,10.25,9.55,1.37,25.59,0.1,-84.53,11.37,55.97,24.41,19.14,6.25,-2.58,1.08,7.66,Forward
2.38,38.23,23.25,22.94,24.89,9.79,2.19,20.63,8.17,-37.93,2.23,59.13,49.86,18.36,1.24,4.46,-2.22,41.52,Turn_Left
6.33,22.48,49.46,28.11,25.57,19.91,4.64,-11.4,-18.92,-39.37,14.98,55.51,75.03,19.09,1.39,-2.78,2.31,22.89,Slow_Forward
28.02,39.54,38.53,15.6,7.37,23.45,1.49,15.2,21.69,86.83,4.98,74.77,78.34,2.07,2.74,3.64,0.16,-4.1,Forward
17.29,30.99,48.11,0.57,9.78,5.16,3.98,15.76,-8.23,-66.12,7.44,81.85,18.65,20.24,7.91,0.81,-2.37,10.34,Hover
36.51,5.83,39.03,11.56,24.84,35.61,0.8,-16.33,-1.07,56.22,7.0,48.12,54.63,6.54,5.12,3.39,0.03,29.33,Forward
32.68,7.99,43.77,3.79,2.84,24.91,0.9,6.82,-8.87,-40.58,1.53,41.11,53.33,14.76,3.45,4.82,-1.48,43.8,Forward
42.31,21.96,35.39,12.78,10.11,24.01,2.29,-14.7,23.51,64.91,7.41,44.84,49.5,2.89,8.57,3.76,-2.5,30.61,Forward
34.69,19.97,38.07,23.81,13.73,39.49,1.18,17.39,24.04,-2.2,2.24,9.35,37.11,13.95,2.32,3.17,0.93,-0.03,Forward
21.61,37.23,26.25,13.44,6.02,25.24,4.52,-20.77,-16.54,-46.39,12.03,39.27,52.82,22.66,2.97,-2.93,1.38,35.06,Forward
33.71,29.12,46.23,13.24,5.81,37.18,0.26,10.13,15.16,37.75,14.37,24.79,56.49,4.43,7.88,3.6,-3.6,-9.82,Forward
13.91,19.53,41.29,16.93,13.03,11.66,2.99,-10.44,-23.83,61.48,12.12,35.61,63.97,21.38,0.76,-3.34,4.29,16.53,Hover
15.45,8.7,42.23,17.66,22.76,9.83,3.03,-27.83,-28.21,-5.37,6.47,86.01,43.96,10.89,2.59,0.13,-4.93,8.98,Forward
39.49,11.5,33.72,25.76,25.29,20.81,0.34,-22.58,20.2,38.52,0.04,118.64,95.06,8.06,5.45,0.02,-2.23,42.05,Descend
22.43,28.86,15.37,9.6,29.39,20.49,3.67,9.29,-22.13,-57.32,0.55,110.9,40.5,1.43,9.19,0.19,-1.57,-7.47,Descend
39.96,21.29,1.97,24.74,2.68,9.29,2.35,-15.61,-20.71,78.77,7.43,98.77,90.55,13.21,3.03,2.23,-4.34,4.06,Forward
41.16,25.84,46.8,17.2,6.89,28.08,3.62,7.86,6.4,-72.64,10.19,88.73,82.11,5.0,2.52,-1.04,-4.1,4.29,Forward
42.91,8.7,29.39,9.37,22.82,1.48,4.14,-5.11,19.01,-50.05,12.29,113.45,51.87,23.5,9.76,-0.43,3.47,13.29,Descend
45.85,33.21,15.05,9.21,16.45,27.72,1.62,11.56,-18.62,-38.1,8.99,90.49,54.67,5.95,5.48,1.59,-1.38,40.78,Slow_Forward
21.66,42.66,7.63,11.15,10.17,18.45,2.43,-0.42,-23.15,-62.5,14.67,57.04,88.29,14.67,1.09,1.82,-1.35,25.89,Forward
16.08,13.05,41.51,18.87,6.56,27.65,1.31,-11.49,-25.36,-16.8,7.41,72.56,54.35,13.96,3.13,-0.62,1.89,-3.32,Forward
29.19,24.68,41.86,7.31,8.77,19.24,1.02,-21.25,-28.51,-7.61,9.0,37.39,71.14,8.42,5.57,-4.48,2.24,35.37,Forward
18.68,48.78,40.76,27.65,13.16,39.1,0.01,-9.53,-23.01,3.35,3.45,1.39,82.84,21.3,1.18,-2.41,2.08,24.64,Hover
30.13,16.8,32.33,17.46,5.73,13.59,4.82,8.09,26.56,-82.66,5.09,43.08,91.71,4.58,7.08,4.44,-0.31,-9.11,Forward
35.34,29.83,18.43,27.64,28.94,39.31,2.21,14.43,-24.28,-50.56,10.25,49.17,29.63,20.43,5.46,4.27,2.07,40.52,Hover
34.48,4.69,15.34,1.87,3.67,2.88,0.08,-20.38,5.85,55.4,9.02,88.24,97.78,5.19,7.24,1.5,4.24,-7.39,Forward
18.85,30.38,0.63,10.61,29.57,27.45,0.05,9.86,25.26,55.91,5.54,103.25,96.88,0.98,3.75,-3.15,-3.65,23.55,Descend
8.51,4.66,41.71,1.17,25.34,18.33,1.45,-19.24,7.67,-30.6,1.68,115.56,36.76,23.6,4.49,-4.04,0.75,23.05,Hover
21.64,47.97,4.55,8.53,12.98,32.94,0.08,-16.69,-28.04,-6.99,5.14,42.86,65.24,15.93,9.32,4.5,3.79,23.48,Forward
7.3,35.84,31.61,25.93,22.32,31.65,1.88,1.88,5.78,-56.98,0.66,114.93,14.22,15.76,2.5,3.73,4.66,36.66,Hover
44.53,39.45,25.3,1.58,20.31,32.07,0.32,-12.65,24.18,57.99,8.71,96.13,25.1,6.63,0.88,-1.02,-4.12,-3.2,Forward
17.42,35.26,26.43,13.37,6.79,4.06,0.21,9.7,-10.65,82.2,4.85,4.67,62.54,3.48,9.83,1.3,4.5,19.41,Forward
7.89,29.57,46.35,3.97,10.5,32.95,3.35,27.35,-11.18,-37.56,5.7,71.84,68.51,17.65,0.57,4.14,2.26,21.55,Slow_Forward
1.47,22.61,1.77,12.8,15.64,8.8,4.54,-21.07,-15.07,50.75,8.63,44.51,58.11,12.97,8.94,-3.62,2.25,11.87,Turn_Left
32.36,42.95,38.71,25.25,19.32,1.32,2.05,4.23,0.33,-26.57,8.72,5.05,73.42,7.95,8.35,1.36,-3.52,19.04,Forward
31.92,47.85,2.79,18.88,16.52,8.94,4.19,25.4,-15.72,-89.53,8.83,64.25,81.36,7.92,5.13,4.19,0.76,17.55,Forward
17.16,25.05,2.1,22.23,14.45,19.33,0.16,-19.41,13.43,17.95,7.37,70.59,25.16,22.23,7.2,3.37,-1.41,31.74,Hover
3.77,46.59,21.6,10.8,13.57,29.76,3.89,-7.99,8.69,-16.13,7.32,31.02,69.37,22.24,1.5,-2.13,0.86,-1.98,Ascend
20.6,29.25,3.34,28.36,15.2,8.98,0.32,-22.58,-5.95,46.52,12.32,112.85,60.63,6.87,7.75,4.52,2.37,-8.37,Descend
15.7,27.01,39.5,21.42,13.31,4.79,4.19,8.52,13.35,44.78,7.01,73.64,20.58,19.85,7.95,-2.97,-3.17,41.23,Forward
33.92,22.83,26.57,12.94,16.47,25.94,4.41,10.15,-24.09,80.29,8.04,21.94,30.57,5.67,0.99,-2.91,-3.47,7.25,Forward
30.37,10.62,1.65,13.08,26.7,39.36,3.93,9.85,14.97,-11.19,14.82,86.83,47.77,20.2,5.22,-4.03,-1.43,33.55,Hover
18.36,0.39,2.22,27.6,19.17,24.15,4.11,2.53,6.17,-3.15,2.72,60.4,87.74,3.16,9.51,-3.82,1.42,7.59,Forward
11.05,12.23,30.71,17.5,21.82,27.73,2.81,14.78,7.8,-17.93,10.9,57.31,29.53,18.95,9.54,2.62,1.74,-9.78,Turn_Right
49.4,25.58,40.34,21.34,18.13,22.58,1.33,-27.85,-26.12,-36.55,7.1,100.31,26.46,13.89,9.85,-2.24,1.09,1.86,Descend
22.81,19.12,22.0,12.8,19.47,31.36,3.22,27.45,7.09,24.81,12.46,17.44,74.89,2.94,6.74,3.69,3.49,-4.2,Ascend
34.48,22.53,27.82,7.1,17.56,39.04,2.2,-16.67,-0.35,59.05,6.06,59.43,97.82,15.39,1.84,3.58,2.35,35.25,Forward
7.2,49.04,40.03,21.84,1.29,21.9,0.04,-22.71,-0.85,-61.59,4.54,93.91,50.26,4.81,4.42,-3.84,0.05,-0.61,Ascend
24.38,17.64,30.6,18.43,29.99,16.85,2.39,26.47,-10.69,86.73,3.12,79.59,41.51,4.85,7.41,0.32,-0.17,44.65,Forward
1.57,22.72,11.39,15.29,1.49,34.46,3.26,19.83,-29.54,33.09,13.08,1.64,32.85,11.18,3.2,2.39,2.98,23.7,Turn_Left
25.37,6.85,30.73,18.91,12.16,38.8,0.08,15.89,-4.64,50.42,10.77,94.71,14.48,24.11,8.2,1.83,3.84,7.76,Hover
48.21,2.59,31.49,6.64,3.6,5.43,3.11,-23.72,-5.95,89.79,1.15,113.42,26.06,22.31,8.68,-3.96,3.49,17.76,Descend
19.33,38.82,36.76,23.92,3.36,23.25,3.27,18.45,-4.63,0.73,10.7,84.86,18.41,20.66,7.75,-1.78,-0.04,42.89,Hover
2.14,28.62,31.12,28.47,23.91,31.76,0.8,6.54,6.72,-77.17,0.53,105.23,54.47,21.28,3.75,1.12,0.79,24.99,Turn_Right
1.74,38.08,48.47,26.79,13.06,21.47,2.16,13.91,-12.01,52.25,2.72,43.94,98.04,12.43,7.54,0.84,2.86,31.45,Turn_Right
19.52,7.66,10.02,9.98,24.13,16.55,4.82,28.68,-13.84,66.74,8.89,42.72,80.87,9.37,1.19,3.14,0.79,17.16,Forward
8.17,28.68,47.56,12.48,8.55,26.31,4.42,-18.33,-0.13,-60.77,6.95,39.18,64.15,22.1,3.68,-4.44,-2.75,19.3,Hover
1.36,12.83,27.01,24.35,8.07,11.02,2.06,0.26,5.54,-85.66,12.61,88.46,53.8,2.02,7.77,-0.2,3.87,44.12,Turn_Right
37.86,11.56,33.66,18.06,7.91,14.16,1.76,15.2,4.04,-65.55,9.12,113.11,65.55,24.9,8.05,3.49,-0.07,23.25,Descend
23.03,0.77,5.15,16.66,18.68,39.69,0.63,-3.98,22.9,-31.69,14.47,106.36,43.84,13.82,3.53,4.94,4.82,19.81,Descend
14.6,6.69,19.15,27.84,24.54,25.57,0.19,-26.72,16.15,76.37,12.83,18.88,26.05,13.51,9.62,-3.72,0.53,38.04,Forward
45.02,15.6,38.52,16.31,13.84,34.96,1.49,-23.31,-26.87,-89.56,5.1,75.51,63.08,7.3,3.1,1.46,-1.13,14.71,Forward
5.98,6.02,35.4,15.69,11.69,32.37,4.7,6.13,3.81,54.68,12.51,119.52,57.53,4.26,6.77,-4.99,-2.87,16.05,Slow_Forward
47.8,49.3,2.2,1.74,29.22,26.2,4.79,-12.9,-4.93,63.87,13.05,36.15,95.01,17.01,8.85,-1.5,-1.55,29.06,Forward
15.84,15.57,27.42,2.55,3.94,33.68,4.06,-21.73,-8.34,55.99,14.55,76.54,68.48,9.04,5.74,-0.55,-2.79,-1.21,Forward
44.44,6.69,4.6,0.72,14.86,11.7,1.76,-9.61,27.47,-75.2,0.19,108.89,79.61,7.56,4.42,-1.54,4.22,-2.84,Descend
30.23,10.11,49.79,27.44,12.55,25.59,0.73,-17.94,-2.59,32.25,13.12,108.05,18.34,4.06,2.51,1.25,1.0,24.01,Descend
41.37,29.47,44.89,12.55,3.39,23.75,2.98,-28.56,13.17,81.7,1.05,39.26,78.48,13.38,2.37,-4.85,3.2,0.09,Forward
49.2,3.39,1.25,14.32,8.41,25.01,3.24,-20.89,28.03,-68.33,7.92,12.18,98.46,14.71,2.01,4.08,-2.92,13.95,Forward
14.56,43.15,42.96,25.44,1.34,6.99,2.13,22.98,-20.94,-84.3,6.22,77.88,69.17,11.08,4.71,-1.81,-4.38,34.24,Ascend
48.06,48.08,45.99,18.47,26.37,11.31,3.46,-29.28,-26.72,67.26,13.8,113.69,76.79,0.3,5.71,-3.5,-0.81,7.05,Descend
19.6,12.49,17.81,18.48,18.43,11.68,3.74,16.43,-11.18,26.09,6.08,61.45,98.16,12.29,8.47,-0.67,4.36,30.83,Forward
19.4,22.61,36.03,9.25,24.54,24.2,3.92,15.21,-27.33,26.36,8.94,55.47,45.21,6.8,2.56,0.14,-3.87,8.03,Forward
17.15,1.3,22.22,25.1,15.89,38.91,2.52,3.85,-22.99,83.6,10.38,103.81,84.18,3.47,7.67,-4.48,2.89,-7.81,Descend
27.16,32.11,32.83,5.39,18.19,38.18,3.96,-17.49,29.5,48.56,0.29,51.53,45.97,14.44,7.09,2.99,-4.41,-4.96,Forward
7.88,20.81,17.15,2.07,21.18,9.32,0.14,22.68,27.61,-18.46,8.86,82.03,48.33,16.78,6.53,2.37,-3.35,13.86,Hover
27.77,13.65,16.26,6.15,27.29,12.4,3.41,-1.5,11.48,-11.55,7.77,47.25,69.24,12.97,3.72,0.12,2.3,7.48,Forward
27.18,10.5,21.34,8.4,3.21,1.73,1.19,-19.61,15.18,-63.96,8.91,45.88,33.08,15.36,3.52,-3.14,-2.89,15.79,Forward
38.14,32.77,7.45,8.83,10.26,16.13,1.36,-4.26,-21.57,-35.27,1.14,23.35,99.35,15.16,7.71,4.27,-4.78,18.77,Forward
41.72,20.93,41.59,20.28,21.42,33.44,0.47,-18.3,5.71,-9.83,0.83,11.53,39.63,3.11,3.11,2.94,-2.81,41.85,Forward
22.13,9.15,17.57,6.93,28.77,36.66,0.97,-7.44,-20.74,-43.0,2.66,106.33,21.06,5.4,3.63,-2.66,2.33,15.97,Descend
15.26,34.52,20.13,20.46,29.43,9.69,4.96,-0.2,-7.3,74.86,13.04,22.57,39.03,0.24,9.67,2.36,0.32,37.16,Forward
13.11,28.34,44.72,3.19,19.32,10.85,2.08,-8.41,-9.28,-87.88,5.35,8.4,87.04,24.55,9.99,-3.99,0.47,36.79,Hover
9.89,42.96,24.93,4.84,6.21,9.07,4.64,9.42,6.84,15.66,6.51,70.29,38.25,5.28,0.52,-3.82,-0.9,38.81,Slow_Forward
3.07,6.05,27.3,15.51,4.02,14.2,0.82,26.16,-25.22,48.89,5.85,65.97,65.02,20.37,7.02,-0.55,-3.54,19.59,Ascend
17.25,39.33,47.83,27.7,28.41,32.25,1.03,-9.11,-23.79,41.78,10.72,68.56,94.18,19.53,5.59,2.02,-2.84,5.74,Forward
13.66,33.74,44.36,25.86,13.3,25.98,2.79,-8.66,6.6,25.87,3.89,56.7,33.4,17.63,4.87,4.17,-3.15,33.24,Forward
48.33,5.93,8.64,29.08,6.25,31.5,1.75,14.3,8.17,-16.14,1.03,17.89,21.82,11.24,3.12,4.71,2.07,7.75,Forward
27.97,34.8,23.77,19.69,28.05,23.45,3.22,1.84,-9.61,75.33,5.67,3.49,18.72,14.6,5.32,1.92,3.47,39.27,Forward
17.49,22.19,48.57,20.44,3.58,10.53,2.12,-4.27,-21.19,-30.79,10.92,6.52,49.63,4.66,4.84,2.83,-2.62,-4.23,Forward
29.11,47.26,18.74,18.94,22.02,9.35,4.06,18.83,23.16,45.02,13.72,113.23,19.39,2.65,4.31,0.1,-3.27,27.3,Hover
7.13,7.25,18.7,18.87,18.95,0.66,2.16,23.46,-26.82,76.8,0.76,64.29,50.84,8.79,8.57,-4.44,-2.48,16.47,Slow_Forward
22.31,32.21,9.91,4.84,3.09,31.3,2.87,5.44,13.04,-66.89,12.16,48.57,87.64,20.64,3.07,-3.75,4.39,23.39,Turn_Right
31.39,19.22,5.89,16.54,10.49,33.93,1.61,-18.89,-21.6,80.47,0.99,49.89,79.97,14.1,6.18,4.71,-2.86,-3.88,Forward
24.55,47.85,37.07,11.89,4.92,30.8,3.52,-2.02,8.24,49.69,4.96,78.61,62.35,19.1,8.71,-1.07,1.9,43.42,Forward
20.21,16.63,38.55,13.55,18.33,3.25,3.28,0.26,9.82,20.99,0.33,45.82,86.54,22.26,9.8,2.72,-3.83,29.29,Descend
49.69,48.12,48.46,15.95,14.57,30.56,1.99,-4.07,18.26,-22.79,13.67,95.78,19.02,14.01,6.23,-2.8,1.6,5.68,Forward
44.04,45.09,38.72,4.29,0.63,2.12,1.39,-14.25,-6.3,72.77,10.6,31.93,64.85,9.18,5.44,0.33,-2.55,38.92,Ascend
31.25,13.67,12.32,11.1,29.28,4.49,3.07,-1.66,-28.69,-82.07,5.54,44.7,20.41,21.39,8.48,-3.47,3.37,14.91,Hover
28.55,40.22,2.2,2.37,10.81,17.79,4.72,-3.21,18.66,-12.27,5.66,112.26,53.39,5.74,2.29,3.09,-4.77,0.23,Descend
31.11,49.78,49.27,29.4,8.12,19.2,0.67,-17.43,-3.36,46.19,9.6,31.97,51.71,0.62,6.49,-3.32,0.0,13.68,Forward
10.23,12.78,17.15,4.0,7.06,32.7,4.0,24.21,20.83,56.01,1.34,79.73,33.86,1.27,1.11,2.06,1.63,7.56,Forward
19.88,21.95,15.74,8.13,5.19,27.28,2.72,23.12,16.56,-53.59,2.18,44.38,84.69,14.56,6.77,-3.49,2.44,28.96,Forward
2.17,26.11,45.32,26.79,29.97,6.39,2.63,15.58,-0.1,-81.43,12.71,57.07,30.54,22.31,8.06,3.19,4.0,-8.83,Turn_Right
23.88,14.89,29.34,14.74,9.21,9.28,4.81,-5.94,29.96,54.51,3.03,6.38,59.67,14.11,1.1,0.03,1.26,38.41,Forward
27.24,0.96,10.9,4.5,12.46,11.64,3.03,-7.78,-2.28,-14.06,10.9,20.9,53.4,10.23,8.56,-0.88,-3.71,13.78,Forward
11.54,11.16,44.48,11.83,26.2,5.21,4.15,12.99,11.79,-64.17,3.39,13.13,48.85,14.43,1.67,-1.63,2.24,-3.79,Forward
48.21,14.24,49.67,3.92,19.44,11.72,2.58,6.49,10.19,-74.6,1.32,101.52,13.02,16.78,2.17,1.88,0.28,32.23,Hover
45.49,22.29,4.52,6.41,11.38,29.23,1.26,6.04,1.08,25.32,13.5,115.44,72.71,18.96,8.45,-4.12,-4.0,44.36,Forward
36.16,8.72,43.14,2.03,27.0,9.88,3.48,-22.55,5.12,14.91,13.53,9.09,11.14,8.68,1.68,3.56,-3.6,39.65,Forward
26.76,43.69,19.65,13.43,22.62,33.46,4.62,7.1,17.92,63.72,9.08,10.14,83.85,9.67,6.9,2.61,3.28,-0.94,Turn_Right
43.52,35.3,26.3,24.3,7.22,18.94,4.21,24.11,4.3,-84.32,6.93,66.71,33.98,0.59,3.3,-1.27,0.66,1.91,Forward
6.71,4.44,45.76,17.79,19.49,13.12,1.0,-24.85,-2.99,66.32,8.29,60.98,20.8,16.24,2.86,4.78,-3.42,44.32,Turn_Right
39.57,32.57,48.67,18.39,27.71,16.67,1.59,-9.65,9.72,69.7,6.12,78.42,47.53,19.42,6.68,3.32,2.88,1.15,Forward
6.42,32.75,13.26,6.42,15.15,28.47,2.59,0.54,-27.87,-9.67,11.36,88.68,60.34,12.77,1.51,-2.29,0.86,6.59,Slow_Forward
39.75,47.82,10.8,10.64,22.14,20.82,2.86,11.16,-23.45,-76.2,11.32,95.87,37.93,9.41,5.96,3.88,-3.33,24.26,Ascend
13.93,0.35,4.21,25.43,29.15,0.59,0.98,-24.62,-22.47,80.41,12.28,18.74,20.96,8.33,9.28,-4.01,-0.5,6.02,Forward
43.88,12.55,28.18,3.09,20.87,36.92,1.16,22.37,-4.45,-77.03,7.84,5.5,11.65,16.13,8.59,1.9,4.29,10.98,Hover
47.21,46.4,0.88,25.81,3.52,2.92,3.8,-27.57,22.31,16.32,12.02,106.81,73.34,8.27,8.59,-3.69,2.51,30.77,Turn_Left
7.61,46.62,20.71,14.77,7.71,37.56,3.65,21.46,8.6,-1.23,2.34,56.88,89.78,14.98,3.38,4.76,-1.13,22.63,Slow_Forward
23.24,36.09,3.85,25.2,18.06,1.42,4.2,-28.34,28.36,60.32,0.45,116.58,19.05,23.17,7.16,-4.5,-4.95,34.56,Descend
49.05,38.34,20.38,9.88,8.63,30.91,4.67,-20.79,-27.6,0.47,9.72,64.4,30.76,8.27,7.91,-2.67,-2.74,32.65,Forward
24.27,4.76,2.19,10.5,28.75,21.53,1.55,18.02,13.32,-5.56,1.58,61.69,11.82,1.71,9.06,0.3,-3.19,33.96,Forward
43.2,25.79,41.79,22.67,12.46,20.38,4.3,21.61,-11.15,68.52,8.26,75.13,89.66,21.85,3.01,0.84,-1.22,-0.22,Hover
29.52,11.73,10.65,23.66,13.99,3.19,3.33,28.94,-28.6,83.52,10.82,21.25,50.03,6.84,7.73,0.13,3.83,4.13,Forward
18.89,9.22,16.55,7.27,21.2,9.78,4.79,-23.06,19.56,8.87,6.11,31.23,93.27,24.71,2.71,2.4,-3.2,0.04,Hover
14.43,40.55,43.53,29.2,15.97,31.17,1.37,1.59,-20.24,-8.15,0.66,108.79,52.13,21.0,0.76,-4.98,-4.5,-3.26,Descend
10.32,6.92,37.36,2.99,11.77,35.68,1.36,-25.37,-17.16,59.6,13.31,26.27,87.6,10.67,5.08,0.64,-3.69,36.77,Forward
38.14,23.54,11.11,2.52,2.76,21.31,3.52,-20.62,-9.57,59.6,0.65,28.72,95.66,15.7,7.78,1.15,-0.54,-9.79,Forward
19.45,46.94,3.78,18.07,18.1,14.33,4.64,-19.53,17.3,-32.51,13.57,61.69,40.16,6.94,2.54,-2.91,-4.33,24.51,Forward
25.66,9.45,35.84,21.82,26.09,2.68,4.12,-26.2,7.48,13.72,0.79,77.3,67.66,2.1,0.96,1.59,0.57,38.01,Forward
24.72,48.9,19.66,28.85,20.73,27.38,3.64,23.58,-14.11,-62.26,11.03,1.11,69.98,13.15,4.05,1.54,-2.26,-0.79,Turn_Right
28.95,49.72,38.35,12.45,11.75,11.35,1.94,-22.42,-19.89,24.4,13.87,55.36,11.93,10.62,2.43,0.3,-1.25,41.24,Forward
43.31,27.87,22.38,1.25,4.27,2.48,3.59,7.76,-23.43,60.12,13.6,48.48,49.44,24.25,4.13,-2.41,-3.44,42.66,Hover
49.04,8.67,17.43,18.29,24.58,26.73,4.01,7.54,-21.01,-56.25,13.4,104.01,86.98,14.94,9.25,-0.83,2.46,21.94,Descend
20.5,15.94,22.67,9.05,28.28,19.58,3.77,-18.08,22.09,-31.85,13.25,100.92,95.17,18.68,7.57,-2.28,-1.19,26.69,Descend
41.41,21.34,37.48,13.27,11.95,0.77,3.39,29.9,25.36,-9.19,7.66,108.8,90.93,3.38,4.04,2.7,-3.85,0.26,Descend
38.27,15.6,45.13,14.91,21.99,4.7,0.25,-9.16,28.08,62.11,8.37,101.2,97.56,18.09,3.59,1.19,-1.38,44.13,Descend
28.76,14.18,2.68,2.4,12.62,28.06,3.3,24.31,20.08,41.65,9.3,94.62,68.77,1.41,9.25,-3.49,4.84,30.67,Forward
47.81,48.62,26.3,14.84,15.32,2.83,2.4,26.9,23.24,-32.96,13.44,103.22,30.95,15.33,8.94,0.68,2.14,18.39,Forward
10.18,7.84,1.84,13.08,25.18,34.68,4.81,26.94,18.97,-46.25,12.57,21.8,61.78,20.96,6.24,4.03,3.69,17.55,Hover
5.64,36.72,23.53,21.52,2.96,12.66,3.04,15.17,27.48,35.23,11.74,41.56,47.9,12.08,3.9,3.33,3.92,23.99,Slow_Forward
42.73,0.22,44.29,19.55,16.14,3.82,3.05,-14.77,20.74,-3.62,10.14,82.35,33.28,5.38,8.03,3.91,0.49,0.24,Forward
22.07,29.89,18.21,5.96,6.83,30.46,4.97,-22.76,-2.28,16.84,9.28,110.85,79.55,11.09,6.81,4.17,0.57,22.84,Descend
42.38,45.81,46.64,6.58,10.52,21.12,0.48,4.19,-10.6,26.77,13.84,80.36,66.63,21.03,5.86,-3.12,4.07,-6.15,Hover
44.68,14.54,31.6,7.9,19.51,12.47,1.39,-8.4,5.05,10.56,2.89,25.75,81.11,17.86,7.52,2.2,3.73,23.26,Forward
3.31,9.44,46.72,5.78,1.3,16.42,3.28,19.86,6.49,20.35,2.89,113.42,34.25,15.14,1.78,1.44,2.16,21.61,Ascend
44.2,32.65,37.91,19.89,18.02,1.15,1.58,14.7,4.49,69.75,14.74,91.48,91.35,17.35,9.34,-4.67,3.22,9.67,Forward
22.53,35.69,5.35,29.84,8.86,26.61,1.74,-13.41,12.4,66.28,8.3,86.27,31.48,20.85,9.74,2.78,2.41,-5.04,Hover
25.62,34.46,11.71,19.74,20.25,14.82,4.46,-28.98,11.94,-63.17,7.25,91.74,64.17,3.8,3.87,-2.93,-1.92,20.26,Forward
31.4,16.1,19.83,18.4,4.68,28.65,2.9,-15.76,-24.77,15.57,12.76,79.44,15.12,21.05,9.49,4.17,-3.79,14.06,Hover
46.33,12.76,8.67,12.59,22.21,25.24,0.52,4.03,-12.87,-10.93,12.75,3.63,58.69,20.16,8.06,3.35,2.17,7.18,Hover
1.15,47.8,24.85,9.72,19.55,26.15,1.56,-25.26,23.39,-38.61,2.65,31.18,18.89,11.94,9.44,2.69,4.06,13.54,Turn_Left
23.95,46.18,23.67,27.38,29.15,31.78,0.39,9.5,5.4,23.61,2.6,114.83,39.9,10.07,9.22,1.97,4.79,-6.65,Descend
34.45,22.97,47.82,29.09,27.38,25.36,2.79,10.3,-10.29,1.96,11.93,35.34,87.46,23.31,2.41,-0.3,-4.51,-5.31,Hover
36.19,42.34,21.8,15.15,8.86,16.92,0.87,-19.84,21.03,49.48,11.78,92.82,90.42,20.49,2.97,2.98,1.37,-2.06,Hover
34.69,22.73,39.32,9.06,1.31,15.78,4.29,5.78,-15.06,-73.18,3.38,51.51,79.06,24.72,2.98,3.19,1.17,20.44,Ascend
6.89,21.33,47.11,23.22,19.83,5.05,2.89,6.42,-5.45,-35.52,12.62,109.0,43.09,16.04,1.4,-4.02,-1.31,5.57,Slow_Forward
15.11,8.01,43.87,4.41,18.29,31.24,0.31,-1.32,-13.42,-85.36,7.2,67.36,62.09,0.79,4.28,-1.69,0.53,2.93,Forward
18.06,21.44,10.59,23.08,1.31,30.52,1.51,27.19,22.28,44.27,7.05,76.19,30.16,3.85,3.94,-1.83,-0.44,24.68,Ascend
40.26,26.96,24.9,24.66,4.12,10.08,3.09,-23.51,13.7,74.24,14.79,29.52,71.05,20.51,3.77,-3.75,4.25,22.83,Hover
14.08,1.32,17.52,4.18,17.75,34.55,1.68,-5.6,-2.39,15.73,7.79,7.85,41.27,15.97,3.81,4.76,-2.01,8.6,Forward
10.69,22.32,20.11,29.32,27.4,23.68,2.57,22.98,25.94,21.06,2.06,91.03,29.89,4.95,1.09,0.84,-3.21,41.55,Forward
47.88,39.11,18.17,29.57,27.24,19.3,4.55,-6.82,25.65,-81.64,4.2,9.05,62.65,0.3,2.27,0.9,1.73,11.9,Forward
0.64,34.07,41.35,28.13,4.97,0.99,1.76,-4.52,12.69,0.68,5.01,86.89,20.06,6.57,3.31,-1.18,-2.14,0.43,Turn_Right
49.89,31.83,22.72,15.13,11.84,15.49,1.69,10.1,23.52,4.84,14.38,67.1,71.8,3.44,8.95,2.69,-4.44,38.88,Forward
33.91,45.5,26.28,7.76,1.77,25.73,4.1,9.93,13.16,-82.98,3.96,98.58,26.83,21.91,9.3,-0.24,3.01,28.62,Ascend
41.46,1.1,49.13,17.67,14.34,3.86,1.6,-28.63,7.69,50.83,6.46,25.49,59.81,22.07,3.21,2.42,-1.75,31.19,Hover
14.87,27.94,3.19,12.89,22.72,18.54,0.4,-2.66,-4.75,-39.9,11.24,65.44,45.33,21.06,7.09,3.78,4.92,36.69,Hover
0.91,39.41,24.5,6.58,23.8,39.74,0.91,-9.99,-13.59,40.22,4.11,74.09,60.96,2.37,8.58,1.57,-1.88,33.79,Turn_Left
36.95,27.16,38.75,13.0,15.22,28.75,4.74,7.66,-26.38,-17.47,10.52,9.84,32.14,3.38,5.31,1.23,0.56,36.63,Forward
41.74,16.33,7.73,20.08,3.33,22.01,4.67,3.34,18.05,89.22,3.11,88.93,37.94,3.39,7.68,2.87,-3.39,2.52,Forward
37.08,6.99,30.65,2.59,11.75,21.46,1.13,9.05,-22.67,-51.8,3.64,47.29,22.63,6.46,9.77,0.03,0.33,23.87,Forward
7.31,44.4,12.13,10.34,28.0,2.04,2.77,9.23,-5.38,-79.52,14.79,16.34,79.93,1.82,2.04,3.12,-2.35,27.16,Slow_Forward
37.72,23.64,43.4,1.02,7.27,38.31,0.7,-14.71,-15.92,86.38,5.53,47.06,16.31,24.54,1.17,-4.08,1.82,6.1,Hover
38.49,43.93,16.49,22.61,9.93,37.15,3.38,-15.21,-2.72,-46.11,10.95,12.7,43.88,21.38,6.58,-2.58,-4.72,44.69,Hover
33.0,29.38,16.59,19.4,22.53,27.39,0.93,-7.78,-11.1,24.36,12.6,106.67,50.42,1.73,5.33,4.25,1.99,34.4,Descend
38.35,33.77,29.99,2.35,22.14,4.23,0.26,-15.48,19.78,-22.58,5.2,55.35,27.57,3.59,3.32,-3.29,0.18,40.3,Forward
42.33,40.25,9.34,28.96,27.41,8.55,4.13,10.97,28.69,25.13,5.36,17.43,44.63,6.56,9.21,-0.47,-1.2,-1.63,Forward
30.76,33.03,14.39,1.17,11.95,7.6,1.63,6.17,26.49,17.29,11.6,31.0,47.63,19.38,8.54,-0.19,-4.35,-7.93,Forward
4.61,20.02,20.95,17.9,15.68,20.93,0.55,-17.02,7.34,37.31,9.11,87.23,30.19,17.85,3.01,-0.82,-4.38,-8.43,Ascend
24.48,25.78,17.81,23.4,14.29,8.55,4.17,23.05,28.76,-86.68,5.43,94.54,67.53,15.76,7.85,3.67,2.92,37.67,Forward
4.07,40.19,26.34,23.74,27.87,27.92,3.81,-2.36,-5.96,60.51,11.24,5.92,12.78,22.8,8.37,2.5,2.41,20.05,Ascend
20.5,18.81,30.06,1.51,23.2,21.95,3.42,-22.38,1.35,-3.84,12.96,8.13,27.78,0.91,3.59,3.1,-0.34,6.92,Forward
20.47,19.53,28.42,27.24,25.03,1.0,4.56,-17.22,-14.59,3.39,3.53,110.15,66.17,4.03,1.44,4.91,-4.93,34.31,Descend
3.49,4.97,32.78,27.59,4.43,29.84,2.45,2.39,23.88,-16.02,0.37,40.39,66.48,4.75,8.58,4.75,3.13,25.42,Ascend
17.57,45.75,15.53,17.06,23.86,7.8,0.65,-9.69,-19.22,88.09,4.11,24.01,33.87,1.49,1.42,3.92,1.66,24.05,Forward
5.73,4.73,6.5,14.72,13.27,33.05,0.32,21.07,6.63,54.28,10.12,15.64,71.47,15.46,5.05,0.66,-4.23,33.87,Slow_Forward
40.45,32.48,38.09,1.82,1.19,14.4,1.6,-0.32,17.97,-33.95,13.73,57.64,52.28,5.24,2.35,-1.99,-2.23,15.81,Ascend
47.39,20.78,42.57,17.08,2.27,13.74,0.44,24.92,5.72,50.95,12.95,92.76,57.45,12.07,9.31,2.24,-4.32,-1.1,Forward
3.8,20.4,13.0,12.58,20.5,0.77,2.68,-23.89,-25.27,-11.34,3.33,63.01,39.93,17.14,1.52,4.49,3.7,40.47,Ascend
47.76,34.04,20.47,23.3,11.47,39.51,0.08,10.12,6.69,66.6,13.22,3.46,98.58,14.89,1.61,4.9,0.04,37.59,Forward
26.22,3.54,25.03,12.41,26.11,24.6,2.22,23.15,16.02,-84.45,12.16,58.58,76.36,7.25,7.17,1.13,-1.26,3.67,Forward
15.12,29.77,26.76,20.67,22.16,17.08,0.9,-12.42,-18.73,-26.03,11.02,38.09,32.36,10.35,2.45,2.01,1.32,8.09,Forward
4.03,38.65,33.04,3.49,1.14,4.14,1.85,-21.86,14.22,-12.63,10.32,82.26,31.29,8.5,1.76,-2.21,2.46,35.11,Ascend
25.13,41.44,2.27,4.42,20.76,28.06,3.38,-2.6,22.71,43.96,12.11,63.3,79.68,21.31,2.1,-2.98,1.53,43.47,Ascend
39.77,8.69,36.13,4.62,6.17,11.52,1.76,27.68,29.19,-57.19,12.93,115.88,44.92,10.5,6.16,1.39,3.29,32.65,Descend
35.41,44.89,3.29,1.84,12.97,39.53,1.71,8.01,-5.4,-38.47,12.29,72.18,18.24,1.54,2.61,-2.75,0.94,-7.12,Descend
2.7,32.88,23.52,16.47,18.93,38.04,4.95,8.64,-28.49,40.3,1.83,76.27,13.2,15.48,4.08,-1.05,-4.97,12.46,Turn_Left
3.83,44.12,41.42,23.92,26.25,29.49,3.6,10.29,-4.86,-76.17,10.83,62.91,47.26,4.94,8.57,-0.07,-3.64,32.68,Ascend
20.26,24.37,22.67,18.51,13.95,38.85,2.57,-27.61,9.61,-53.8,12.62,38.01,47.32,8.47,2.17,4.33,3.67,15.63,Hover
14.91,27.19,7.62,17.46,24.35,4.49,2.9,-3.26,23.48,45.61,2.79,76.04,73.62,8.19,8.35,4.78,-3.72,27.17,Forward
11.77,45.97,49.25,20.58,23.6,11.41,3.1,-25.35,26.29,67.6,3.21,40.62,61.73,1.81,7.87,-2.53,1.2,-8.0,Forward
14.19,45.02,44.49,10.52,12.73,10.35,0.13,-11.05,24.57,41.19,11.79,86.36,79.31,23.77,8.4,-3.68,-2.94,1.64,Hover
40.21,22.52,38.61,11.18,15.28,3.16,0.41,19.3,9.48,4.88,5.16,29.18,38.6,13.68,3.8,-2.75,4.6,31.75,Forward
46.48,13.87,20.69,9.77,21.16,38.9,3.25,9.38,10.95,-72.17,6.0,44.75,66.18,3.91,4.99,0.19,-2.75,0.59,Forward
20.37,19.78,9.36,21.51,1.42,2.68,1.83,29.73,-29.86,58.9,5.66,70.45,89.71,13.89,7.22,2.83,-1.38,43.42,Ascend
45.32,19.51,47.08,5.27,26.78,34.31,0.29,-19.67,-8.18,-67.67,3.19,75.79,16.24,11.29,0.86,0.22,2.74,10.17,Turn_Left
16.21,14.49,26.71,0.88,23.21,30.8,1.49,-6.18,24.41,-20.69,14.08,80.56,73.76,8.62,6.81,4.33,1.58,0.68,Forward
23.93,13.58,42.65,18.09,7.86,15.22,0.66,18.58,11.38,-80.91,12.09,84.34,74.43,11.81,1.64,1.37,-1.78,0.69,Forward
11.46,43.08,17.24,28.3,29.44,1.05,4.58,-17.06,-1.92,37.74,3.76,38.88,81.46,16.74,3.24,-0.16,1.98,-0.37,Forward
32.1,3.68,16.9,18.48,5.79,0.54,1.02,-20.78,-23.74,0.63,1.59,107.22,34.21,4.99,8.19,2.7,4.8,9.11,Descend
48.95,33.95,49.28,23.6,27.47,8.4,0.73,-4.34,-15.22,73.37,5.59,4.56,47.49,13.45,6.54,4.54,-3.55,21.99,Forward
30.25,8.81,26.19,20.35,10.07,19.91,3.13,-6.98,3.3,-65.03,6.23,23.42,31.57,20.32,6.41,-1.67,-2.6,38.57,Hover
18.02,17.36,7.21,15.17,23.01,18.48,2.61,28.81,23.85,57.45,0.11,9.35,37.77,5.56,2.66,-2.25,-0.51,41.34,Forward
32.46,3.26,11.14,21.69,13.96,23.54,2.88,-2.62,-24.25,1.92,13.31,80.91,97.17,12.89,6.84,-2.87,-1.87,22.99,Forward
6.32,13.64,24.2,24.81,22.23,30.95,2.19,21.66,-20.77,-24.1,12.77,33.57,50.11,24.14,1.75,0.36,-1.83,24.8,Hover
44.46,38.47,2.32,7.13,5.1,15.28,2.34,23.28,9.3,25.84,12.75,24.7,86.37,20.01,9.67,-0.32,-0.71,18.65,Hover
25.25,44.27,23.23,10.42,8.45,6.67,3.9,-20.53,-12.35,52.28,12.09,58.2,81.54,14.83,2.9,-2.53,2.9,8.52,Forward
22.58,11.23,21.06,7.1,3.45,32.06,1.11,12.92,-19.82,-10.75,11.0,74.67,50.01,18.73,8.35,2.22,-1.43,19.37,Forward
29.38,23.28,39.01,13.84,26.02,13.51,1.99,-13.34,-19.29,-48.09,9.52,74.69,99.3,13.14,9.24,-2.02,-2.43,-0.9,Turn_Left
31.31,23.62,17.88,26.61,9.24,11.69,4.79,-24.32,-0.44,74.84,14.4,67.34,85.67,24.66,2.13,2.57,0.51,7.75,Hover
3.77,43.7,49.13,10.68,20.99,30.64,0.96,22.48,5.02,-33.66,10.68,119.05,53.44,4.23,0.59,3.39,3.72,0.98,Ascend
34.19,38.19,9.2,11.55,24.7,37.39,1.48,-12.45,24.26,89.68,9.45,103.37,37.87,17.99,8.81,3.66,1.99,36.19,Descend
12.25,25.75,29.63,25.88,27.09,36.62,0.97,-9.28,1.79,48.12,11.83,29.42,16.78,0.15,7.76,-3.54,-1.6,-1.03,Slow_Forward
35.75,33.6,4.67,15.7,3.64,5.76,0.11,-10.56,11.48,33.81,3.69,91.29,51.83,3.14,1.97,-1.94,4.72,31.08,Forward
41.16,42.4,36.75,16.3,26.84,20.28,1.36,-17.98,-19.16,-87.77,14.51,68.75,42.4,18.05,8.39,0.24,1.91,-6.35,Forward
40.24,0.68,49.74,25.89,6.32,3.99,0.24,-3.93,12.81,-9.26,0.29,9.39,74.02,18.98,8.2,3.46,-3.62,26.28,Forward
27.71,20.26,40.99,14.97,22.24,38.45,0.78,-4.3,8.92,0.44,9.73,6.9,11.77,0.98,4.88,-0.99,1.95,32.11,Forward
26.1,45.38,27.87,20.61,22.0,8.84,1.82,-5.47,-17.03,-22.25,1.16,96.15,84.83,8.35,9.49,1.6,4.06,-4.47,Forward
7.32,37.07,24.34,3.03,0.75,8.14,0.11,24.98,10.16,-63.0,12.8,65.85,47.5,2.95,6.03,-0.45,-0.27,32.46,Ascend
38.81,27.23,41.78,5.77,7.01,35.59,3.77,-9.61,-17.31,-23.86,14.51,68.99,52.28,22.25,4.71,-4.7,2.29,22.23,Hover
13.72,26.58,46.81,12.43,15.01,38.72,3.98,-28.18,5.61,-76.5,6.13,41.02,26.45,11.35,0.63,-1.84,-3.49,27.74,Forward
24.94,17.52,49.46,15.1,12.89,28.0,2.06,-19.29,10.13,-37.63,12.86,111.71,94.37,11.06,9.55,2.57,-3.89,29.78,Descend
14.36,26.12,19.95,28.99,27.6,5.1,4.92,13.29,11.6,-74.94,5.04,85.89,45.85,20.6,1.72,2.3,1.28,-1.02,Hover
6.86,32.84,49.55,29.13,11.11,19.59,3.4,5.45,24.56,45.44,2.39,111.4,85.85,17.38,3.31,3.84,-1.0,33.89,Slow_Forward
31.55,21.03,7.97,25.61,28.14,32.72,3.72,27.1,26.87,30.81,4.15,12.81,31.37,23.06,7.43,0.93,-0.41,33.0,Hover
2.91,35.76,12.83,9.81,14.05,23.03,0.97,11.67,18.61,79.19,4.53,70.46,18.7,23.47,0.55,2.66,-1.93,25.58,Turn_Left
37.48,43.09,4.63,28.94,28.95,5.56,4.19,-18.35,22.72,-21.61,9.46,76.87,67.22,7.83,5.65,-0.85,-0.44,17.76,Forward
16.02,7.9,13.73,20.84,22.25,7.12,4.73,-22.76,-28.84,51.52,11.94,15.99,98.6,16.21,2.01,-1.5,-4.01,36.74,Hover
0.21,22.69,38.44,12.09,24.97,34.61,1.19,1.25,-8.24,15.77,3.08,42.21,68.22,13.54,0.71,-1.6,-3.92,38.44,Turn_Right
25.65,20.52,42.68,21.2,3.59,21.22,3.44,9.92,-27.62,26.3,1.32,26.56,64.78,14.9,6.6,-3.41,-0.56,8.41,Forward
2.53,34.44,38.99,0.99,17.79,28.32,3.74,-20.06,-16.51,8.54,3.32,118.15,49.8,15.63,6.23,-0.62,-0.47,19.31,Turn_Right
13.95,12.64,31.63,4.81,4.71,15.11,1.53,6.1,-7.1,50.25,4.45,65.67,35.54,1.5,7.48,3.11,3.71,14.74,Forward
35.41,32.08,25.8,24.98,9.28,21.44,2.38,21.9,22.05,-82.44,4.2,38.52,48.77,22.38,6.37,-4.88,-1.7,13.38,Hover
3.32,43.9,35.49,19.54,18.9,39.09,0.5,13.65,0.71,-75.51,3.3,80.08,23.41,3.51,4.7,0.75,1.77,35.53,Ascend
42.0,21.02,19.66,11.24,21.92,13.39,0.87,9.85,8.93,-72.73,6.99,79.49,33.57,10.61,5.05,-3.27,-1.97,26.5,Forward
0.39,45.57,42.1,15.27,1.66,27.09,0.32,17.36,-8.23,-38.04,12.84,42.33,53.86,7.3,2.59,2.44,-1.92,16.06,Turn_Left
12.49,49.66,33.92,27.2,16.16,7.15,2.81,-23.76,6.17,16.4,1.51,119.28,23.03,13.84,1.3,-3.6,2.09,33.37,Descend
37.1,5.48,34.95,19.13,17.18,5.13,3.13,-17.77,18.93,26.21,12.93,97.27,81.24,24.04,8.68,-3.36,0.62,41.87,Hover
15.95,11.81,26.89,12.25,2.83,31.41,4.58,-27.71,-11.93,38.27,7.46,48.64,11.04,10.31,7.07,-4.57,-1.27,12.42,Forward
5.27,47.53,44.28,4.05,15.27,33.81,2.72,-21.3,25.94,-39.46,9.91,79.55,38.94,15.08,1.67,-0.57,-0.17,-2.55,Slow_Forward
18.14,47.92,12.75,9.17,21.56,26.83,1.31,24.79,-17.2,27.04,12.23,85.55,56.5,3.53,3.01,1.48,3.44,40.59,Forward
13.67,5.07,19.18,29.36,2.07,6.58,0.31,-16.67,25.16,-68.82,4.56,21.68,93.61,11.58,8.7,-2.11,2.46,42.65,Forward
42.17,0.95,38.93,13.4,22.93,9.85,4.43,9.73,-28.3,-88.2,14.31,105.5,61.61,22.89,9.62,-4.59,4.35,12.5,Descend
15.8,8.22,24.74,14.42,17.5,36.47,2.4,11.49,2.57,35.04,1.26,99.3,36.54,23.31,8.02,4.33,3.77,25.66,Hover
39.49,49.8,44.48,15.21,25.08,11.76,3.69,8.72,29.11,38.81,7.91,90.93,41.7,13.66,5.91,3.61,1.7,-5.02,Forward
44.62,9.16,17.45,26.58,6.93,32.81,0.08,3.24,6.59,21.99,3.82,27.5,40.52,19.21,8.76,-0.37,-3.1,-7.45,Forward
21.8,25.23,18.59,18.32,25.08,11.65,2.45,-0.83,3.29,-43.4,6.12,17.21,26.23,0.08,6.45,3.23,-1.38,-4.81,Turn_Left
45.52,42.45,44.46,20.96,3.29,37.6,1.64,-4.8,10.95,76.94,6.73,22.49,23.04,13.29,7.14,3.01,0.55,32.6,Forward
18.99,1.22,23.33,11.99,12.41,36.6,0.16,25.01,-12.64,67.62,13.72,12.07,53.26,18.31,8.36,0.62,-4.66,15.25,Forward
48.21,30.3,25.9,1.36,6.38,2.02,3.88,-29.43,-26.77,2.8,6.62,112.89,34.32,8.25,3.86,0.27,1.81,26.05,Descend
4.65,14.0,16.77,27.96,26.34,30.89,2.57,-26.79,-14.94,88.05,10.47,102.33,18.27,22.53,7.95,1.51,4.8,20.5,Ascend
34.41,43.14,13.98,28.5,21.3,7.03,1.67,-0.45,-19.43,-36.25,14.28,11.8,29.48,19.49,2.47,2.22,3.28,0.66,Forward
24.79,14.32,32.87,28.5,1.25,8.85,4.03,-10.17,25.41,-1.6,7.42,81.68,56.87,19.24,2.35,3.21,1.88,34.79,Ascend
19.5,34.4,6.17,28.34,0.78,18.56,2.24,-5.51,21.14,77.03,6.12,30.22,33.12,0.53,8.21,0.74,1.78,1.78,Ascend
31.71,33.78,43.99,24.55,9.09,23.18,0.03,29.87,-10.94,-6.82,14.59,3.06,31.4,4.6,5.86,2.46,3.97,0.03,Forward
35.25,11.23,39.0,20.7,4.73,13.23,4.72,16.51,20.16,-5.22,12.42,35.79,65.86,17.84,4.43,-3.14,-1.9,23.98,Forward
0.42,1.93,9.7,25.41,19.09,23.14,1.29,22.64,-17.29,-75.71,14.1,53.36,72.05,14.04,5.47,2.46,-0.53,37.81,Turn_Right
8.51,20.58,34.76,18.22,20.08,7.08,4.15,-7.89,-18.03,-51.96,5.96,3.38,31.71,14.46,9.79,-4.42,1.6,37.64,Slow_Forward
35.71,14.6,30.21,4.46,28.29,1.19,4.08,-15.63,16.05,-61.58,10.44,39.52,52.49,0.37,8.99,1.58,0.73,14.11,Forward
33.39,40.49,9.39,12.04,28.59,22.98,0.82,16.08,-10.38,11.75,3.74,84.34,78.81,11.05,5.32,2.13,3.44,27.7,Forward
48.31,40.06,13.81,29.15,19.94,20.84,2.38,18.45,-26.11,-32.67,12.99,28.18,72.09,19.66,5.7,4.68,-1.34,35.39,Forward
38.1,22.96,20.57,10.86,0.67,27.68,0.21,2.99,13.2,-76.13,14.0,58.7,16.24,16.59,6.34,-0.78,-0.84,1.89,Ascend
47.55,30.4,35.02,26.1,11.09,26.1,1.78,23.76,29.38,1.8,4.02,106.62,42.41,14.31,8.01,-3.86,-2.51,11.72,Descend
35.19,30.29,32.01,3.25,15.64,35.93,3.66,28.04,3.96,30.46,1.57,4.38,75.09,17.41,8.8,-1.65,1.39,24.84,Forward
15.04,41.39,26.71,10.36,15.23,18.54,1.19,-1.74,-14.18,42.57,3.01,94.49,26.15,21.27,1.89,-0.81,-1.1,36.17,Hover
5.45,21.37,38.47,10.85,18.3,0.63,0.59,-16.64,-7.63,60.75,9.49,46.68,27.63,21.24,6.47,2.7,0.49,8.48,Hover
39.13,13.92,37.95,2.02,28.84,25.34,2.54,1.03,8.92,-3.25,4.08,65.4,66.72,11.4,2.66,-3.14,-4.39,24.17,Forward
32.28,13.4,30.97,4.01,26.61,27.1,2.69,29.37,12.08,-19.69,9.58,28.47,35.54,7.69,6.41,-3.3,2.04,-6.78,Forward
2.6,26.9,39.39,6.2,3.71,21.0,3.38,-12.42,23.18,33.14,5.25,69.89,39.14,9.16,2.13,-2.8,0.33,41.29,Turn_Right
18.13,22.57,16.85,25.22,8.35,27.67,3.8,7.06,24.53,-87.59,13.75,87.95,57.05,13.03,8.18,-2.69,2.42,39.28,Forward
47.85,22.12,44.09,2.37,25.08,13.15,3.48,11.64,21.68,24.03,6.79,24.98,77.55,2.23,6.78,4.24,-2.5,40.72,Forward
25.12,4.74,30.82,9.31,24.82,6.21,4.23,-17.16,8.91,-16.98,7.46,41.85,54.85,14.77,8.73,-3.4,3.55,43.26,Forward
21.75,35.99,41.15,0.8,8.62,26.68,1.12,5.31,-3.01,-8.48,5.22,68.52,90.41,11.33,9.47,-0.87,3.71,36.51,Forward
22.99,10.84,27.4,21.02,22.05,10.03,2.85,-11.13,10.76,-36.67,1.1,50.6,19.6,18.97,9.37,-0.97,-0.63,1.6,Forward
10.6,10.01,11.08,18.8,20.33,18.42,1.81,21.25,9.99,-67.09,7.4,35.89,77.87,6.85,1.88,-3.72,-4.05,21.97,Forward
18.56,20.76,27.21,19.53,14.47,19.82,4.81,12.89,-16.92,-17.74,11.62,54.75,58.93,1.66,4.08,-3.91,0.07,-0.11,Forward
18.62,11.54,18.68,11.54,6.44,19.24,2.21,19.58,0.45,-34.52,14.3,35.61,83.5,22.36,5.09,4.1,1.47,-8.87,Hover
2.81,29.28,34.94,6.64,26.71,24.06,4.8,-18.02,-17.51,82.82,1.15,36.92,38.48,1.7,8.0,3.36,0.99,-2.12,Turn_Right
38.42,18.7,23.89,21.75,20.5,1.47,3.85,-27.93,23.95,79.84,11.96,73.67,53.39,23.18,0.64,4.33,3.98,36.3,Hover
20.94,22.56,41.84,24.43,5.49,39.59,3.6,21.03,-10.61,25.91,4.01,57.77,84.12,12.44,9.29,-1.83,4.18,30.9,Forward
41.14,26.95,33.97,4.59,21.29,28.74,2.46,-6.79,18.33,72.67,12.34,81.57,84.86,1.41,4.37,0.27,1.22,31.79,Forward
42.55,10.34,34.29,14.86,22.37,17.19,2.22,-19.22,-7.37,45.23,5.13,100.66,43.84,3.15,6.5,-2.44,1.42,12.32,Descend
10.76,7.96,11.01,7.84,26.66,7.9,2.64,-24.49,15.82,-27.74,1.72,113.21,84.0,13.32,9.82,-1.08,-3.7,-8.53,Descend
32.94,44.05,49.22,5.46,7.07,3.48,1.48,0.99,-16.75,18.7,9.18,19.01,71.42,0.39,8.89,2.94,-1.07,7.48,Forward
23.72,21.8,42.12,22.16,29.67,26.99,4.52,-20.99,15.82,-50.34,13.41,75.52,46.85,22.88,3.94,-0.24,-1.7,15.03,Hover
44.03,20.72,39.49,16.37,5.03,12.88,3.97,4.0,-19.23,33.7,2.72,70.31,97.27,19.91,5.1,-3.9,-1.54,9.69,Forward
10.94,1.97,16.64,6.88,18.22,9.41,4.01,13.64,-0.55,-81.93,0.33,104.17,12.78,12.61,7.81,-4.97,2.27,17.57,Descend
33.96,25.0,26.87,9.65,19.89,15.38,2.17,2.1,-23.18,59.64,13.26,107.61,44.44,23.16,7.56,-2.64,-0.12,23.68,Ascend
30.47,27.8,7.03,29.02,12.86,23.84,0.36,24.22,1.67,14.98,10.47,91.5,37.63,6.49,7.2,-3.17,0.03,-3.51,Forward
14.91,28.03,27.02,25.54,14.51,26.97,3.42,-20.67,19.24,-79.48,12.13,71.86,94.22,21.34,0.6,2.94,-2.52,39.93,Hover
7.0,35.41,7.47,26.46,26.78,25.91,1.88,-0.36,15.33,66.92,0.9,24.71,18.95,20.13,2.39,1.67,-3.33,20.8,Hover
32.65,9.04,27.74,14.07,19.54,34.57,4.35,-20.21,-26.96,67.99,13.36,33.92,66.52,14.55,2.61,3.38,-0.91,37.09,Forward
36.98,12.76,32.51,18.9,15.16,8.98,3.9,22.55,-0.47,63.51,6.29,72.73,74.5,7.97,2.88,-0.81,-4.42,16.09,Forward
15.92,40.57,19.63,11.61,4.29,25.58,0.74,25.93,21.13,49.37,13.46,17.58,26.58,13.96,1.41,0.84,-3.4,30.22,Forward
32.31,47.37,25.03,2.79,0.72,4.31,3.01,-6.0,9.01,32.03,0.97,22.89,23.5,23.93,8.16,-0.83,3.19,39.23,Ascend
19.88,6.97,43.81,12.33,4.19,22.05,3.46,-11.66,-26.45,-18.56,13.27,109.46,14.3,2.11,3.74,-2.79,-0.63,23.06,Descend
35.72,24.98,5.61,18.02,28.71,23.48,2.85,-13.24,-10.46,-65.46,10.1,114.8,24.3,5.03,7.87,1.31,4.76,12.48,Descend
10.12,10.87,39.63,8.97,23.04,8.88,2.58,21.58,3.4,-38.02,8.31,1.62,82.74,16.1,9.35,-1.11,-4.96,21.67,Forward
44.53,3.19,8.7,25.51,29.03,15.85,1.15,10.95,-19.64,-27.53,0.93,103.64,94.96,16.96,3.47,-2.51,4.21,-0.82,Turn_Right
14.51,16.41,2.03,4.96,1.55,33.14,1.19,22.84,10.91,-25.55,10.33,112.62,91.13,4.11,4.81,4.38,1.52,28.63,Ascend
18.52,7.36,9.44,11.33,20.57,6.19,3.84,-22.95,8.09,11.79,8.97,63.56,42.88,20.16,1.33,-3.92,1.23,-7.94,Hover
3.09,35.55,38.3,4.18,1.81,17.55,0.1,-1.44,-17.85,-52.49,10.89,54.42,75.33,23.21,3.3,2.77,3.4,14.89,Ascend
5.75,26.78,20.38,12.44,23.57,37.33,3.9,10.57,3.02,-55.86,10.75,110.34,84.43,1.99,5.69,0.5,1.27,20.03,Slow_Forward
25.89,7.36,43.65,1.67,11.74,20.31,2.64,23.83,18.7,39.05,6.66,1.9,83.12,24.36,2.21,2.63,-4.65,12.14,Hover
13.53,0.66,26.33,8.54,3.33,29.09,4.68,-7.08,-7.51,-88.65,3.07,101.02,15.64,7.03,5.6,-4.1,4.05,16.56,Descend
41.81,40.45,1.31,12.32,17.26,33.13,4.99,-11.21,-15.18,-63.09,13.78,36.29,29.33,7.72,3.47,-1.1,3.73,-0.34,Forward
0.93,8.97,35.89,14.61,8.76,8.39,3.32,24.78,12.07,-11.71,13.88,77.3,94.51,1.12,9.91,2.96,0.2,-5.7,Turn_Right
19.08,30.39,5.69,16.54,19.96,8.96,2.07,-27.15,-25.75,-63.17,3.18,39.46,76.59,12.44,4.07,3.15,-3.74,14.37,Forward
17.0,16.98,39.51,8.61,19.92,30.42,2.38,-1.22,19.96,82.77,9.46,63.23,85.09,23.87,0.87,2.89,3.21,41.36,Hover
1.16,29.36,8.57,15.93,21.3,30.21,1.03,-2.48,26.61,30.62,3.04,97.19,56.27,4.02,4.99,2.44,0.3,-0.11,Turn_Left
6.39,15.92,17.4,15.52,29.78,2.69,0.51,-21.24,27.89,-12.1,12.92,22.57,45.38,14.42,3.67,-1.23,-1.74,5.57,Slow_Forward
20.8,4.53,38.11,9.83,11.91,13.1,2.9,-6.3,-4.05,-69.79,1.47,80.01,68.61,6.86,4.02,2.16,4.93,38.35,Forward
24.74,11.3,47.72,24.99,14.23,16.12,4.03,13.36,7.39,-20.67,14.85,107.9,52.56,0.47,4.02,-3.91,-3.35,4.71,Descend
20.33,9.57,18.7,16.6,24.24,33.21,1.32,-7.99,21.44,27.11,9.16,108.23,43.64,24.68,8.87,-3.37,-3.35,11.21,Descend
26.64,21.52,41.5,10.3,17.56,17.05,2.1,-11.42,-16.59,84.39,0.34,107.4,41.31,17.9,5.23,0.4,1.0,-4.4,Descend
29.84,32.98,9.7,28.45,1.6,37.06,2.78,16.91,-28.34,-4.92,13.23,62.7,24.21,18.39,2.9,0.5,-2.33,-7.43,Ascend
0.69,13.34,40.4,25.43,25.37,39.87,4.54,29.32,-6.93,34.63,10.27,92.36,57.65,16.57,8.03,-0.28,-0.88,26.32,Turn_Right
23.31,0.8,32.94,29.49,2.02,31.29,0.7,16.76,23.06,-54.84,10.46,54.18,56.79,3.59,4.71,2.35,-2.59,-1.81,Forward
48.18,26.04,9.8,20.92,5.54,26.76,1.19,20.78,0.3,22.25,4.13,55.76,63.17,5.17,1.88,0.64,2.83,20.72,Forward
26.05,30.37,15.26,11.66,3.51,15.86,4.59,26.37,1.81,-46.97,5.05,34.78,20.46,9.64,9.99,-4.34,-2.25,13.66,Forward
33.94,48.15,6.76,8.79,2.8,2.96,0.21,18.11,11.49,-54.34,13.72,34.94,92.34,24.89,0.76,3.87,3.42,-4.81,Hover
15.73,29.56,19.27,20.07,1.26,23.05,3.28,28.82,4.47,1.66,9.52,5.5,76.79,16.81,7.24,1.28,2.36,13.59,Turn_Left
38.74,23.66,10.34,29.43,2.12,14.66,3.2,14.84,-26.73,-51.9,0.25,64.25,21.79,11.06,8.55,3.95,-2.02,3.65,Forward
38.69,28.76,32.27,18.99,13.55,14.23,1.92,9.69,3.65,39.84,4.91,37.74,17.14,12.12,3.86,-0.7,2.99,37.22,Forward
26.16,46.41,49.73,26.51,7.96,27.6,2.35,11.6,8.88,78.72,8.98,23.33,67.86,23.06,1.99,-4.98,-1.81,4.46,Hover
48.81,41.45,0.8,10.21,4.23,18.71,4.28,24.0,8.5,-19.15,2.22,15.48,40.74,4.91,4.65,2.63,-0.93,28.42,Forward
6.45,16.28,27.14,12.51,19.93,30.16,0.83,10.98,13.7,-31.96,1.47,42.29,38.71,8.02,5.08,0.66,-4.22,27.66,Slow_Forward
1.04,12.02,28.77,27.24,7.17,16.11,1.17,15.67,1.2,-58.34,0.89,107.98,85.6,9.27,10.0,-4.8,0.69,0.62,Turn_Right
38.55,13.28,45.73,22.83,1.06,6.29,2.57,-17.04,24.0,-19.73,9.46,62.45,41.06,22.44,0.68,0.73,3.16,20.56,Hover
40.4,25.32,25.4,29.45,12.84,18.62,2.05,24.76,-2.14,10.73,4.81,67.28,66.9,19.42,6.73,4.31,1.23,36.28,Forward
6.19,37.25,27.28,23.36,9.66,38.06,2.88,-3.17,1.09,-22.87,5.61,7.47,58.34,14.77,8.14,-2.91,0.52,-4.48,Slow_Forward
13.43,25.26,23.69,13.73,9.9,32.12,4.6,-20.34,16.82,22.15,0.9,62.86,33.67,7.87,6.37,-2.18,3.98,23.58,Forward
1.07,3.58,13.59,16.17,13.64,8.47,4.59,17.99,19.99,29.24,11.07,80.45,39.85,5.06,6.48,1.5,-0.59,-0.67,Ascend
14.81,36.23,2.99,27.07,20.23,15.83,1.16,-8.62,8.9,-72.39,11.5,18.94,94.89,8.27,8.82,3.21,4.96,3.24,Forward
38.7,40.34,20.55,16.77,18.69,37.13,1.52,-18.95,-22.42,35.6,12.44,118.04,39.82,23.24,5.87,1.42,-0.39,25.66,Descend
25.99,14.62,2.82,8.03,28.15,5.21,0.82,-14.62,-10.08,72.06,9.77,109.9,80.56,22.76,8.88,1.72,1.43,25.1,Descend
17.54,33.27,27.61,13.35,15.77,10.38,4.64,-27.9,-28.79,-85.27,11.6,119.18,87.51,10.55,2.5,-1.73,-4.54,26.55,Descend
18.71,21.44,15.5,15.73,14.44,10.71,2.0,-24.56,-12.27,9.24,8.66,43.88,16.39,8.14,5.4,-4.9,1.99,19.84,Forward
0.27,44.48,26.77,3.35,6.8,22.97,2.25,5.56,4.21,18.7,7.37,98.85,69.68,22.11,0.82,3.4,-1.81,33.11,Turn_Left
15.13,42.29,6.89,22.44,22.78,16.61,4.02,21.97,18.31,37.77,3.9,40.12,77.43,11.16,8.13,4.95,-3.72,25.66,Forward
32.39,26.37,46.64,3.73,4.65,3.47,2.57,-3.09,5.14,-20.56,0.8,90.15,49.06,0.97,7.88,3.66,-3.52,1.73,Forward
48.71,34.64,44.75,12.45,14.99,25.28,0.61,7.56,-27.61,57.37,4.38,113.79,61.24,8.64,5.62,-1.02,0.08,-4.42,Descend
42.38,44.19,9.66,24.24,12.93,4.23,2.19,18.58,-14.45,7.18,10.25,19.45,24.56,15.18,4.26,-1.48,0.9,-9.44,Forward
1.38,24.89,17.3,14.29,19.92,24.37,3.16,-8.59,4.68,-16.39,13.9,17.7,38.66,23.61,4.02,4.6,2.03,-9.61,Turn_Left
44.95,15.8,30.75,25.34,27.57,20.43,3.6,9.26,12.54,39.47,3.84,13.42,73.69,10.61,2.41,4.88,-0.54,-4.15,Forward
39.2,37.73,4.97,10.59,28.42,19.9,3.23,-8.97,21.99,76.93,10.05,96.0,64.23,6.0,4.56,1.12,3.65,13.88,Forward
39.06,11.16,17.86,28.75,5.45,2.98,0.6,8.56,28.06,56.16,7.17,80.33,22.27,9.61,3.39,0.14,-4.31,-9.68,Forward
23.01,19.55,12.71,6.68,8.22,25.68,1.53,-16.94,23.51,77.52,9.41,63.16,98.92,1.43,5.99,0.16,-3.79,11.05,Forward
20.02,43.31,45.79,1.63,24.44,17.42,3.67,28.67,-1.96,-42.13,0.02,93.1,94.4,22.47,7.97,-2.98,-2.72,32.75,Hover
15.29,36.28,42.66,26.24,15.79,16.62,4.4,-25.43,14.82,-68.67,1.84,102.14,30.17,0.84,7.09,2.28,-3.98,-2.93,Descend
3.47,20.31,29.08,22.69,13.86,23.98,0.25,0.31,-15.57,6.18,3.26,113.99,88.76,0.02,5.38,-3.29,2.56,33.34,Ascend
11.57,10.89,26.11,7.34,21.46,24.37,0.22,-12.82,-26.17,-82.0,13.4,24.95,34.05,15.35,9.51,-2.9,-1.37,0.45,Forward
12.48,17.93,46.55,29.55,18.26,0.9,3.22,6.05,-26.7,31.43,0.61,53.56,60.74,3.85,2.37,1.74,1.04,2.55,Forward
24.31,14.35,46.63,15.32,29.14,5.27,2.74,-4.3,-15.52,-46.8,8.54,110.84,80.38,7.4,6.58,3.69,2.65,3.42,Descend
37.42,8.97,48.47,28.56,17.73,9.69,0.79,-11.6,-27.75,-8.22,13.93,55.9,40.97,12.27,1.34,1.66,0.47,7.81,Forward
23.8,37.22,6.44,15.4,14.25,27.22,2.75,-15.0,21.02,28.0,9.78,59.03,59.96,19.8,6.89,-0.25,0.33,17.56,Forward
3.08,12.75,8.2,14.42,16.51,23.2,4.87,-19.05,-0.6,-3.04,7.27,113.15,50.53,9.69,7.39,1.95,-0.5,27.43,Ascend
47.9,22.82,33.9,13.75,24.35,30.38,3.16,16.97,18.65,-47.51,5.79,88.43,78.42,23.93,7.93,-0.45,1.96,32.68,Hover
47.15,19.42,27.16,10.38,18.57,29.7,2.25,-16.67,26.39,68.47,9.36,66.69,53.08,11.33,6.81,1.54,0.3,-8.81,Forward
39.3,49.11,1.12,16.24,19.59,34.17,4.14,16.41,29.63,47.62,7.21,43.52,61.02,23.0,1.66,2.8,-0.96,-2.0,Hover
49.57,19.68,3.29,13.85,29.16,15.26,1.07,-0.9,26.23,18.19,10.58,109.93,86.1,11.31,0.92,-4.85,1.18,31.16,Descend
27.32,4.18,44.43,1.58,18.74,14.0,2.08,-25.67,12.99,35.74,9.27,2.06,72.88,12.9,7.29,-2.81,4.62,32.48,Forward
48.15,4.67,43.47,8.18,11.72,33.29,2.64,-20.07,-3.48,-15.24,8.51,39.2,57.48,23.95,8.08,2.03,3.08,41.94,Hover
3.97,29.62,17.99,6.79,20.89,9.73,2.53,23.57,5.88,-22.34,14.35,113.58,51.52,16.87,0.81,-0.99,-0.53,6.01,Ascend
18.41,30.05,44.57,26.09,19.95,18.61,4.61,6.17,18.99,-61.18,12.54,60.29,21.41,3.73,1.92,0.22,1.08,2.4,Forward
11.42,21.05,29.77,18.17,0.91,8.01,1.47,-18.94,23.85,54.65,9.13,75.24,15.07,14.96,8.01,1.85,-1.09,21.56,Ascend
9.95,21.71,40.33,23.03,14.29,36.58,0.29,12.23,27.39,-21.41,8.08,64.38,95.75,5.63,9.69,0.27,0.2,-5.67,Slow_Forward
7.21,2.89,21.49,28.73,22.42,16.49,4.58,19.4,13.84,34.62,10.86,48.29,26.79,7.74,5.45,3.37,2.34,29.89,Slow_Forward
31.2,25.92,5.85,19.5,15.22,8.74,1.09,-10.16,2.4,-36.01,12.06,80.17,34.92,20.95,1.96,-1.21,3.38,16.3,Hover
39.11,25.34,21.8,29.49,23.5,27.77,1.9,3.4,28.1,53.28,4.43,92.21,64.99,17.05,3.55,1.92,-4.39,29.05,Forward
29.0,7.65,22.97,9.7,13.8,10.01,2.66,-12.39,27.52,-71.06,10.0,44.37,84.51,7.17,7.92,-0.75,-3.35,-1.28,Forward
7.52,5.37,27.64,5.99,29.51,37.76,4.88,-25.2,-1.35,22.5,2.03,71.27,84.98,0.12,5.66,0.29,0.8,15.57,Slow_Forward
40.59,6.35,5.46,12.4,9.14,14.89,2.68,-6.03,8.92,55.37,6.46,10.85,84.67,13.28,1.05,-3.86,2.04,8.99,Forward
31.87,5.23,49.57,14.39,3.22,26.69,2.24,15.09,18.56,28.85,14.08,66.16,98.03,6.25,3.43,3.31,1.61,15.93,Forward
19.53,30.56,12.36,26.91,13.19,14.01,2.92,-2.48,-4.02,35.3,4.89,89.98,15.01,0.71,7.65,-1.8,-2.5,20.69,Forward
33.77,9.98,10.09,17.02,16.48,32.35,4.85,-5.68,19.76,4.68,2.31,70.64,45.99,1.58,3.59,-1.99,1.54,27.65,Forward
13.14,12.72,26.43,9.12,10.8,35.91,4.09,-8.04,-23.31,10.63,2.19,105.54,92.22,16.83,4.61,-4.11,-0.38,37.67,Descend
17.39,8.84,26.95,22.41,7.65,31.58,0.85,-2.46,-1.13,-78.14,5.91,35.06,52.06,10.36,9.1,0.06,-2.55,2.81,Forward
45.89,47.9,22.1,15.42,20.33,33.99,4.02,-10.91,-1.04,-44.86,3.38,59.52,88.42,6.56,9.85,-0.82,3.85,13.48,Forward
14.67,42.76,38.64,5.28,11.63,4.34,4.21,6.73,11.08,39.95,6.4,11.41,11.59,21.99,7.69,-4.01,0.3,-3.78,Turn_Left
23.61,11.68,25.93,17.52,19.13,36.99,3.46,-26.19,-23.02,80.18,10.78,84.3,55.39,20.63,2.78,2.52,3.62,8.38,Hover
44.53,16.51,30.56,27.39,23.48,25.08,3.29,18.44,-23.81,7.52,13.32,53.7,93.02,11.65,2.81,-4.34,-0.82,10.9,Forward
35.44,10.65,36.24,25.36,22.95,34.81,2.21,-19.61,24.04,40.61,1.65,64.11,33.52,6.89,3.39,-3.55,1.33,14.27,Forward
3.3,24.7,1.45,17.81,11.57,27.47,3.21,8.01,-11.78,33.04,11.53,16.28,93.67,12.68,2.03,-0.39,3.17,40.98,Ascend
7.54,1.18,28.62,11.62,17.25,8.31,3.69,-3.01,-10.38,89.89,1.55,119.68,10.76,18.82,2.2,-1.42,-1.71,40.05,Hover
0.59,33.63,44.23,3.07,13.76,24.5,0.62,16.41,16.61,53.1,5.69,92.86,17.1,0.27,2.93,-2.24,3.58,-6.2,Turn_Right
31.62,26.25,1.07,14.35,26.19,3.91,1.29,19.57,-5.11,22.98,14.95,48.67,52.91,15.31,6.77,0.64,-1.48,12.76,Forward
22.49,44.95,20.38,22.69,26.42,27.92,0.98,-17.75,19.98,-69.27,1.03,68.83,19.57,17.75,6.32,0.24,-2.98,7.6,Forward
6.89,8.39,46.33,11.13,10.64,16.54,4.21,10.63,-5.91,-24.72,0.34,74.63,30.3,20.42,3.74,-0.68,2.4,9.86,Hover
47.91,40.24,17.79,7.45,3.21,6.32,3.4,-18.61,15.64,-44.87,5.0,115.33,36.78,5.42,2.37,2.76,-1.65,31.28,Descend
26.58,39.64,23.04,27.98,5.44,39.18,2.26,-22.56,1.52,63.66,14.27,92.44,53.33,5.09,6.43,-0.02,4.53,0.85,Forward
12.25,6.53,49.08,24.74,11.33,36.07,4.13,25.82,26.15,-9.69,0.3,42.61,45.15,5.39,1.74,4.79,3.04,31.57,Forward
25.13,20.05,10.13,19.33,17.15,35.77,3.59,-20.14,-10.36,6.35,3.34,117.35,92.99,23.29,1.89,3.02,-2.69,40.44,Descend
34.05,8.67,3.45,4.54,19.88,31.62,4.57,-16.31,-8.24,83.67,9.05,36.91,89.74,3.52,4.14,-3.94,4.87,28.16,Forward
4.0,12.89,43.0,4.77,10.28,27.77,0.39,-22.18,28.2,60.6,3.51,69.66,77.33,19.12,5.89,-2.26,-1.36,12.63,Forward
13.88,13.31,43.45,3.54,20.19,26.31,2.55,-1.78,14.25,52.17,0.81,84.38,69.34,24.67,7.42,0.36,0.58,-6.56,Hover
40.39,27.9,23.71,18.68,28.16,4.51,3.54,25.18,16.35,-64.4,0.79,33.26,28.39,23.66,7.03,-0.31,-4.26,-4.28,Hover
23.09,20.69,25.81,3.91,19.73,36.05,1.05,-14.16,-12.24,-85.9,8.39,114.81,64.16,10.25,4.1,-4.53,-4.58,29.32,Descend
27.42,47.4,41.82,25.36,5.18,35.28,1.64,2.51,1.92,-67.4,8.43,26.72,23.24,20.98,6.72,0.28,-2.04,-3.76,Hover
21.75,6.49,36.98,29.79,17.6,29.99,2.1,-5.31,-11.19,43.25,10.6,53.57,50.74,16.75,2.51,1.05,-4.88,12.78,Forward
2.39,48.69,13.4,11.31,16.49,37.11,3.97,-9.84,-14.41,-16.07,1.98,22.4,51.54,21.71,5.19,-0.37,-2.22,37.93,Turn_Left
8.45,11.69,1.04,13.88,26.19,22.26,2.47,4.33,2.11,-68.86,7.5,105.12,72.07,4.03,6.35,3.66,0.22,19.49,Slow_Forward
22.39,38.69,24.09,21.49,10.83,18.07,2.47,3.53,29.27,43.02,9.01,27.37,85.16,19.12,7.57,0.57,1.91,8.52,Turn_Right
10.62,17.08,42.97,28.15,12.98,38.73,2.16,-8.44,-17.12,-54.97,3.34,5.13,38.85,14.66,1.26,2.86,-2.49,2.7,Forward
2.69,7.33,44.81,26.88,18.16,18.73,1.15,21.03,-15.45,16.03,8.21,5.63,13.71,13.5,1.46,0.87,-0.93,19.7,Turn_Right
42.21,42.92,47.82,2.2,15.97,25.76,4.62,-26.81,-15.41,43.48,10.62,50.24,14.23,18.22,1.2,4.09,-1.17,8.71,Hover
49.06,15.58,44.0,5.49,21.71,15.11,1.6,-24.89,17.5,19.45,14.86,63.21,88.73,6.83,5.69,-2.86,-1.72,42.74,Forward
39.7,33.01,29.09,22.76,1.69,25.56,2.84,29.45,0.63,88.85,8.95,5.95,53.77,1.86,5.92,3.32,-1.11,-9.26,Ascend
42.72,28.41,22.34,20.82,17.12,28.89,0.75,14.86,-6.91,-11.85,12.92,12.05,32.32,12.55,0.6,-0.52,-0.12,41.99,Forward
12.25,23.69,38.79,4.43,4.09,25.1,2.18,18.24,20.63,-33.88,12.51,12.6,12.91,7.55,6.74,1.98,-3.01,1.62,Forward
48.04,24.89,37.04,15.31,9.8,20.73,4.52,6.16,-12.15,-53.78,14.1,80.55,57.59,6.41,7.75,0.66,-0.35,21.58,Turn_Left
10.01,36.67,27.0,23.53,20.02,12.21,4.98,-4.81,-6.47,0.68,10.85,36.68,22.34,24.96,1.61,-3.91,-2.4,4.5,Hover
47.58,4.57,4.55,6.95,5.14,25.86,1.82,7.75,-25.58,63.45,3.2,67.95,47.53,4.95,3.7,-0.63,-4.36,34.96,Forward
49.74,33.48,46.32,26.2,9.61,36.36,0.78,-24.44,-22.87,80.44,4.47,9.77,56.45,5.89,8.57,1.74,-2.86,28.45,Forward
35.64,44.81,22.89,2.06,21.24,0.57,1.58,15.47,-21.8,84.97,11.77,107.16,30.63,8.35,7.03,3.98,4.34,2.89,Descend
49.06,3.08,18.29,23.57,19.7,5.62,1.64,2.44,-9.18,5.65,7.81,37.23,27.9,12.43,3.39,-2.82,0.05,21.07,Forward
28.56,7.2,31.55,18.67,3.19,5.05,3.23,27.4,1.45,18.95,3.77,93.61,11.78,21.73,7.55,-1.45,4.83,39.97,Hover
13.13,35.89,33.76,9.8,17.53,36.95,2.49,8.25,-29.96,14.68,9.85,99.38,62.7,4.41,8.93,-1.39,-2.75,2.32,Forward
21.96,21.98,10.69,21.77,4.84,26.61,3.84,-20.9,-18.6,-6.12,13.6,118.56,28.04,15.4,3.44,0.24,-2.08,34.76,Descend
29.76,20.3,41.88,23.58,7.94,38.09,3.51,-1.35,-19.46,-62.6,5.37,89.18,89.04,9.21,7.0,3.63,1.4,33.61,Forward
3.84,7.02,14.64,28.05,14.05,23.44,1.26,-26.53,-14.8,-78.22,8.94,53.69,64.34,19.92,1.39,-1.04,-1.45,11.06,Ascend
31.19,25.44,9.5,11.35,3.73,18.63,3.92,14.73,-20.04,-11.41,8.72,19.16,60.08,15.05,1.06,-3.53,-1.39,-7.89,Forward
49.06,6.5,20.44,20.74,29.81,31.76,4.24,0.11,-18.29,-56.49,1.9,6.7,55.42,19.88,6.07,0.07,3.44,-0.82,Forward
9.67,23.94,36.58,18.28,5.38,6.69,3.0,-7.82,29.03,69.6,1.35,106.46,29.38,21.38,5.18,-4.62,-4.71,16.07,Hover
39.67,38.23,48.28,15.99,23.55,15.44,4.64,28.11,5.68,47.11,13.34,54.15,97.25,22.8,8.2,-1.56,1.66,15.88,Hover
45.41,13.06,40.5,26.77,24.98,18.81,3.92,26.44,15.76,21.31,14.0,90.25,97.03,24.89,7.91,0.14,3.8,-4.18,Hover
47.2,24.14,47.03,0.59,29.84,12.15,2.98,27.17,19.16,-81.47,13.56,60.06,38.91,15.47,3.22,0.18,-3.26,5.77,Forward
48.01,49.6,7.2,8.82,13.15,15.04,4.53,-16.74,10.06,22.0,5.95,105.68,79.86,15.94,5.37,3.2,-0.97,10.78,Descend
26.17,34.4,3.74,16.38,26.29,3.4,3.01,13.71,12.24,21.79,4.31,90.21,20.73,3.51,7.68,3.01,3.09,34.92,Forward
48.87,42.1,27.97,5.76,28.75,8.16,2.61,26.72,7.94,-10.94,14.13,11.17,80.25,2.63,3.07,-2.17,0.35,39.41,Forward
37.91,20.86,14.66,27.28,5.6,13.62,1.79,4.25,8.96,28.4,13.24,90.51,35.77,12.19,3.94,-1.99,-1.42,23.19,Forward
8.25,38.44,41.44,19.6,14.64,31.9,4.42,-17.15,25.71,64.42,12.3,32.75,36.02,17.34,1.07,4.82,1.26,5.05,Turn_Left
23.95,2.22,33.66,14.6,2.27,7.55,0.62,19.07,-18.86,46.44,5.01,92.99,55.65,6.2,1.74,-1.09,-1.75,27.71,Forward
35.97,6.32,48.54,24.53,18.81,14.06,2.37,22.8,-13.52,-4.78,9.58,113.87,45.31,8.18,6.3,-3.57,1.26,41.96,Descend
12.52,10.31,12.89,13.8,17.65,2.88,2.69,12.19,-24.4,-42.79,11.26,111.69,20.6,17.5,5.22,1.57,-3.55,-3.95,Descend
32.1,20.22,24.39,16.98,6.52,22.42,2.78,-12.39,20.24,-3.99,8.64,15.88,63.38,5.29,2.1,-2.56,-2.75,5.45,Forward
33.4,42.32,25.16,0.58,24.04,24.57,3.26,-18.56,-3.07,80.27,9.03,7.51,29.25,13.03,0.57,1.03,-4.85,20.07,Forward
8.3,17.44,12.11,11.29,1.6,34.66,2.53,7.46,24.43,57.6,11.35,93.46,50.0,13.47,2.11,3.21,-3.16,8.76,Ascend
28.34,32.8,29.59,4.59,24.28,32.82,1.29,-1.03,-5.3,-85.13,11.5,85.49,30.79,22.92,7.62,-3.26,-3.69,37.54,Hover
38.63,35.52,22.28,20.85,1.29,11.63,4.29,10.13,-3.44,50.93,3.6,21.96,87.18,10.06,1.39,-0.48,0.98,4.38,Ascend
25.05,29.39,22.45,14.63,19.88,5.74,3.29,-23.3,-3.1,-59.3,5.86,82.46,40.42,5.26,4.32,-1.17,4.44,38.56,Forward
0.8,17.99,18.26,9.4,2.82,6.5,4.29,-21.85,6.75,12.8,11.72,2.84,89.87,4.35,2.77,4.99,-2.85,35.79,Turn_Right
0.65,28.94,1.04,14.3,7.91,38.77,1.39,-8.23,15.97,55.17,3.92,76.11,39.35,7.33,5.72,2.12,-3.71,-0.76,Turn_Left
17.98,17.24,26.2,6.68,21.8,27.03,3.19,-14.47,-8.92,11.03,13.73,100.04,26.15,6.97,5.36,-4.18,0.35,-4.83,Descend
46.32,4.38,16.9,27.79,8.77,1.99,3.57,7.16,7.81,-17.31,12.58,77.38,61.9,18.75,9.84,-2.71,-3.19,27.23,Forward
11.59,49.64,0.27,2.09,15.58,5.73,1.92,-7.95,-17.76,-32.17,13.43,8.78,59.96,14.84,7.84,-3.43,0.42,11.96,Forward
31.79,6.53,15.54,26.03,27.5,19.59,4.06,11.04,3.24,-35.08,4.46,118.93,65.7,17.06,9.41,-4.85,0.04,2.78,Descend
11.26,3.8,14.08,15.59,1.96,8.55,0.02,16.13,2.8,60.74,1.58,43.37,37.19,15.76,5.99,-1.84,-4.81,40.32,Ascend
16.22,43.95,19.79,18.76,24.43,32.21,2.98,-18.77,23.32,58.51,1.51,46.28,38.8,12.03,7.51,-1.76,4.64,-5.12,Forward
42.43,15.23,6.77,9.43,2.43,23.06,3.07,25.19,23.75,58.21,8.34,11.09,31.37,23.21,9.0,-2.65,-2.99,35.71,Hover
36.5,32.58,25.48,29.02,4.24,24.62,2.67,17.23,-0.77,-39.11,4.58,20.89,93.56,20.44,0.89,0.53,3.95,20.87,Hover
4.95,16.58,34.68,8.81,4.02,18.67,3.15,7.61,-28.52,53.81,3.95,33.27,71.47,5.27,9.2,-2.82,-1.17,-3.29,Ascend
21.55,19.69,31.58,17.87,29.83,10.47,0.84,24.54,20.68,-83.41,3.34,96.11,78.06,10.59,2.51,4.41,-3.42,10.63,Forward
1.65,13.25,40.23,29.81,5.82,23.7,3.43,-14.05,-29.96,-52.84,8.43,83.32,27.47,7.2,7.2,2.32,-3.93,19.39,Turn_Right
24.15,17.28,22.71,26.49,26.95,28.76,1.69,-4.7,-1.3,2.61,8.22,70.45,69.54,18.64,7.85,-3.79,0.11,-0.52,Turn_Right
33.19,20.65,26.05,16.32,29.73,15.03,2.27,-24.85,-28.81,-16.79,6.33,103.8,78.64,8.61,1.54,-2.31,-1.38,-2.98,Descend
6.1,36.08,40.56,29.72,11.82,20.35,1.67,-2.63,-8.84,-69.86,2.08,119.74,40.82,16.01,9.55,4.82,4.18,5.01,Slow_Forward
14.59,25.67,21.5,21.19,19.12,33.64,2.37,0.38,8.21,-82.49,13.93,46.79,24.19,7.31,9.3,-3.0,-2.99,20.86,Forward
20.01,47.19,35.14,6.66,23.48,6.2,3.11,6.96,-7.73,20.01,6.42,47.56,72.73,4.29,6.72,-3.83,2.24,32.46,Forward
45.99,2.29,21.84,12.47,12.08,21.95,4.19,-26.16,25.61,-33.57,1.85,88.59,65.0,0.23,1.98,-2.68,-3.14,42.89,Forward
49.66,25.25,21.0,10.37,5.27,14.13,2.42,-28.05,8.45,-87.13,0.56,77.68,61.81,24.87,5.88,2.14,3.72,-1.84,Descend
2.44,29.29,38.06,10.65,13.3,28.2,1.62,-4.81,8.79,-12.44,2.29,2.59,26.43,5.49,3.77,0.18,0.1,-9.53,Turn_Right
38.1,46.03,8.91,22.93,23.27,1.05,2.44,-18.65,-7.53,-34.78,4.46,79.0,33.62,20.81,9.34,-4.32,3.31,44.0,Hover
18.71,2.65,17.06,17.74,23.53,26.92,3.45,15.53,-27.69,13.79,9.45,86.63,66.24,20.55,4.36,-1.38,-0.62,-2.46,Hover
19.74,28.76,11.36,1.62,7.3,4.39,1.74,10.12,14.29,77.37,14.56,118.33,65.22,5.9,7.09,-4.13,-3.25,31.36,Descend
37.76,42.71,18.08,26.38,5.66,2.87,2.08,-10.45,12.97,-34.58,4.08,70.83,59.93,10.39,6.55,-2.09,0.39,32.55,Turn_Right
45.94,12.25,11.67,9.26,27.66,29.07,2.82,-27.25,1.81,89.48,11.85,82.45,79.13,20.9,3.07,-3.29,-2.27,-5.36,Hover
47.56,43.84,29.05,29.91,1.8,25.72,1.48,-19.05,-5.02,-74.51,13.67,94.86,83.32,17.25,5.59,-2.79,-3.15,34.62,Ascend
28.94,1.15,39.95,28.65,22.17,35.83,1.05,11.5,2.3,-74.11,5.87,12.42,34.89,9.25,4.39,2.78,4.04,3.73,Forward
17.98,36.68,39.37,28.25,1.87,20.93,0.71,29.41,14.81,38.33,3.8,88.42,24.18,23.73,4.06,2.83,0.51,33.63,Ascend
39.42,46.67,18.35,24.43,25.22,21.34,1.77,-10.41,12.77,44.75,7.37,66.08,28.11,8.56,8.71,2.32,3.0,7.52,Forward
12.7,32.93,49.44,7.01,27.21,28.37,0.25,18.12,9.49,-13.88,13.45,12.91,35.32,5.3,1.83,1.88,2.76,31.28,Forward
28.29,22.06,29.77,16.21,9.27,13.14,2.92,22.03,24.23,-38.51,0.16,80.72,95.3,3.67,4.4,-2.55,-4.99,36.2,Forward
18.06,2.44,20.09,7.12,2.68,1.77,0.89,-27.11,6.59,52.92,7.3,28.91,22.34,17.53,0.56,-0.59,3.86,-9.76,Forward
32.9,46.02,41.81,8.16,14.68,9.43,1.89,24.97,-29.13,82.12,11.36,65.01,89.09,0.73,2.99,-0.4,2.73,18.78,Forward
12.17,23.62,36.55,18.52,9.3,9.75,1.35,-2.03,7.08,88.18,9.02,34.43,28.3,21.15,6.41,0.35,-2.31,8.81,Hover
9.74,1.64,37.51,1.7,12.81,13.63,3.16,27.85,6.75,24.2,7.46,13.44,41.36,7.61,1.33,3.56,-2.71,36.41,Slow_Forward
45.93,34.55,9.97,29.1,20.12,37.76,4.25,2.31,-25.82,43.22,8.3,30.85,21.33,9.25,3.08,3.89,-4.43,16.55,Forward
5.27,24.2,23.52,27.6,6.69,32.25,3.17,-15.89,-4.34,58.0,9.29,53.22,19.3,20.05,8.86,-2.84,-4.08,11.03,Hover
25.4,6.39,43.12,11.73,11.03,37.46,2.72,28.48,9.07,53.8,10.23,59.8,18.56,20.35,7.07,-0.68,-3.05,-1.87,Hover
11.2,10.87,25.3,15.7,23.59,39.94,3.35,-15.4,12.27,88.81,5.34,18.67,40.85,10.0,1.17,-3.52,-4.97,5.57,Forward
2.14,3.41,34.24,14.25,19.49,17.52,0.16,22.95,23.58,55.88,7.76,39.2,57.13,13.85,9.93,1.48,-1.84,44.67,Turn_Right
1.99,28.8,29.48,26.52,10.13,9.31,0.62,-19.61,20.48,29.26,4.1,103.27,28.07,16.98,9.48,0.72,4.22,37.12,Turn_Right
8.93,31.18,42.15,20.81,20.1,22.53,0.48,10.49,-23.01,-22.28,14.76,109.34,93.94,17.22,1.85,3.51,0.55,6.86,Forward
43.37,25.39,14.37,8.7,23.08,35.28,0.5,-5.32,6.53,17.64,2.81,64.69,62.78,13.35,9.26,0.19,0.81,23.99,Forward
14.27,40.89,28.86,13.68,17.98,18.79,1.31,28.32,5.79,68.46,2.26,59.35,89.66,21.1,5.72,2.81,-2.63,44.88,Hover
47.53,43.08,6.34,13.15,7.57,20.36,2.66,-18.91,-11.78,-35.01,4.03,70.19,23.39,21.04,9.33,-1.82,-2.75,27.9,Hover
29.16,30.86,34.57,28.8,0.51,5.64,0.58,-5.47,-18.95,-84.48,13.8,26.53,22.91,21.22,9.7,1.94,-1.33,8.64,Ascend
21.94,0.84,36.65,5.67,24.18,16.99,4.68,8.39,-18.03,-31.11,9.88,119.23,86.21,6.71,7.09,-4.6,-2.38,-7.77,Descend
29.09,34.82,2.33,3.14,24.77,15.66,4.27,28.66,-19.35,82.84,6.84,89.69,61.12,6.42,3.27,-3.48,3.58,33.96,Forward
25.93,21.02,33.85,26.48,21.08,14.26,4.86,-11.77,18.38,52.93,13.88,29.41,94.47,3.5,9.28,-0.53,-3.23,5.7,Forward
37.99,28.36,20.85,26.95,2.76,35.53,0.22,-6.19,-21.1,-56.31,13.5,33.39,23.22,20.66,5.95,3.87,1.75,-2.1,Hover
14.27,32.52,6.38,26.22,17.76,2.65,4.26,-2.29,-14.14,-87.84,6.02,78.16,12.34,1.52,3.74,3.85,-0.1,-3.66,Forward
17.78,17.64,21.11,15.57,24.72,38.89,4.02,-14.84,-16.93,30.44,8.45,39.42,92.49,3.38,4.87,0.99,1.77,-4.11,Forward
44.73,45.87,9.87,19.96,12.0,0.63,4.51,19.04,12.77,14.22,13.58,43.28,72.9,23.16,4.36,-3.7,3.35,-3.73,Hover
47.33,6.87,20.89,17.12,6.34,37.84,2.64,-24.48,-20.5,-75.06,4.79,93.93,82.65,3.13,9.39,1.81,-1.59,18.38,Forward
44.65,33.64,19.34,2.55,17.84,22.06,3.94,12.29,-28.56,83.88,6.11,32.76,36.64,3.03,8.29,-3.23,0.41,32.0,Forward
21.09,0.42,36.97,18.08,24.88,28.19,0.27,2.04,-7.55,21.2,11.9,84.92,10.28,22.73,0.8,-1.5,-0.01,39.1,Hover
39.06,46.25,38.76,0.9,1.94,7.73,0.39,-15.48,-11.69,27.27,10.48,112.25,53.46,7.75,0.59,-1.86,-1.27,27.73,Ascend
23.92,5.8,30.43,10.09,18.11,26.27,0.6,-0.43,-6.14,63.65,0.73,15.77,99.1,22.04,1.16,3.84,3.12,-4.74,Hover
24.98,4.93,1.33,28.0,19.47,35.31,4.57,19.8,15.23,-29.33,1.76,18.17,91.68,9.44,6.3,1.94,-4.9,42.09,Forward
10.39,16.78,46.56,9.47,18.27,5.84,0.32,-3.27,-29.26,10.49,12.69,113.2,16.48,9.34,8.24,-4.29,-1.9,-9.68,Descend
29.64,18.8,34.37,28.22,19.68,5.35,0.51,-22.69,-27.74,13.71,0.45,25.22,26.9,3.38,5.39,3.43,3.32,31.38,Forward
9.47,10.87,1.9,7.88,19.13,12.37,4.65,-27.55,-14.66,84.12,13.8,3.49,38.01,22.97,5.58,-0.7,3.72,44.03,Hover
16.71,29.34,40.98,9.78,4.35,6.72,0.55,16.67,23.35,-66.33,4.08,104.35,84.74,19.04,2.78,2.55,1.94,39.19,Descend
42.78,22.26,10.17,19.04,7.43,4.69,4.35,-10.17,-19.86,46.6,8.98,34.59,84.22,5.64,4.86,2.77,-1.59,29.39,Forward
10.51,1.9,29.05,22.97,18.76,27.23,3.95,25.87,29.82,13.53,8.47,36.5,26.65,18.19,2.94,4.99,3.22,18.87,Descend
3.74,16.12,23.44,15.29,1.02,8.79,0.21,7.03,18.34,62.17,5.94,28.0,57.98,2.59,3.1,-1.53,-4.16,44.97,Ascend
3.64,40.56,21.11,26.52,19.22,26.78,0.12,-3.82,-2.63,59.75,0.47,110.2,55.16,13.1,4.22,3.64,-2.35,24.39,Ascend
47.05,34.55,44.51,1.69,20.13,34.52,2.68,3.87,14.87,-87.83,2.89,93.16,47.29,6.36,0.95,-2.13,-4.08,35.68,Forward
25.44,36.3,21.98,27.7,7.56,26.19,4.99,-2.57,1.13,-43.84,9.22,72.02,58.23,21.26,9.57,4.96,-3.9,-0.01,Hover
20.59,34.97,3.95,6.29,18.14,5.04,4.4,24.35,3.96,-57.45,6.7,54.94,36.35,12.78,9.19,-0.9,0.93,25.2,Forward
40.58,15.69,47.34,26.59,16.26,23.07,1.56,-2.52,4.85,-6.89,6.21,18.08,57.84,23.03,8.06,1.6,-4.28,-9.27,Hover
41.82,5.16,46.04,12.33,8.19,15.93,1.94,-23.76,8.92,72.95,1.47,111.19,71.7,14.63,5.9,4.95,1.8,34.45,Descend
16.74,13.77,34.28,25.07,14.16,13.93,1.95,5.83,-26.35,-89.1,5.21,90.21,15.63,12.6,8.22,-3.0,-1.51,12.7,Forward
34.74,41.62,23.5,20.31,27.33,12.95,3.67,7.38,6.99,-2.13,7.9,34.19,97.06,17.35,9.75,1.24,-4.44,4.19,Forward
38.6,49.03,4.82,5.69,13.08,37.2,1.71,15.92,13.02,69.26,1.17,113.75,24.88,19.6,3.19,4.98,-2.14,4.24,Descend
32.8,24.79,39.58,27.58,19.08,29.78,0.75,26.0,-11.36,76.72,1.0,112.29,42.43,0.38,3.96,4.44,-1.01,43.89,Descend
7.75,0.68,3.96,7.74,1.54,5.61,3.74,-3.42,28.71,28.31,7.37,79.48,52.36,13.06,7.43,-2.79,-1.33,37.64,Ascend
43.82,7.17,3.62,7.7,2.8,19.2,2.3,-8.88,-21.33,59.36,8.42,118.22,13.69,19.39,6.61,-4.01,0.1,33.38,Descend
27.05,16.24,26.96,24.52,2.9,12.93,0.39,-0.55,24.63,-31.67,3.86,23.28,59.35,10.19,8.34,-0.74,0.03,17.79,Forward
14.27,29.01,8.17,3.62,23.46,39.12,3.95,24.01,10.59,-38.53,4.89,88.04,88.3,1.13,3.8,2.63,-1.4,11.95,Forward
21.38,3.94,0.58,7.05,10.83,39.13,2.93,28.8,9.86,-81.16,11.95,19.11,91.09,0.44,3.45,2.9,3.99,22.5,Forward
2.07,47.18,21.27,15.36,7.21,12.99,2.45,28.27,22.56,0.58,13.04,83.31,39.36,19.85,6.06,1.07,-2.8,19.99,Turn_Left
6.57,18.38,7.03,25.0,22.55,14.28,3.37,-16.22,19.9,-7.95,4.88,110.46,60.29,4.95,1.89,1.15,-1.6,38.78,Slow_Forward
38.32,45.65,8.19,4.85,5.51,24.1,2.53,-0.19,-9.27,-23.06,5.34,64.8,79.91,4.37,0.88,-3.79,0.54,43.52,Forward
0.2,39.07,4.03,16.66,7.77,19.33,3.25,-14.43,12.32,-69.6,12.45,91.8,32.76,7.24,2.82,-0.59,-2.55,41.21,Turn_Left
20.94,37.82,10.41,21.48,13.21,8.76,4.34,-7.92,-26.96,-48.46,14.61,18.03,57.56,2.55,2.0,0.76,-3.5,32.24,Forward
26.22,30.41,35.83,25.89,10.28,26.52,3.07,-28.1,-2.16,-53.34,4.81,76.35,43.0,1.33,0.56,1.84,-4.94,12.3,Forward
2.92,31.41,40.48,28.1,17.77,13.56,3.3,-20.36,26.27,79.91,11.83,8.52,44.04,21.81,7.89,-4.08,4.45,31.87,Turn_Right
48.66,31.97,22.74,23.65,10.47,26.25,3.07,-6.18,-13.55,83.96,7.2,5.39,18.47,7.57,5.66,1.91,2.84,32.89,Forward
11.46,31.51,25.43,19.76,12.09,15.53,2.66,-8.12,-27.0,-89.38,3.96,76.45,46.62,14.56,6.86,4.41,3.89,-0.65,Forward
15.35,27.78,1.83,13.29,25.96,28.1,0.87,-13.27,4.98,-59.3,10.23,69.16,24.48,21.45,2.05,2.86,-4.6,35.04,Hover
15.34,49.32,3.65,3.81,26.59,26.81,1.69,-16.18,-8.69,69.98,6.94,40.18,37.11,24.44,2.94,1.24,-4.27,40.17,Hover
11.67,36.67,13.03,21.44,24.92,20.5,3.47,14.94,-7.22,-83.1,4.02,62.04,39.73,17.21,1.07,-4.03,0.52,31.32,Forward
0.27,38.89,27.29,29.79,26.01,28.28,2.13,-12.33,4.95,79.82,1.61,82.44,48.75,23.75,9.98,2.94,-4.77,27.45,Turn_Left
36.52,43.65,37.03,22.23,17.31,18.6,2.04,12.39,7.3,-21.59,13.0,77.72,92.52,10.59,1.48,1.63,-2.29,1.97,Forward
48.35,10.94,30.33,0.99,19.56,4.91,3.8,-7.88,-3.76,6.96,13.18,9.76,66.79,19.74,1.36,0.49,4.73,25.08,Forward
11.37,4.37,19.73,15.14,16.94,7.53,0.04,18.12,0.45,47.49,1.12,81.7,97.7,23.44,6.33,3.02,-1.43,24.7,Hover
33.22,24.25,6.09,18.63,23.67,10.07,3.4,-19.97,29.6,-46.1,9.95,79.48,63.16,1.33,3.65,1.75,4.79,10.63,Forward
37.15,25.8,39.08,20.85,16.75,2.81,2.45,-20.54,27.43,-71.88,2.44,80.68,82.49,7.94,8.93,-0.3,-3.81,-3.79,Forward
42.45,41.49,18.32,21.73,3.78,28.54,1.89,10.78,12.44,55.79,9.69,101.84,85.07,18.51,8.4,-2.65,-1.15,13.87,Turn_Left
21.25,22.3,36.86,16.96,24.38,14.89,1.71,24.89,-20.31,87.23,13.61,69.63,76.51,7.88,8.75,0.04,-4.94,40.64,Forward
15.29,28.63,25.75,7.09,22.94,4.01,0.87,-21.42,-8.4,28.58,3.9,112.61,70.29,0.43,7.48,-3.46,0.92,32.97,Descend
16.4,26.45,36.99,28.29,24.7,32.85,1.68,-25.58,22.99,58.54,5.22,117.62,47.61,20.18,1.75,-4.4,-1.58,9.48,Descend
35.69,2.1,45.38,21.05,6.12,27.44,1.96,26.08,-4.59,79.44,11.93,90.47,61.05,4.12,1.1,-2.66,0.04,0.78,Forward
40.88,30.84,46.07,7.49,8.51,18.25,2.19,-22.96,27.32,-48.86,11.03,43.68,27.43,8.02,1.11,-1.33,2.95,15.33,Forward
9.24,41.44,26.85,10.01,9.22,10.12,3.36,-14.98,-0.7,-26.93,6.13,18.03,65.64,22.76,8.12,1.47,0.51,31.69,Hover
18.67,8.04,25.67,27.7,15.49,6.32,2.27,25.77,21.71,-50.58,12.73,98.6,56.29,5.22,6.74,-0.01,1.65,27.69,Forward
45.12,29.8,13.43,26.68,4.45,18.5,3.98,18.18,-27.88,-78.88,13.81,18.45,82.39,22.37,9.82,2.35,-0.28,38.57,Hover
40.37,29.76,46.8,12.45,11.87,35.44,3.2,-9.43,-3.95,41.81,6.79,18.39,91.23,10.56,6.61,2.37,2.48,7.13,Forward
49.25,8.38,23.0,1.63,5.87,7.78,0.96,27.27,12.02,-63.78,0.59,110.37,21.95,22.95,2.87,2.06,1.03,17.19,Descend
37.76,6.35,6.55,1.93,8.31,22.88,1.39,4.08,21.81,-73.31,7.64,67.62,72.18,21.92,1.35,0.47,3.66,4.15,Hover
19.78,49.01,21.75,8.88,21.34,38.48,0.41,-25.67,6.58,-25.63,11.1,35.91,95.5,10.38,3.97,1.63,2.56,32.53,Forward
29.61,19.81,6.53,19.06,25.72,25.59,4.73,12.18,-19.6,-79.1,3.3,115.6,92.61,23.05,2.4,4.77,-2.68,13.1,Descend
33.12,11.53,25.23,17.73,1.18,17.77,4.43,2.24,23.15,-57.68,1.49,85.17,85.1,15.82,6.47,2.06,0.24,13.56,Ascend
4.11,8.73,28.15,19.2,17.19,28.74,0.43,4.36,4.49,-77.41,4.28,64.65,14.35,11.89,1.41,2.42,3.75,34.81,Ascend
27.32,33.45,17.02,21.66,1.56,33.04,2.87,29.65,-23.52,67.91,0.17,40.21,32.72,13.27,7.84,-2.09,3.59,30.14,Ascend
35.52,30.55,3.77,1.06,3.01,23.74,4.8,-20.85,-2.17,50.35,10.73,81.52,23.35,1.58,7.12,-0.22,-0.23,15.95,Forward
8.53,32.25,47.19,3.6,21.3,34.91,3.74,9.41,11.94,64.71,2.19,87.98,93.42,20.19,7.5,-0.65,-1.86,10.71,Hover
39.08,4.58,38.71,11.1,22.2,20.73,2.46,-2.48,-2.94,66.3,10.85,85.74,77.4,7.31,9.67,-1.47,-2.89,27.86,Forward
29.27,44.7,41.98,5.07,24.51,33.25,1.21,-13.69,22.25,80.01,3.52,24.25,57.86,6.75,6.68,-0.4,-3.06,41.83,Turn_Right
47.62,19.59,18.47,2.72,14.49,38.1,1.4,11.61,-4.58,-56.4,14.88,83.97,98.15,17.88,7.99,0.98,-3.56,13.35,Forward
2.31,15.81,38.09,19.41,25.86,20.2,3.68,10.09,5.01,72.0,7.98,70.19,27.52,9.27,1.31,1.24,5.0,-7.86,Turn_Right
13.41,23.23,24.37,24.55,5.42,24.32,3.91,21.39,-17.33,4.51,0.62,102.16,67.74,12.85,9.46,3.4,1.63,38.33,Descend
30.16,19.63,10.21,22.7,7.87,24.5,2.65,22.73,0.76,-60.08,11.59,75.35,64.84,10.54,2.58,1.56,-1.85,-0.85,Forward
14.97,43.21,6.4,24.6,4.47,31.32,0.61,3.71,-16.63,28.04,6.15,18.41,40.64,12.62,5.18,3.69,-2.07,39.58,Forward
35.78,46.48,17.38,20.14,24.03,32.97,4.67,-10.47,-16.49,-31.14,9.11,38.91,53.68,5.55,9.59,1.57,-1.95,35.62,Hover
38.0,15.31,7.05,22.19,7.25,1.38,4.23,1.77,-13.21,-81.64,14.27,89.51,31.18,22.12,2.2,-1.5,3.72,26.28,Hover
5.31,43.22,49.91,8.52,5.09,29.41,0.71,-8.44,-27.35,-75.84,7.76,89.06,70.94,15.25,0.84,1.31,0.13,36.53,Slow_Forward
25.79,39.12,2.65,29.79,18.88,31.42,0.29,-13.36,-20.2,-13.73,12.07,27.5,47.64,5.84,3.32,2.29,-2.29,4.29,Forward
25.54,46.55,22.17,5.9,2.77,28.11,2.68,3.09,-4.54,58.77,4.54,43.2,12.12,2.29,1.99,1.86,2.98,37.07,Forward
18.59,12.44,22.71,6.83,1.82,28.63,1.43,9.48,-22.14,-34.02,10.72,2.82,95.57,13.39,6.85,3.5,2.5,20.89,Ascend
46.66,28.93,15.17,9.02,3.65,1.94,1.42,5.43,-22.0,47.9,1.49,40.47,55.13,11.7,3.14,4.06,-0.32,-0.26,Forward
41.41,13.87,28.65,29.27,0.51,17.85,0.45,27.27,28.08,-79.97,13.4,4.13,73.51,23.31,1.1,-1.65,1.89,4.0,Ascend
34.92,41.24,7.67,29.65,21.06,32.78,4.77,-12.08,-4.37,-19.13,3.0,104.87,27.72,5.77,8.98,-4.21,2.38,33.44,Descend
35.77,0.47,39.24,23.95,17.09,37.38,4.15,-7.66,-5.78,-67.06,4.53,80.33,21.45,22.04,0.97,1.56,-4.5,36.35,Hover
23.19,28.33,16.76,19.06,6.69,9.41,0.58,10.06,-13.94,65.44,14.37,116.33,91.22,19.16,3.08,-3.9,3.76,38.11,Descend
46.07,17.09,29.65,15.84,7.37,23.29,4.38,6.02,0.75,84.23,2.33,107.14,63.18,11.91,2.78,3.84,-2.13,0.14,Forward
34.79,16.27,35.84,29.13,24.42,32.23,3.42,-29.89,5.76,-31.39,3.82,72.81,54.4,21.84,0.72,3.22,4.81,39.61,Hover
36.5,32.32,44.47,21.02,15.3,30.17,1.63,-11.26,-4.91,88.0,8.7,60.85,56.9,21.55,2.07,2.14,4.08,17.16,Hover
43.11,42.6,41.82,28.37,21.11,24.87,4.36,-14.77,-6.37,45.42,14.71,106.16,31.26,17.86,8.24,4.26,-4.81,44.63,Descend
13.85,30.54,30.49,9.84,13.86,1.04,2.99,20.39,12.03,-89.78,10.37,36.51,92.14,2.54,0.86,3.87,1.21,16.21,Forward
40.39,42.69,19.54,10.35,7.51,29.04,4.24,21.97,26.99,-2.65,1.71,27.6,29.28,4.0,0.72,4.23,4.65,3.87,Forward
9.92,13.38,25.26,25.71,29.13,31.0,2.35,-12.97,22.67,60.14,11.22,49.79,24.22,14.79,6.52,2.35,0.65,-6.71,Slow_Forward
17.4,26.07,38.48,4.92,17.19,29.0,2.51,-23.88,-22.88,6.1,6.39,7.33,93.7,6.14,1.34,-1.32,1.16,26.57,Forward
16.91,22.64,43.9,28.4,4.36,30.7,1.46,-17.69,9.14,8.99,14.88,36.93,33.18,13.78,4.03,-4.52,4.31,-9.73,Forward
48.93,0.78,5.37,15.47,12.48,17.41,1.94,-19.41,-29.58,-9.41,9.43,10.96,87.62,14.02,0.52,-4.38,0.73,35.98,Forward
42.86,27.93,19.37,27.83,10.22,39.75,2.84,-15.75,7.99,-18.89,7.98,7.27,79.53,14.68,3.94,2.93,-2.56,7.09,Forward
35.12,33.14,38.85,10.44,6.82,30.9,4.74,-15.92,-2.14,-85.07,8.36,66.61,44.37,14.25,3.52,-3.09,-0.4,26.62,Forward
36.41,29.68,21.7,21.62,28.04,23.27,3.0,-1.21,-0.53,21.91,9.62,85.27,32.86,9.48,6.32,-1.87,-1.5,17.48,Forward
28.19,36.87,16.74,14.74,26.49,37.39,0.75,-10.82,5.28,48.01,10.98,64.86,78.31,5.26,5.24,0.86,-3.33,26.15,Forward
47.37,28.65,20.68,18.99,6.37,36.36,0.04,3.59,14.56,52.23,1.17,9.4,63.78,12.96,6.95,-3.69,-2.86,-7.08,Forward
24.91,3.52,30.22,15.38,10.89,32.64,4.26,-9.35,13.77,22.43,1.96,48.0,32.86,12.38,9.39,4.85,-4.39,0.82,Forward
19.15,6.0,49.99,29.03,22.99,22.68,1.83,18.88,-27.33,-28.57,4.51,14.2,90.18,6.88,8.05,3.17,-3.31,39.13,Forward
8.32,29.9,24.75,20.92,6.65,21.23,1.58,27.05,14.19,-85.93,7.17,78.36,74.89,1.28,9.37,0.85,-2.41,12.96,Turn_Right
39.35,13.89,10.58,7.91,17.95,13.35,4.01,-5.76,19.79,71.24,4.67,99.34,91.84,5.14,1.02,4.08,2.58,21.09,Forward
36.78,4.17,8.31,27.34,21.14,10.26,4.73,-27.03,-25.91,-12.77,3.21,14.89,49.37,13.77,9.91,-0.06,-1.34,15.14,Descend
19.34,21.59,2.31,9.17,19.79,20.64,3.74,-15.63,-10.62,18.21,13.88,8.96,21.54,13.39,3.56,3.97,1.91,40.09,Forward
1.45,27.81,28.03,11.46,21.34,23.24,0.88,-23.89,17.52,-54.98,0.49,49.31,93.17,3.34,3.13,3.26,4.96,0.97,Turn_Right
41.98,16.57,27.32,3.51,21.35,10.01,1.96,-9.31,-0.41,-64.45,14.08,37.11,64.13,15.15,4.33,-4.86,0.82,36.14,Forward
0.77,36.08,10.42,27.05,28.96,36.93,3.8,8.71,11.69,-74.37,13.61,32.02,64.55,10.57,7.94,2.97,1.14,-6.7,Turn_Left
35.24,32.26,34.83,8.94,10.72,22.42,4.54,1.13,0.14,53.78,10.26,26.16,62.58,16.34,9.57,2.84,0.52,37.15,Forward
48.52,16.77,37.11,8.14,26.42,21.2,4.99,-15.43,28.69,26.36,0.49,38.71,52.52,22.2,5.77,-1.83,-1.04,39.66,Hover
22.0,37.79,13.1,27.65,1.14,17.59,2.56,16.04,26.17,21.81,3.38,115.88,32.95,7.71,1.97,-0.07,-3.14,33.44,Ascend
11.9,32.51,17.34,24.26,9.0,2.61,4.11,-22.11,-13.13,75.49,14.69,103.06,65.17,8.68,2.53,-3.62,4.78,5.24,Descend
35.3,31.94,49.53,4.66,1.94,35.33,0.24,-16.31,-6.85,-61.43,13.59,72.56,74.67,16.92,4.35,1.67,-0.22,-3.72,Ascend
40.89,27.76,18.84,23.2,19.71,12.88,1.44,10.56,-4.12,-59.35,14.47,96.26,92.49,23.73,3.97,1.74,4.36,17.55,Hover
27.41,0.77,38.09,27.43,3.47,25.81,1.86,-18.17,-23.75,-55.9,14.94,2.75,16.49,12.15,2.76,4.81,-2.4,26.62,Forward
48.36,34.89,22.75,2.82,25.45,24.42,4.88,10.73,-5.76,-13.79,0.96,14.26,32.92,4.23,8.58,2.23,-3.91,35.06,Forward
2.77,18.93,39.71,24.84,19.57,23.5,0.03,28.62,16.49,67.36,8.56,35.8,79.9,23.38,3.16,-0.53,1.37,17.83,Turn_Right
25.34,47.14,38.5,16.65,1.35,21.17,1.55,19.88,20.81,68.67,12.51,77.62,79.76,11.74,6.13,-3.2,3.51,20.07,Ascend
35.98,40.94,33.45,20.24,21.59,7.5,4.65,-20.4,23.17,16.31,4.8,106.13,29.08,11.52,5.05,2.88,1.62,41.48,Descend
43.16,29.47,42.77,15.04,25.93,11.44,1.54,1.23,-29.13,28.47,6.53,28.51,26.62,13.5,9.27,-1.46,2.43,-7.37,Forward
9.13,12.76,46.97,21.09,20.0,21.11,1.13,-4.66,17.33,71.6,4.26,17.57,43.04,6.31,6.47,4.44,1.08,7.54,Descend
40.04,10.35,29.08,1.51,1.4,31.64,3.65,29.5,0.16,22.36,0.57,101.9,15.66,19.62,3.65,-2.23,2.46,14.1,Ascend
27.72,17.15,12.03,23.0,25.81,17.45,3.73,27.86,-17.63,-48.64,1.09,49.69,75.73,16.03,6.57,-3.03,-1.56,25.17,Forward
19.95,23.93,20.05,1.48,22.11,8.4,2.37,-22.37,-0.08,36.88,0.32,84.24,70.28,23.87,3.53,1.2,-1.11,-4.77,Hover
6.76,14.94,37.96,13.93,11.66,3.79,4.74,24.52,20.66,48.58,7.91,66.22,87.29,5.1,1.36,4.16,2.8,38.12,Slow_Forward
43.29,25.84,32.61,4.95,10.19,26.62,1.02,-18.39,-3.95,24.36,9.28,21.93,48.7,15.48,5.11,-3.59,3.01,7.4,Forward
8.03,8.44,9.05,24.8,14.65,17.11,4.57,-10.83,29.43,-40.76,4.62,84.37,67.31,12.92,8.67,-4.59,-4.17,0.18,Slow_Forward
15.63,48.89,2.75,9.75,26.08,5.28,3.78,-8.8,7.0,-18.01,12.39,51.07,95.86,22.37,9.14,4.67,-4.83,22.53,Hover
14.64,5.57,34.21,13.9,7.94,27.08,1.85,-12.79,-0.61,-5.29,13.32,35.24,96.29,0.76,5.67,-3.63,1.67,-2.27,Forward
43.6,46.61,12.7,13.15,3.48,8.54,4.04,21.19,-12.31,-63.85,2.1,108.42,16.4,19.02,7.15,1.08,-4.16,8.15,Descend
33.7,45.7,25.08,23.29,26.01,20.51,0.67,-10.2,-29.34,-8.6,0.78,1.71,10.17,15.58,6.3,-3.01,-3.29,37.4,Hover
39.87,26.36,37.39,14.69,1.28,12.46,0.66,19.0,6.63,-60.98,4.79,49.18,96.4,15.19,8.2,-3.32,-3.03,33.41,Ascend
12.67,36.3,28.22,23.77,27.37,37.29,4.65,29.66,4.65,-0.1,10.69,36.76,58.18,21.88,1.48,-3.44,0.09,5.46,Hover
31.32,21.92,4.35,2.67,9.52,9.36,0.48,20.45,1.01,-80.85,7.61,7.48,73.04,14.74,4.31,2.1,-2.99,13.08,Forward
28.67,31.58,9.44,6.15,15.49,16.97,0.03,-9.23,2.26,80.74,7.32,10.57,92.13,17.9,2.9,2.6,-3.19,17.92,Ascend
41.67,17.16,11.12,16.77,4.4,38.39,1.95,12.68,20.61,-45.66,2.29,21.5,48.98,16.14,0.56,-3.8,-4.89,21.19,Forward
45.32,15.2,13.04,28.44,27.12,12.95,0.53,2.04,-10.99,-5.94,5.27,61.09,49.66,1.74,8.38,-3.63,2.67,6.52,Forward
0.81,29.0,28.36,2.71,22.62,25.89,4.32,17.19,3.02,-84.1,14.38,34.63,25.03,2.82,1.77,4.34,-3.64,19.38,Turn_Left
33.77,25.01,25.3,1.77,27.76,12.87,4.61,-20.81,10.8,-55.31,5.11,100.71,91.52,8.46,3.57,0.89,0.69,32.53,Descend
2.78,29.06,10.32,5.12,20.66,4.69,2.42,8.29,-17.41,34.78,8.87,29.56,68.29,16.89,8.74,2.81,-2.0,27.73,Turn_Left
27.53,14.48,3.56,19.41,5.95,25.21,2.13,16.42,25.49,-69.88,0.88,86.71,26.22,0.66,7.35,-4.19,-3.17,42.3,Forward
14.52,18.47,8.74,12.27,9.59,36.67,2.7,15.67,14.23,23.07,0.96,26.03,60.38,19.31,5.89,-4.48,-1.53,3.13,Forward
15.48,4.38,49.22,24.85,14.86,18.27,1.14,27.82,-26.8,-89.63,6.36,6.06,39.53,5.08,3.45,-1.04,-2.43,27.3,Forward
17.78,2.8,23.53,2.62,18.41,25.16,1.5,-26.5,21.91,-6.3,9.06,32.49,23.25,13.99,5.4,0.55,-0.67,42.23,Forward
31.14,12.82,43.39,6.29,27.83,24.47,0.51,-9.25,25.79,39.84,5.59,100.67,26.37,5.03,1.03,-1.28,1.9,-4.71,Descend
16.84,3.9,42.47,9.35,11.83,16.78,2.24,-1.41,17.62,76.73,2.69,10.79,60.33,4.4,7.41,2.13,-4.49,20.91,Forward
36.69,5.37,25.67,18.99,21.24,24.71,3.06,-11.41,-4.43,-1.29,11.04,41.99,60.79,8.35,2.75,1.69,-3.17,44.14,Forward
20.35,40.68,35.39,20.71,28.85,10.59,4.65,-11.41,29.66,61.3,2.1,1.95,81.09,23.04,5.05,-0.53,-4.2,-6.62,Hover
3.6,2.14,9.8,4.16,5.0,15.31,3.7,-19.43,-22.53,54.47,10.02,76.0,32.32,5.95,1.4,-4.21,4.68,9.96,Turn_Right
39.23,33.02,34.48,28.34,25.95,17.86,3.62,18.78,2.2,-36.76,14.35,113.19,92.43,1.21,7.25,0.96,0.74,-5.33,Descend
14.43,13.77,13.76,10.56,12.91,34.6,1.55,24.48,-19.78,67.45,7.06,46.74,56.68,22.06,9.01,-2.58,3.2,22.22,Hover
21.75,43.6,41.64,21.54,22.11,14.13,4.44,-25.06,-3.64,25.25,3.01,69.65,28.38,10.97,4.83,-1.14,-2.33,36.9,Forward
34.34,24.35,4.37,15.96,9.16,25.51,4.74,-20.71,25.65,-71.25,12.63,54.82,47.2,15.53,1.29,-4.86,3.95,3.31,Forward
16.76,15.42,38.7,7.07,10.35,8.77,4.66,-16.29,17.66,79.04,7.58,116.83,93.1,22.14,9.48,0.21,1.29,1.23,Descend
3.02,25.98,5.18,25.46,1.3,10.33,0.2,0.54,16.92,-58.2,13.85,88.58,53.03,18.89,4.75,1.99,-0.94,19.15,Ascend
18.82,19.22,44.08,24.64,29.16,26.04,3.03,17.47,-8.77,-5.34,10.81,6.26,88.72,19.91,1.26,0.77,1.01,9.55,Forward
47.23,28.3,15.35,12.18,24.5,30.56,3.22,-25.71,26.06,-6.05,6.46,13.94,24.38,12.0,2.29,2.52,-3.73,35.44,Forward
32.16,5.9,32.79,17.86,3.27,18.65,1.48,8.21,-7.9,22.54,9.26,56.99,92.26,17.18,1.64,4.99,-1.87,-2.63,Forward
33.64,49.85,24.48,8.11,29.99,13.6,4.96,-21.04,-27.6,29.69,2.55,76.18,48.76,24.09,2.38,1.33,0.39,40.3,Hover
31.69,21.39,18.44,20.85,18.35,36.44,1.46,28.29,8.27,-48.08,5.81,35.56,94.25,22.24,1.98,-2.79,1.4,34.59,Hover
10.11,17.54,32.34,9.62,25.68,5.69,1.09,23.93,-8.24,-26.56,8.91,81.28,87.95,15.31,9.27,0.72,-2.83,-9.17,Forward
21.03,35.57,47.39,25.4,2.47,28.91,2.43,26.97,-20.78,-63.97,8.85,69.61,69.4,2.13,2.49,-2.55,4.92,5.31,Forward
37.6,18.32,2.26,6.91,11.99,27.7,1.62,-23.63,26.08,-67.32,8.81,52.78,70.56,24.49,4.7,-1.7,3.33,40.25,Hover
5.25,41.7,45.96,0.94,20.25,27.7,4.62,-0.72,8.23,58.51,11.15,70.29,29.04,5.64,7.43,-1.48,0.8,37.04,Slow_Forward
14.04,22.82,30.53,8.42,3.64,37.44,2.21,-20.09,26.43,45.13,1.58,110.06,64.25,9.02,6.93,0.2,4.73,17.12,Descend
13.96,36.03,40.4,6.14,14.92,29.21,2.06,6.02,4.98,-10.32,1.1,29.94,59.45,3.51,9.59,0.24,0.13,20.1,Forward
21.71,5.55,19.32,15.49,13.56,12.27,3.13,-16.04,-26.17,-72.74,2.22,95.15,40.07,4.17,9.68,1.67,4.47,-5.56,Forward
49.02,42.34,23.7,6.51,6.87,14.33,0.41,16.24,-28.2,-9.01,11.89,2.42,55.51,19.89,5.92,-0.62,2.52,33.99,Forward
3.56,36.84,43.47,23.01,9.36,15.83,3.79,8.64,24.03,-37.0,0.97,11.09,93.62,3.21,7.65,-3.12,-2.83,-5.8,Ascend
26.03,10.74,20.86,7.62,29.03,1.52,3.84,4.3,-27.68,50.03,3.38,114.01,10.48,4.73,4.17,-0.09,-0.94,25.41,Turn_Left
9.13,7.44,26.83,21.36,9.02,36.57,2.38,19.51,6.91,-72.6,3.82,84.03,47.54,4.29,4.58,2.96,-2.37,-3.74,Slow_Forward
48.54,15.95,1.21,17.56,6.8,3.22,4.78,0.02,-12.12,-8.75,9.71,76.36,40.03,9.25,1.49,2.03,2.22,13.85,Forward
5.84,48.81,8.1,29.59,16.32,28.08,2.9,-13.81,11.26,16.45,6.02,40.75,96.51,17.37,6.9,-3.85,2.67,9.8,Slow_Forward
20.3,12.99,32.16,30.0,20.29,29.29,3.48,7.24,-12.92,87.43,2.98,22.94,97.65,16.1,3.07,4.48,1.84,12.81,Turn_Left
36.95,22.92,35.91,26.15,21.89,33.8,4.62,27.42,-27.77,-73.87,6.74,46.21,62.71,18.12,1.26,-1.94,0.46,21.76,Forward
35.29,1.7,29.21,22.92,22.75,22.27,3.34,6.07,13.85,-69.49,10.28,72.21,59.5,18.17,1.43,0.86,-0.98,-2.28,Hover
21.25,19.98,7.34,11.9,1.59,29.09,2.16,7.78,-11.35,87.85,11.79,76.49,91.29,0.08,7.36,-4.68,4.84,2.27,Ascend
17.46,28.65,22.38,22.72,12.12,12.32,0.13,26.09,3.05,-16.99,1.86,21.18,10.59,17.11,2.67,4.09,-4.72,-4.2,Hover
20.0,47.67,17.88,28.72,23.33,29.9,3.64,0.92,16.43,43.87,10.72,54.01,60.61,17.11,7.81,1.84,-3.76,25.91,Forward
13.36,25.93,24.88,1.19,27.19,13.93,4.82,29.78,12.17,51.03,0.07,68.44,12.22,1.55,9.11,-2.24,0.99,-7.09,Forward
10.43,40.99,43.54,16.37,18.26,36.14,2.36,-20.42,-9.09,-33.38,10.86,115.24,97.13,10.68,3.74,1.83,2.56,26.21,Ascend
24.26,27.45,38.84,6.93,2.04,6.79,1.71,2.22,14.87,-51.43,9.92,66.38,38.81,1.97,8.04,-2.07,4.58,43.51,Ascend
13.57,2.23,4.38,16.96,12.2,12.84,2.6,-17.23,25.54,-40.3,7.03,70.09,56.87,4.77,4.57,-2.4,-0.1,38.91,Forward
14.52,15.89,44.54,14.26,2.69,20.1,3.64,-2.8,6.6,47.59,2.05,92.06,47.58,12.24,7.84,-0.53,-2.34,7.94,Forward
32.91,28.86,23.69,17.49,22.58,31.1,0.01,-19.77,12.21,61.29,11.47,50.85,90.43,0.3,3.41,1.0,3.63,1.81,Forward
48.43,47.54,37.24,16.75,2.37,30.03,4.44,-16.65,21.95,35.91,1.08,46.68,99.98,2.37,9.35,-2.91,-0.59,42.82,Forward
30.26,42.98,7.17,28.82,5.98,8.67,4.43,-17.35,20.62,-10.58,13.43,71.32,16.15,2.12,9.88,2.43,-3.71,14.41,Forward
4.03,11.57,33.6,16.79,12.8,6.03,2.71,-10.8,-8.9,-42.74,11.6,94.21,75.88,3.11,4.17,0.78,0.22,9.38,Ascend
3.96,11.16,11.97,25.46,14.15,12.37,0.62,-21.92,29.5,-13.46,11.11,76.87,43.12,1.24,2.39,-4.93,0.26,-3.07,Forward
47.58,10.22,22.03,9.93,12.49,19.51,3.36,18.56,-28.29,74.61,11.32,23.15,22.52,15.3,7.01,0.49,-2.71,-0.84,Forward
15.01,46.14,1.04,13.42,14.17,21.7,0.7,-16.76,29.2,65.38,1.01,48.33,46.49,4.46,6.04,-0.79,-3.58,30.79,Forward
4.78,42.66,7.75,14.38,21.54,17.34,2.54,-5.01,-15.24,-31.79,14.85,62.0,99.83,21.57,9.92,1.69,-3.58,1.08,Ascend
30.03,38.79,4.79,8.72,11.39,26.62,0.48,-29.04,-3.57,-30.97,12.88,63.33,42.18,22.12,8.21,3.98,3.23,-0.15,Hover
31.26,19.76,12.14,11.7,16.66,17.27,2.95,-23.71,23.02,50.4,7.62,41.41,34.97,17.28,8.43,-2.37,0.01,7.72,Forward
32.5,25.32,5.18,18.16,9.45,37.87,1.6,23.78,-15.34,-13.22,10.79,63.17,86.16,1.62,7.4,1.74,2.36,40.23,Forward
13.52,23.32,34.66,17.62,10.93,10.66,4.16,20.23,-16.51,13.09,11.09,81.08,88.11,22.29,3.83,-3.48,4.62,22.42,Hover
0.95,12.82,1.65,19.27,18.61,25.21,4.0,20.46,8.59,-13.98,12.45,56.69,40.5,10.47,9.39,-4.14,2.92,32.63,Turn_Left
48.26,25.35,30.96,10.88,14.97,24.57,4.99,-5.32,12.33,-46.38,3.83,54.71,36.88,4.53,4.92,4.32,-3.43,29.54,Forward
12.69,1.72,7.21,9.82,21.83,11.48,1.29,-21.51,-29.55,-56.01,5.58,96.39,68.26,19.47,4.29,3.62,-0.8,42.24,Forward
33.87,6.76,47.27,18.54,17.04,16.64,0.32,-23.53,-2.97,-64.88,12.0,91.06,28.47,8.67,2.35,0.01,-0.04,27.97,Forward
35.39,44.35,46.67,4.42,24.21,14.81,2.22,6.34,-0.65,-87.94,11.53,51.27,53.53,12.65,3.39,-3.62,2.01,-3.11,Forward
30.58,37.63,11.43,7.96,13.58,7.15,0.43,19.69,-13.69,-39.49,7.84,119.53,22.72,18.58,0.52,-2.37,4.65,1.12,Descend
15.78,21.26,30.8,1.74,14.99,19.25,0.9,24.01,2.77,-59.15,5.94,8.91,37.43,2.53,6.77,0.67,-2.15,28.66,Forward
13.7,25.95,1.59,2.64,20.26,15.65,2.99,-12.68,-20.73,-43.57,14.53,39.79,36.77,4.24,6.25,1.52,3.61,1.83,Forward
29.96,18.63,46.6,7.68,7.03,7.38,2.96,-10.74,-10.58,-76.36,6.23,5.38,72.54,24.21,4.33,1.91,-4.28,35.47,Hover
43.33,37.09,26.24,1.08,11.88,18.16,0.23,-23.95,12.79,-28.52,11.46,100.9,35.4,17.84,9.69,2.48,3.72,38.38,Descend
47.35,39.25,2.35,7.74,18.93,17.05,2.22,16.46,22.43,3.59,6.19,90.92,90.86,5.78,7.08,-2.9,1.95,12.79,Forward
5.47,38.21,17.26,19.82,1.35,5.52,2.66,-13.46,5.36,80.02,4.65,82.36,98.47,14.34,2.81,-2.04,-4.71,11.03,Ascend
7.91,36.19,4.03,2.3,13.39,5.51,1.35,-1.14,-25.51,-27.53,9.61,26.52,17.3,4.7,4.1,-4.87,1.11,-3.36,Slow_Forward
47.25,10.38,19.77,13.38,18.17,26.01,4.36,25.73,10.72,-84.42,12.11,85.22,45.79,21.64,5.4,-4.26,4.31,41.58,Hover
36.88,17.03,33.56,27.44,29.04,28.35,0.81,15.13,23.86,-24.77,14.72,43.28,37.17,11.22,5.68,-1.91,-0.67,16.79,Forward
44.17,23.6,23.6,23.84,26.37,37.66,1.28,-26.84,0.26,57.1,2.23,104.36,41.68,20.17,3.12,-3.14,-3.83,28.94,Descend
10.29,16.67,19.31,9.51,8.78,3.75,0.79,-29.51,-0.38,-28.77,13.14,24.74,33.88,24.3,2.87,-0.07,4.89,-1.33,Hover
29.46,37.8,6.13,27.78,15.46,4.98,0.59,17.24,29.48,-37.49,7.86,26.92,44.44,24.52,3.34,3.49,-0.83,19.68,Hover
35.12,16.6,12.4,10.22,2.16,2.36,4.4,3.15,8.18,75.42,1.62,115.31,22.73,3.44,9.65,2.23,0.28,32.74,Descend
34.07,7.08,5.19,2.64,7.6,21.43,1.4,13.22,18.36,-36.5,11.92,62.53,35.18,23.62,3.92,2.55,4.67,22.88,Hover
20.53,20.07,40.41,29.82,23.36,25.02,3.62,-20.59,8.79,84.65,4.97,54.12,77.3,6.76,4.05,1.0,0.85,10.89,Forward
0.97,49.0,6.93,26.17,4.14,16.32,2.15,22.32,-16.75,59.87,13.02,42.86,40.96,8.99,7.34,2.0,1.76,23.82,Turn_Left
29.23,11.45,29.85,14.25,8.1,31.98,3.18,16.4,-12.96,33.16,2.37,99.91,28.71,1.57,2.05,-3.2,2.1,44.76,Forward
12.8,30.69,17.27,20.16,28.35,27.56,4.64,23.45,9.94,17.7,10.67,42.97,19.76,16.14,6.61,0.52,2.53,27.55,Hover
22.62,21.76,11.45,20.3,24.8,39.44,4.22,-9.53,-2.64,-49.54,4.51,43.38,41.32,16.1,6.83,0.71,3.0,17.67,Forward
47.89,3.74,32.05,6.24,23.56,5.77,0.35,-13.46,-5.74,41.47,3.86,15.68,67.91,19.43,1.11,1.29,-4.25,37.05,Forward
20.07,24.5,22.96,6.4,26.0,2.62,4.23,-20.9,-28.65,-27.52,0.75,62.97,32.8,23.66,2.3,2.79,4.34,15.9,Hover
42.02,35.17,20.13,14.35,22.61,11.21,2.26,25.81,23.06,-2.58,7.23,110.93,48.02,10.7,4.93,4.44,0.45,14.87,Descend
9.59,25.76,29.72,27.39,4.06,1.06,1.76,-19.39,23.07,-71.27,5.87,114.95,95.72,10.19,8.44,2.12,0.34,20.66,Slow_Forward
33.69,43.63,24.67,0.79,15.74,37.32,3.37,-22.84,-2.34,-36.69,0.93,119.47,59.71,15.98,7.46,4.23,3.36,7.62,Descend
48.85,14.59,15.31,23.58,13.61,12.37,4.75,-18.44,12.04,5.24,3.4,57.3,57.87,16.69,8.8,0.5,-1.93,-6.07,Forward
5.27,4.5,28.04,2.2,9.68,22.23,0.48,16.28,-19.33,-5.75,7.31,93.22,46.89,11.13,8.58,-2.11,1.56,10.74,Slow_Forward
0.61,46.84,33.54,14.61,25.1,12.93,3.84,23.37,0.23,-28.17,12.12,66.75,60.12,22.98,5.36,1.59,-1.83,30.17,Turn_Left
21.79,19.03,1.53,19.32,14.19,10.06,1.03,18.65,-3.67,-5.05,13.94,66.21,98.61,1.3,6.41,4.81,2.61,16.82,Forward
4.81,28.9,23.4,20.76,2.28,6.35,1.91,3.79,9.4,44.09,7.73,96.94,32.84,18.91,9.25,2.1,-0.67,37.01,Ascend
37.47,39.64,3.07,2.23,8.61,13.02,4.37,29.63,-1.82,-7.32,6.05,100.41,94.77,5.2,7.54,4.69,-3.13,0.02,Descend
45.74,16.35,9.48,12.85,7.24,24.73,2.73,-25.87,-0.09,1.11,14.32,3.36,23.42,12.38,3.9,-4.78,4.09,2.21,Forward
21.81,35.86,28.11,17.72,26.68,38.87,0.35,22.03,-12.26,36.21,14.44,113.19,20.0,21.29,3.83,-2.42,2.53,25.44,Descend
13.08,6.94,43.34,2.45,19.6,22.46,2.55,-4.34,-27.09,61.49,2.86,98.94,68.92,8.24,3.98,-2.26,-4.86,35.02,Forward
21.83,14.71,44.16,4.49,17.03,21.45,3.95,-2.69,25.02,4.84,7.97,86.81,32.61,22.49,5.2,-0.73,-4.36,28.25,Hover
36.23,7.41,3.68,20.08,15.45,1.7,2.65,-22.34,-29.27,80.67,12.31,102.39,50.0,11.27,3.94,-4.69,-1.21,14.42,Descend
0.65,40.6,21.07,15.89,19.68,33.65,0.84,-27.99,-13.12,-26.38,12.33,64.93,75.67,17.57,2.28,4.14,2.8,38.58,Turn_Left
29.55,11.29,29.23,5.27,22.77,2.08,2.23,-11.0,-3.14,-44.54,10.27,93.02,58.14,18.07,6.15,2.07,-2.24,27.15,Forward
30.74,35.93,7.52,16.29,16.85,36.28,4.62,-19.51,-10.85,34.76,7.07,72.24,11.24,6.52,8.76,-4.16,4.91,35.92,Forward
31.96,47.18,38.32,27.42,28.18,21.69,3.29,-1.0,3.12,-58.37,6.05,65.61,37.53,22.52,5.18,-3.25,4.19,39.71,Hover
12.25,26.48,37.26,0.96,29.32,6.99,3.65,-21.16,-2.3,71.99,12.1,26.18,15.82,3.12,2.58,1.03,3.65,19.15,Forward
35.76,27.09,45.19,19.46,29.86,18.23,3.93,-21.72,-14.67,-20.42,3.39,101.84,93.35,14.75,8.22,4.09,-4.91,22.36,Descend
4.75,23.16,0.62,2.67,20.25,39.8,0.46,22.62,-24.72,35.67,6.43,106.18,81.52,23.23,7.68,-4.12,4.64,26.68,Hover
10.12,16.43,10.99,0.69,28.01,12.41,2.91,25.28,-21.75,12.63,8.5,116.57,98.55,0.77,7.15,-0.67,0.91,43.48,Descend
43.9,23.89,41.39,4.94,12.43,11.0,1.89,27.85,-0.82,-80.21,12.48,15.33,89.66,13.28,6.91,-3.0,0.91,34.33,Forward
36.99,30.22,33.59,12.98,25.86,4.98,0.7,10.83,20.76,37.63,5.61,35.7,52.78,6.16,7.93,-3.2,-4.01,-8.08,Forward
0.88,49.3,44.74,24.17,27.32,24.01,1.02,16.26,-23.96,52.2,8.23,82.56,89.43,4.81,8.39,2.3,1.09,13.61,Turn_Left
12.57,46.9,3.05,8.81,27.17,3.84,3.91,20.15,10.63,86.85,4.19,102.77,70.52,5.84,9.03,3.26,0.29,37.78,Descend
10.88,43.14,29.93,18.96,25.01,30.71,0.82,9.54,17.53,-15.1,12.55,90.41,57.21,22.57,6.29,4.21,0.41,-8.0,Hover
13.69,44.48,28.54,12.63,12.49,36.79,1.57,-10.19,-13.39,0.53,11.78,55.22,43.36,10.64,4.24,1.84,-3.09,24.66,Forward
12.53,23.5,1.98,7.41,5.19,37.3,1.43,-20.62,10.09,67.48,12.3,87.39,71.29,5.9,1.35,-4.34,0.43,41.98,Forward
3.31,32.94,25.77,15.67,10.35,4.58,0.25,-15.76,11.2,-41.54,0.86,9.58,63.11,23.19,7.36,-1.43,-4.28,7.15,Ascend
23.06,44.77,30.55,24.03,23.14,22.46,2.32,20.42,12.47,-55.95,7.3,79.84,65.28,8.04,1.84,-0.58,-4.79,29.72,Forward
36.69,19.77,9.73,25.06,7.37,4.16,3.83,11.77,23.45,-66.08,2.04,1.95,45.98,18.09,8.75,-2.24,-2.87,7.13,Forward
30.42,48.1,13.81,25.47,14.61,23.01,0.12,-2.65,-6.09,86.09,10.11,6.66,76.54,13.43,4.36,0.4,3.02,25.2,Forward
33.71,20.91,32.09,10.49,17.18,32.65,0.57,-28.24,-15.38,-41.34,4.67,91.12,17.32,16.98,8.82,-2.67,1.04,41.51,Forward
4.24,30.13,23.52,23.91,18.31,21.65,3.6,-14.03,2.63,46.33,11.62,57.84,75.35,4.57,5.43,3.99,3.94,10.29,Ascend
47.58,35.55,42.93,6.76,28.1,34.92,2.97,13.73,-26.25,-9.06,0.98,8.09,75.77,16.96,4.81,-3.57,-1.11,42.81,Forward
41.96,47.54,17.25,22.28,20.01,32.13,3.58,0.74,-9.96,-46.7,7.7,58.34,56.43,22.65,3.95,-0.74,-1.5,11.02,Hover
40.29,12.38,13.48,28.48,23.7,11.28,1.16,-3.87,22.99,74.4,1.85,8.47,33.7,2.52,1.08,-3.75,2.0,11.55,Forward
41.18,37.36,49.25,0.91,17.67,25.32,4.02,-11.18,1.92,-6.51,8.37,42.18,56.73,8.16,0.61,-1.42,-0.93,32.03,Forward
46.65,26.14,45.57,13.49,25.09,0.59,2.4,6.42,-3.8,11.87,9.11,19.73,21.08,24.32,5.33,-0.15,-1.19,9.85,Hover
27.3,13.57,1.64,19.61,8.28,16.02,3.06,27.98,-14.06,-49.95,6.93,27.11,35.66,5.63,9.06,0.54,-0.34,8.03,Forward
10.17,38.88,38.58,21.2,6.69,9.75,0.47,24.07,-14.98,-31.65,4.19,24.28,47.92,1.49,6.07,-1.69,-3.85,0.21,Forward
30.92,27.7,5.69,5.69,27.83,37.5,1.03,-28.17,-15.8,44.58,0.48,45.24,70.59,1.38,8.69,3.1,-2.97,-5.11,Forward
37.2,33.12,1.57,29.18,20.96,16.39,3.87,-1.14,19.75,-28.25,9.93,13.84,26.85,6.88,10.0,0.15,1.03,36.07,Forward
36.95,16.28,13.83,18.65,20.31,26.27,1.13,-10.23,29.1,1.07,13.06,63.8,24.24,12.37,2.2,4.92,1.08,16.18,Forward
26.17,24.17,13.61,5.35,14.29,29.36,0.47,0.64,2.09,-69.42,11.0,49.45,64.7,6.72,6.77,-3.76,0.9,25.81,Forward
3.61,30.94,41.0,1.11,11.61,31.0,2.99,6.37,-25.21,63.01,13.4,100.94,71.16,7.02,4.46,-3.16,-3.0,16.29,Forward
18.68,20.36,35.59,23.61,16.89,29.51,2.74,-18.0,15.06,42.76,13.94,99.29,17.53,20.79,2.48,3.02,-0.64,10.59,Hover
46.05,10.08,49.08,2.85,4.06,11.78,3.04,16.89,22.62,46.93,6.74,99.09,12.98,19.17,2.79,0.54,4.21,12.47,Hover
29.31,48.09,35.63,4.66,13.91,27.54,3.1,-1.5,25.87,-57.93,10.47,56.89,23.24,7.77,2.82,-1.4,3.61,-5.63,Forward
27.01,25.67,21.03,17.46,13.93,22.1,2.51,29.52,7.73,-0.87,5.96,35.6,91.09,8.62,7.43,-0.9,0.57,27.07,Forward
13.59,36.75,35.01,18.3,16.38,24.02,2.47,-28.49,0.41,-85.04,13.79,50.43,70.54,24.24,3.87,0.64,4.01,18.17,Hover
18.55,20.67,49.97,20.76,19.22,0.33,4.62,-18.62,7.23,-33.28,8.44,82.8,92.89,23.75,2.93,-4.14,1.75,-6.36,Hover
44.79,17.89,35.57,12.11,28.74,10.55,2.67,11.38,-29.22,-27.36,11.29,64.04,69.82,24.33,8.92,2.65,-0.88,24.57,Hover
33.39,20.48,38.13,23.33,19.74,37.25,3.09,11.71,9.33,74.46,0.22,75.29,96.87,23.48,0.83,-0.51,2.76,1.53,Hover
39.41,20.58,46.93,29.24,26.57,11.82,1.34,4.93,12.58,88.7,8.63,83.55,49.5,15.7,7.49,-0.87,-1.98,-2.39,Forward
22.83,27.3,5.86,8.5,16.91,17.69,4.36,28.32,13.32,21.19,11.13,110.29,63.92,7.71,9.63,2.73,3.55,43.74,Descend
31.59,27.26,35.3,21.24,18.99,7.71,0.13,-5.08,3.78,3.02,3.86,113.33,64.11,24.24,6.44,0.69,-1.7,-5.65,Descend
12.57,24.96,42.57,27.89,2.56,5.8,2.79,-4.98,12.0,-10.78,0.22,101.02,10.28,18.57,5.71,2.54,2.95,30.14,Descend
35.33,6.91,47.73,20.75,4.43,8.58,1.93,24.63,8.33,-86.71,11.15,8.74,12.47,17.78,1.08,4.29,-2.19,28.34,Hover
21.49,24.9,10.71,20.59,17.6,22.28,3.02,2.31,-23.07,54.02,5.07,117.54,23.07,19.94,5.28,4.46,4.17,18.7,Descend
22.24,8.62,25.3,7.1,12.17,36.79,1.81,-8.78,23.9,30.93,6.43,84.73,56.0,14.96,3.93,-0.71,-3.15,-5.3,Forward
32.54,6.48,34.09,16.29,24.06,13.25,3.59,13.14,7.36,26.87,8.43,83.51,48.75,14.58,7.89,-4.3,2.19,6.07,Forward
46.83,46.65,12.52,17.09,16.52,13.14,0.11,7.18,13.67,55.63,1.65,3.75,58.58,9.03,8.21,-4.88,-0.91,-1.13,Forward
3.39,30.33,30.1,21.15,26.53,22.7,2.04,-11.62,-9.43,77.05,1.55,58.05,82.04,3.77,2.09,2.05,-4.82,44.09,Ascend
41.27,33.04,13.03,29.91,29.18,14.46,4.16,-12.12,25.15,-19.88,14.41,75.55,84.0,10.96,5.46,-4.18,-1.68,-4.55,Forward
14.76,20.21,16.81,1.49,4.86,36.44,1.26,-6.26,0.16,-13.25,5.08,34.14,97.93,12.93,8.67,-1.1,-2.97,-9.31,Forward
22.31,45.47,22.19,2.42,12.15,15.3,0.27,-25.7,10.74,85.53,3.83,10.91,60.18,21.95,6.43,1.62,0.55,2.04,Hover
1.29,31.97,26.55,2.8,20.12,19.77,2.49,26.56,27.13,29.6,0.72,64.36,41.25,10.04,5.07,4.98,-2.4,33.16,Turn_Left
15.19,38.5,22.58,22.42,9.51,21.48,4.88,-19.02,24.96,63.24,2.61,54.11,37.72,22.08,9.03,-2.77,-4.27,36.42,Hover
25.23,18.55,24.76,4.52,8.38,31.35,0.33,-18.37,8.69,-50.12,6.46,6.25,40.67,7.94,9.68,-4.9,4.53,28.58,Forward
3.0,48.01,15.07,18.86,24.51,22.69,0.36,8.82,-20.06,-32.93,5.13,62.81,39.14,23.62,2.74,-4.59,3.45,13.83,Turn_Left
24.66,41.06,8.12,10.08,29.42,9.79,2.98,13.45,27.03,-19.51,6.37,13.82,45.36,0.97,2.24,-2.77,-4.55,33.51,Forward
46.37,42.73,2.56,13.99,23.33,5.22,1.26,14.21,29.05,-32.95,10.56,51.52,16.74,13.13,8.72,4.93,-2.29,27.24,Forward
5.45,8.78,9.96,6.86,15.95,37.53,2.06,-7.5,-23.8,69.16,9.63,33.18,67.01,8.04,2.81,-4.23,1.3,44.65,Slow_Forward
38.27,13.69,29.18,26.05,13.55,32.12,4.15,22.4,-2.98,2.07,7.4,116.49,61.12,7.36,8.55,2.49,-1.79,14.15,Descend
20.6,14.42,39.35,17.79,16.42,1.21,1.0,2.64,2.9,81.66,12.22,5.13,51.58,1.98,3.36,-3.5,-2.18,0.33,Forward
32.83,13.69,8.63,28.36,14.15,32.91,3.6,-3.68,-24.48,-32.16,12.86,67.64,17.3,17.03,0.68,-2.96,0.96,-6.35,Forward
13.16,42.8,5.61,17.45,15.34,23.75,2.53,18.62,-18.62,-83.3,8.86,19.08,18.39,9.81,4.51,-4.14,-3.06,24.32,Forward
8.14,1.79,37.51,4.16,6.5,20.9,4.53,-15.39,2.26,-65.15,1.76,39.0,59.06,23.73,0.88,-2.72,1.49,41.4,Hover
8.19,3.99,15.4,5.54,27.16,0.79,4.87,21.61,27.79,-50.93,6.09,22.88,13.29,17.81,2.48,-3.84,-4.11,33.22,Hover
3.71,13.84,47.58,29.68,22.76,31.3,2.43,2.33,-28.33,25.19,9.52,119.42,75.23,11.07,5.05,-4.83,-1.75,30.28,Forward
9.45,10.15,35.77,21.9,20.59,8.16,2.93,24.0,24.75,-57.4,0.94,4.85,99.44,15.68,0.87,2.99,-3.84,18.47,Slow_Forward
33.28,11.75,16.47,1.95,28.52,29.2,3.73,-17.9,23.92,-21.33,0.3,65.42,63.77,1.65,0.82,-3.1,-2.03,-0.09,Forward
44.11,39.94,14.62,21.26,8.89,0.93,1.6,26.16,21.43,53.17,14.23,73.36,75.11,14.73,1.97,-3.81,1.83,5.09,Forward
40.74,28.24,26.28,12.66,2.89,31.92,1.14,11.27,-7.35,-67.54,10.95,92.89,49.5,16.65,4.9,-2.28,2.64,5.52,Descend
34.32,0.49,4.14,9.56,24.87,1.21,4.82,7.1,-0.55,-75.51,2.3,75.49,70.07,2.65,9.75,2.54,-3.55,26.58,Forward
5.7,21.58,6.06,5.04,29.95,9.66,2.17,-4.68,-5.78,7.19,6.68,28.53,68.66,17.06,1.39,-2.75,2.46,37.1,Slow_Forward
14.6,20.51,8.96,25.28,17.56,10.95,0.02,27.38,26.86,35.65,2.9,72.17,84.17,11.85,6.41,0.42,-4.16,-2.47,Forward
15.63,5.87,38.78,2.38,2.23,6.55,4.19,-3.36,1.28,73.97,0.15,117.02,74.02,11.99,5.22,-2.83,-2.83,-8.17,Descend
12.65,33.87,25.79,9.05,23.52,19.4,3.0,-0.09,-25.16,29.16,5.88,101.97,77.41,18.09,1.07,-1.13,0.0,18.13,Descend
25.85,35.16,0.73,9.54,2.68,11.56,0.85,16.89,-13.56,80.31,9.73,54.97,60.1,11.25,0.82,0.21,4.71,39.38,Forward
26.87,36.1,33.74,5.25,16.43,39.73,0.16,-12.91,-2.28,-45.99,14.31,57.81,53.61,5.86,2.61,2.58,4.74,42.87,Forward
17.97,36.48,21.3,15.49,8.69,23.32,1.46,-12.51,27.21,-28.47,11.55,16.82,51.28,7.46,7.01,-2.18,-0.22,16.31,Forward
17.82,0.2,25.64,0.85,27.49,22.79,4.64,16.52,4.14,61.08,3.45,68.82,45.28,18.46,9.64,-0.54,3.05,3.74,Forward
41.46,47.71,10.86,9.38,13.81,9.07,4.67,-22.29,11.76,55.99,5.04,34.35,33.94,1.77,5.78,1.43,0.53,32.18,Forward
39.51,40.75,27.68,28.04,27.0,16.52,1.56,19.38,-24.69,29.68,7.81,13.87,13.0,21.02,0.93,-2.25,2.52,-0.69,Hover
15.53,45.22,48.96,9.66,9.32,5.22,4.18,7.51,22.64,1.08,2.87,57.43,70.4,14.56,2.95,-2.8,1.53,35.32,Forward
45.71,0.98,3.86,11.13,11.93,30.57,2.21,2.35,2.34,-86.81,12.49,6.36,91.09,18.17,9.45,0.69,1.97,37.81,Forward
47.65,46.71,14.34,14.46,28.44,13.45,3.28,-16.25,25.27,-39.52,2.52,15.3,93.74,8.59,0.62,4.52,-0.6,7.12,Forward
16.47,40.53,12.3,17.07,6.44,30.15,1.68,17.18,-3.27,-61.5,4.35,27.07,62.25,5.57,6.22,4.1,3.33,0.09,Forward
17.85,41.89,12.58,24.36,17.57,15.06,2.58,18.3,10.99,-80.79,8.66,118.89,18.47,20.11,2.2,1.0,-0.54,-3.88,Descend
25.38,4.85,19.06,6.11,11.96,39.55,1.48,-1.02,-1.75,49.69,1.85,97.21,89.08,2.56,1.13,-0.78,2.06,23.54,Forward
47.07,36.99,40.94,26.22,23.34,7.09,0.31,-6.65,-21.45,-66.36,9.37,65.47,77.3,4.15,2.92,0.66,3.7,44.0,Forward
43.84,48.0,45.66,22.85,4.31,0.36,0.71,-15.23,-13.68,-25.67,14.16,28.68,32.63,7.12,9.4,3.02,1.56,14.6,Descend
5.31,33.99,10.27,21.82,13.4,23.91,1.46,15.25,-25.96,85.94,10.37,62.75,82.32,8.78,7.74,-4.07,0.1,4.5,Slow_Forward
19.76,28.61,27.24,3.06,21.12,38.13,4.88,8.37,-3.58,-16.35,12.19,78.23,52.48,5.09,2.13,2.81,0.28,35.52,Forward
27.76,47.29,31.92,1.14,12.51,25.99,4.83,-17.6,8.96,-64.53,6.58,1.54,89.88,22.82,1.12,1.58,2.09,29.23,Hover
25.26,22.26,26.19,18.02,2.23,3.7,4.14,17.67,-15.38,34.16,5.48,118.56,32.28,0.68,5.18,-2.31,-4.08,-5.94,Descend
9.85,30.04,21.82,25.96,21.3,21.76,1.17,22.93,-0.58,55.79,4.93,75.59,82.08,20.09,1.0,3.76,1.37,4.33,Hover
42.97,23.92,9.76,17.74,15.34,36.41,2.21,-26.45,-2.46,-39.75,9.91,118.6,74.07,10.28,4.34,-4.2,-1.25,10.52,Descend
33.91,46.66,24.51,6.79,0.83,0.56,2.2,16.35,2.01,55.68,7.78,56.82,11.3,20.9,8.1,4.19,-3.65,1.91,Ascend
41.93,3.99,20.18,3.17,18.57,6.93,1.94,21.17,-18.92,-41.13,7.08,75.2,60.7,19.9,5.26,-1.12,4.13,38.56,Forward
42.97,25.16,39.82,21.14,27.64,32.64,0.23,29.49,2.04,34.76,1.51,55.91,74.4,3.03,9.02,3.1,-0.02,0.29,Forward
37.47,34.41,38.23,21.79,3.78,35.79,2.68,-15.74,-8.15,-67.54,10.1,2.13,24.08,16.66,8.02,-3.46,-0.43,33.62,Forward
22.07,39.64,6.87,5.59,17.92,28.37,0.37,-7.74,-12.84,-12.99,10.88,102.14,57.87,9.46,5.78,0.68,0.42,30.78,Descend
30.61,29.23,4.61,1.33,22.0,39.66,4.01,27.97,5.16,3.69,2.94,54.43,37.37,20.53,8.01,-4.67,1.23,-9.33,Hover
8.19,45.46,45.43,12.54,2.59,3.88,3.46,-24.36,-21.12,40.55,11.4,57.04,72.66,21.28,1.4,-2.21,-3.05,5.35,Hover
33.75,47.11,26.87,17.69,1.17,21.96,1.77,1.42,24.04,27.01,13.19,43.84,58.61,4.73,2.41,3.3,1.25,18.09,Ascend
9.13,3.4,42.92,21.33,14.19,27.49,3.24,0.4,26.09,63.6,2.62,52.49,65.93,11.97,7.15,-0.46,-1.48,2.06,Slow_Forward
34.76,20.24,3.1,24.39,23.84,28.19,1.17,6.39,9.64,-56.83,6.78,87.34,16.53,14.86,0.55,1.6,2.15,34.99,Forward
11.63,1.37,26.42,18.51,5.24,31.8,1.33,-10.15,-11.81,29.02,13.14,84.37,22.4,13.6,0.54,3.07,2.72,-2.6,Forward
6.05,16.6,27.06,3.77,25.18,36.73,1.58,25.56,7.56,-67.0,7.31,97.2,59.69,6.29,4.11,0.3,-4.93,-0.84,Slow_Forward
8.43,26.94,43.06,20.64,19.87,14.66,3.99,-13.8,6.09,-3.95,12.23,116.99,26.31,6.81,8.74,0.86,2.16,22.36,Slow_Forward
0.3,45.56,5.06,29.53,10.3,2.01,1.06,8.98,-6.52,4.42,3.24,47.55,54.88,21.45,9.82,2.66,-1.47,-8.71,Turn_Left
35.99,42.36,12.17,27.21,15.72,14.69,2.82,-0.24,-12.77,-85.09,0.96,41.34,72.1,0.82,6.67,-3.8,-1.96,44.62,Forward
36.67,6.55,20.45,26.21,28.98,26.96,1.01,-14.0,-19.89,-77.34,0.89,59.73,82.88,6.56,9.53,-4.28,-1.27,19.17,Forward
25.84,4.83,43.32,9.41,6.88,8.77,1.43,-18.67,-16.96,61.07,14.59,19.37,22.87,5.58,8.55,1.22,0.76,25.84,Forward
8.24,29.55,46.96,22.65,15.24,32.46,1.19,27.39,9.18,-38.38,2.47,91.21,76.77,9.27,2.41,4.75,-3.85,3.9,Descend
4.36,26.7,49.64,25.61,18.92,9.02,3.23,3.68,23.15,-27.69,12.97,70.16,42.69,17.15,4.34,1.45,1.98,42.5,Ascend
1.15,13.47,47.97,20.51,4.57,0.7,2.64,6.25,-6.9,25.27,4.74,26.15,71.1,13.31,6.43,2.05,-0.55,8.39,Turn_Right
8.45,44.99,0.5,7.89,1.78,20.47,3.61,16.97,-22.69,-50.27,0.6,103.82,23.08,13.52,1.94,1.59,-3.4,-2.97,Ascend
44.56,46.38,2.58,28.64,0.9,29.14,1.11,-25.13,-29.23,-55.28,3.61,74.67,56.37,18.28,3.47,1.06,0.09,15.02,Ascend
12.23,20.25,7.55,13.8,10.08,14.18,0.06,12.83,-5.65,-14.12,7.58,5.05,85.38,20.3,7.69,-3.02,0.74,-3.0,Hover
17.84,44.54,17.57,4.33,2.68,30.03,3.41,-20.09,-16.05,-79.38,1.6,24.39,19.58,4.0,3.77,3.4,-1.54,42.92,Forward
5.45,19.32,41.53,3.74,24.21,17.7,0.58,14.43,-10.65,75.05,13.83,107.04,84.49,2.7,9.3,0.76,4.0,17.77,Slow_Forward
11.27,36.89,44.65,19.6,29.92,7.12,1.24,-21.52,-15.5,79.22,13.5,46.34,50.75,7.53,4.36,4.78,1.97,23.01,Forward
26.06,23.9,9.5,13.41,2.31,3.9,1.54,19.95,9.85,-9.32,2.24,118.14,84.09,20.69,2.59,-4.31,1.61,16.64,Descend
30.47,6.3,31.06,3.29,13.27,28.51,3.74,10.86,8.31,-52.34,11.06,64.04,96.25,13.54,2.5,-2.02,-4.47,2.8,Forward
12.42,46.41,45.88,22.34,1.26,15.61,3.13,-6.85,24.74,-5.3,6.91,25.74,24.37,3.57,7.03,-4.01,0.02,-0.63,Ascend
3.08,22.81,23.29,24.08,4.45,36.54,0.93,-8.47,11.98,-72.01,14.73,71.67,70.71,4.09,4.0,3.59,3.51,43.1,Ascend
19.67,36.78,5.36,21.9,10.03,21.75,2.99,-21.06,-20.1,-18.4,0.83,13.18,31.16,22.46,2.75,3.18,1.68,7.45,Hover
11.86,18.49,23.0,6.47,12.11,14.13,3.54,24.24,15.1,-76.74,7.07,97.09,22.2,9.17,7.09,2.73,-2.67,-6.79,Forward
11.13,1.14,18.91,20.85,28.22,14.15,1.95,-22.89,-19.12,37.11,4.28,75.71,66.53,6.38,4.5,1.79,3.61,17.76,Forward
48.0,5.21,28.97,0.82,12.18,5.52,1.24,-1.68,3.52,-40.37,10.9,115.71,19.72,17.34,8.54,-3.93,-1.3,3.42,Descend
30.89,24.91,22.05,9.5,15.14,23.87,3.4,-15.81,-25.38,3.72,1.67,83.12,51.87,21.52,5.72,-0.94,4.15,28.85,Hover
27.93,34.56,1.06,12.27,7.74,23.41,3.06,29.78,-27.16,-87.56,9.42,6.85,67.24,11.06,9.74,2.05,0.12,10.79,Forward
20.91,16.87,49.7,25.14,0.5,32.06,0.4,5.15,-2.15,4.43,14.22,57.69,54.97,19.78,4.06,-1.39,2.87,41.34,Ascend
21.56,34.84,27.27,12.02,27.03,8.29,3.34,-21.02,-23.7,-89.41,6.81,64.23,72.74,10.75,3.18,2.18,1.12,13.96,Forward
27.14,34.99,23.79,0.83,2.91,11.84,2.45,10.05,-11.6,76.53,6.81,110.1,82.13,17.29,6.62,-2.15,-2.09,27.2,Descend
34.88,35.26,47.74,10.89,28.95,4.16,3.77,29.5,-9.67,0.21,7.44,52.46,88.5,14.37,7.23,0.44,1.54,36.71,Ascend
35.17,24.73,7.96,15.22,4.36,12.03,0.96,6.3,16.17,-71.99,6.24,71.63,60.39,22.36,0.66,-1.45,-4.9,37.5,Hover
8.75,45.76,9.62,28.5,18.34,17.3,1.3,-2.56,-10.04,-28.61,6.71,23.13,34.9,8.13,6.86,4.22,3.35,20.46,Slow_Forward
25.11,24.56,40.44,28.26,29.98,38.57,2.72,-12.4,-0.34,-81.71,6.95,30.11,55.87,19.26,2.22,-0.58,4.66,34.2,Forward
20.72,22.62,13.19,5.84,4.58,26.23,2.41,-24.47,16.36,5.56,14.97,66.28,44.89,17.1,9.61,-2.13,-2.93,3.63,Forward
43.55,10.13,40.0,5.96,13.01,31.38,1.94,-16.31,-17.71,-67.98,1.75,83.94,30.33,20.97,5.97,-4.43,3.84,23.13,Hover
31.64,15.52,13.72,5.32,23.52,13.22,3.73,3.22,18.29,-4.84,4.28,52.82,57.62,15.19,1.7,-3.55,-3.32,-8.17,Forward
26.72,2.31,1.85,23.77,1.45,6.04,2.83,15.23,19.91,-35.01,3.16,52.49,12.04,11.5,1.0,0.65,-0.09,8.36,Ascend
5.95,31.75,25.95,0.68,20.85,10.49,3.55,22.68,29.33,47.09,8.16,31.46,64.5,1.24,8.86,2.01,-2.07,9.02,Slow_Forward
30.36,12.58,9.99,4.25,2.87,10.48,0.77,17.62,-3.36,-3.19,0.04,84.08,83.94,20.99,8.58,4.54,-3.08,38.05,Hover
6.04,15.35,37.94,16.37,7.48,23.45,3.65,-22.47,-7.76,62.67,13.82,1.65,99.95,22.75,4.62,0.97,2.56,16.05,Turn_Right
16.99,38.59,32.13,7.8,5.22,13.86,2.31,16.41,12.12,79.44,7.97,62.02,92.95,11.24,1.33,1.81,3.07,30.74,Forward
7.31,16.5,46.2,3.22,27.27,34.34,0.18,4.9,-26.51,84.51,13.44,1.42,18.08,5.56,4.2,1.2,3.39,15.91,Slow_Forward
34.67,12.26,39.19,11.12,5.82,39.55,1.18,-1.85,-27.61,-43.16,5.17,71.62,24.62,16.18,7.73,4.02,-4.92,7.27,Forward
10.47,8.62,9.2,8.59,1.69,13.93,0.14,4.37,-9.9,48.16,2.25,4.68,22.48,3.04,6.78,-1.98,3.48,41.67,Ascend
19.71,38.79,40.05,15.58,17.83,28.29,2.29,-29.52,13.77,-11.14,2.88,112.87,60.25,1.02,8.72,1.03,-4.49,24.35,Turn_Right
44.8,6.66,32.16,29.39,10.71,26.4,1.64,-25.94,-23.01,-13.29,7.06,57.88,14.13,7.25,7.64,4.6,-0.52,25.26,Forward
10.37,22.8,33.51,4.17,12.47,8.02,4.94,1.55,8.13,66.28,0.6,82.4,94.33,17.0,3.64,-4.93,-3.25,17.02,Forward
25.49,25.45,41.65,11.5,4.01,36.74,4.34,-19.58,-13.83,-63.78,11.73,102.58,15.57,20.36,3.74,-2.29,4.07,0.22,Descend
21.08,34.43,28.78,27.99,22.57,8.22,4.13,2.73,9.1,-3.99,11.86,29.02,45.21,3.92,6.65,2.59,0.77,35.92,Forward
1.1,31.74,23.41,26.37,18.25,29.56,2.51,-8.75,-2.58,16.72,10.53,65.27,90.46,23.65,3.45,-0.3,-0.32,30.62,Turn_Left
39.68,40.57,31.9,12.13,11.24,14.1,4.04,24.44,-23.09,-78.1,13.45,103.75,95.35,13.8,8.74,-3.32,-0.56,11.0,Descend
3.64,2.43,15.04,21.12,5.56,14.87,1.34,26.98,-15.16,65.61,8.24,65.0,51.88,23.13,3.61,0.72,-0.96,41.53,Ascend
23.82,14.96,9.29,3.09,18.01,18.38,2.81,28.79,-16.82,-33.42,7.19,47.74,53.96,3.74,5.14,0.15,-0.26,8.91,Forward
28.12,14.15,30.91,21.52,23.47,34.62,1.97,23.94,-20.12,28.23,7.94,44.9,67.26,11.45,0.91,-0.46,0.66,-7.86,Forward
31.5,7.47,11.85,29.2,9.72,5.87,0.86,29.15,-1.9,77.05,2.73,46.71,46.69,10.77,1.62,-1.58,3.17,4.35,Forward
34.49,14.6,4.18,16.36,1.26,2.47,0.37,12.37,27.28,39.56,7.68,74.24,39.22,10.29,1.75,-4.47,-2.62,10.28,Ascend
12.81,15.63,0.23,15.21,6.82,16.26,2.8,27.63,9.49,69.48,8.13,6.43,76.55,23.27,3.77,1.04,3.04,35.11,Hover
0.7,26.19,30.49,6.03,20.63,2.51,0.5,8.51,20.16,-77.48,11.47,50.43,63.58,21.24,1.61,0.17,3.3,33.32,Turn_Right
36.23,33.25,18.24,19.2,29.68,27.6,3.59,18.55,28.86,-1.31,5.22,67.71,53.35,19.86,4.84,0.85,3.51,13.78,Forward
26.88,19.18,37.67,17.92,0.89,30.48,4.61,-22.09,2.44,11.67,1.38,94.58,19.07,7.15,3.06,-4.98,4.42,28.55,Ascend
41.84,36.03,18.88,19.73,9.53,34.23,0.82,10.96,-15.72,34.03,8.96,64.07,16.2,8.48,3.09,-4.17,4.57,2.56,Forward
41.11,16.94,24.4,1.27,2.33,29.83,2.36,25.87,25.67,-68.97,11.82,111.21,55.97,6.48,4.73,-3.32,-3.92,38.98,Descend
42.2,14.66,20.47,16.69,9.83,36.68,3.7,2.4,11.94,28.22,14.54,53.81,65.75,19.84,8.61,-0.52,3.78,-6.62,Forward
24.36,27.15,32.6,18.05,12.47,30.01,1.44,-18.79,27.54,-63.72,1.35,78.44,69.18,9.82,7.74,3.08,3.45,11.93,Descend
16.81,1.38,17.94,6.62,27.67,37.46,4.6,1.61,9.06,-77.83,11.2,3.09,90.54,24.47,8.9,-2.54,-1.23,34.51,Turn_Left
39.62,4.17,48.2,6.65,2.88,7.97,4.44,12.42,16.51,-5.52,8.94,29.38,83.46,9.11,9.91,3.08,1.91,18.09,Forward
22.67,21.01,46.82,8.65,23.43,20.14,0.53,16.19,23.44,18.07,0.23,98.04,22.67,4.24,0.61,-2.65,4.27,34.75,Forward
9.34,47.16,42.43,21.5,12.17,39.76,0.15,1.42,15.55,82.46,10.77,70.76,81.5,23.25,7.08,2.49,-4.09,-0.86,Hover
42.78,36.13,46.03,18.38,24.43,27.36,4.88,-16.96,3.76,35.75,0.39,113.59,70.87,19.57,1.64,3.74,-1.45,3.86,Descend
44.15,4.59,22.57,25.45,15.65,35.18,4.78,25.6,-1.68,16.45,11.78,90.59,84.52,14.58,9.4,3.16,4.74,11.94,Forward
23.42,42.35,26.91,9.22,1.66,1.51,2.12,16.42,19.4,-51.38,10.82,54.51,85.9,21.46,2.66,2.38,0.48,37.25,Turn_Left
3.97,36.67,37.16,27.41,28.41,34.91,0.26,-13.76,16.32,-62.63,10.32,93.67,41.1,23.74,3.82,-4.62,-4.08,42.64,Turn_Left
19.51,30.63,34.87,22.44,2.94,28.0,3.1,18.71,-8.01,19.31,1.8,56.67,33.69,21.53,9.8,-1.7,4.61,-6.88,Hover
40.22,41.05,44.56,12.15,18.13,7.08,1.47,-9.13,-0.1,-49.87,13.79,40.29,59.74,22.61,8.74,-3.03,4.03,41.72,Hover
45.11,20.32,35.87,3.31,26.39,1.32,4.68,-11.25,8.1,37.19,13.48,6.6,36.87,6.78,0.95,-0.25,3.06,28.4,Forward
10.33,11.23,49.89,8.08,2.85,10.62,3.98,21.78,-28.3,-69.39,13.5,104.01,41.47,12.77,0.95,-1.46,2.94,16.61,Descend
3.54,25.7,17.56,28.72,16.84,36.66,3.25,22.39,-15.15,-28.87,5.41,50.85,16.22,19.88,8.28,1.18,-0.14,3.41,Hover
43.89,27.53,41.68,9.66,24.82,26.82,1.43,-6.09,-14.99,49.16,7.38,82.54,99.22,13.15,1.17,0.66,3.75,5.61,Forward
19.59,27.01,34.94,10.23,29.6,36.8,3.51,-29.46,22.99,59.59,1.72,19.21,37.84,16.05,8.59,-0.69,-1.94,26.53,Forward
27.18,28.34,34.63,6.09,21.87,18.01,1.45,-18.81,-10.11,-27.86,0.77,99.65,80.21,23.07,9.28,2.67,-1.41,13.12,Hover
48.41,47.45,16.43,24.3,8.71,37.48,0.2,24.56,2.71,-52.79,0.88,99.08,99.38,7.38,0.73,-4.85,-2.84,-8.28,Forward
3.51,45.13,39.32,8.63,21.14,18.68,2.55,23.92,19.9,82.48,8.53,58.38,97.22,13.49,2.59,3.66,-0.97,43.13,Ascend
32.49,43.81,45.04,10.24,21.32,8.41,2.45,-2.8,-14.42,46.99,4.82,80.99,67.05,14.09,0.72,-4.97,-2.66,26.61,Forward
3.89,40.11,11.08,12.72,21.15,6.31,3.82,-11.75,-22.57,55.27,8.69,63.05,58.48,8.99,1.19,-0.48,-1.6,33.4,Ascend
18.9,47.18,31.35,13.29,25.7,39.75,4.33,-11.84,26.9,-49.9,8.89,66.72,37.83,9.21,5.57,3.81,1.9,25.38,Forward
40.23,5.11,19.73,12.63,3.08,13.55,1.78,23.83,12.28,-13.6,13.61,106.77,87.54,19.23,7.44,-0.82,-0.7,29.26,Descend
21.79,13.4,49.48,15.36,3.7,6.65,2.25,-10.52,-19.38,-77.72,13.23,116.06,40.42,23.24,5.06,2.56,2.68,-7.84,Descend
49.86,24.85,24.05,24.53,19.4,0.63,2.36,0.69,19.18,-70.31,10.78,44.73,19.61,15.84,4.17,-0.97,-0.21,11.41,Forward
28.04,42.36,11.57,24.67,28.64,11.64,1.63,13.86,17.23,-50.23,12.28,40.48,36.47,12.2,2.46,3.51,-3.61,41.45,Forward
16.19,25.36,19.22,24.05,14.24,35.6,3.72,-17.43,20.25,-35.42,0.05,37.15,38.36,18.76,2.75,4.99,2.42,42.63,Forward
11.16,37.45,32.76,3.48,28.84,21.5,2.62,-14.77,-13.43,89.49,0.23,92.72,74.66,24.95,6.03,3.98,-4.34,40.57,Hover
17.66,7.12,3.99,24.09,28.17,25.41,4.57,-8.52,-3.09,-14.02,6.88,87.02,25.26,2.06,8.63,-4.44,4.42,44.93,Forward
18.75,12.77,30.26,4.05,27.14,36.92,3.26,9.25,11.62,35.62,9.81,6.21,38.52,16.29,4.34,-3.52,3.41,-6.12,Hover
3.62,36.64,46.57,4.18,27.34,20.66,1.07,19.05,-6.56,72.8,11.91,11.52,16.89,13.9,9.43,0.42,4.63,-6.5,Forward
18.6,8.4,42.55,28.46,27.0,33.58,0.83,2.8,-25.8,-45.71,6.71,77.9,86.36,15.26,1.0,4.62,-2.51,41.3,Forward
23.32,17.7,3.57,24.67,24.69,13.16,1.87,-22.02,-21.81,-63.95,14.1,33.72,75.23,0.57,8.38,-0.94,-0.19,-8.33,Forward
36.19,13.39,49.67,16.8,21.0,39.09,1.74,-3.23,5.83,-46.21,12.22,11.9,49.37,23.89,3.72,-2.23,-3.07,38.69,Hover
32.91,17.62,35.0,26.31,1.22,3.43,2.04,-22.34,-7.49,68.84,1.54,50.23,48.7,2.13,8.75,4.65,-0.78,38.17,Ascend
35.5,35.47,8.28,29.69,4.4,29.08,0.93,-24.7,-29.68,29.82,6.6,105.42,24.97,7.69,9.23,2.09,-2.56,19.77,Descend
0.62,18.52,0.82,18.51,4.46,26.52,4.89,5.38,16.01,-8.76,14.92,44.59,44.6,7.46,7.15,2.7,3.53,38.42,Turn_Left
11.04,27.85,8.73,18.58,1.19,7.91,0.74,27.37,-5.0,57.65,6.15,83.78,91.61,18.33,3.87,-3.89,-3.78,27.83,Ascend
33.15,5.18,41.94,22.76,3.94,15.74,3.27,20.26,-11.17,-47.39,5.79,108.17,22.48,16.77,4.84,-2.37,-2.75,-0.57,Forward
24.3,40.29,1.28,7.35,27.63,12.72,0.08,16.47,12.81,-46.95,4.41,21.15,78.85,1.54,5.74,0.04,-2.36,36.43,Forward
0.46,18.62,11.81,5.43,20.08,4.05,2.04,13.62,-2.69,12.1,7.3,73.55,14.25,3.74,4.89,2.36,2.38,12.06,Turn_Left
40.26,32.5,37.91,22.91,9.71,23.52,1.55,23.83,11.69,52.21,10.95,109.01,38.05,7.97,8.02,-1.53,1.3,1.95,Descend
38.69,36.32,29.39,10.67,23.9,39.75,1.92,15.17,-29.21,-43.28,0.71,24.02,86.22,17.6,7.83,-2.96,-3.64,43.74,Forward
27.51,10.64,39.18,4.48,14.91,22.52,2.5,7.61,-29.43,-52.19,12.54,118.66,50.05,23.23,0.62,-0.63,1.06,27.66,Descend
3.51,44.26,37.36,9.79,4.69,21.95,3.01,-8.12,3.59,-4.68,13.76,44.44,73.24,7.89,1.94,-0.76,3.46,0.19,Ascend
38.37,30.89,2.72,11.08,26.59,1.9,2.92,-23.94,28.93,-65.84,11.72,26.89,19.32,13.14,3.95,3.73,-0.48,37.88,Forward
29.27,21.55,44.65,28.97,10.49,5.83,3.16,-2.34,-13.66,44.61,13.73,100.7,71.51,9.32,6.89,4.34,1.12,35.36,Descend
39.14,9.28,11.51,21.09,21.12,20.67,4.22,25.49,10.97,13.92,1.42,56.68,83.71,14.43,2.68,-3.31,0.32,-4.33,Forward
37.64,47.13,27.76,16.16,9.07,39.41,4.43,4.99,-19.66,2.26,6.75,80.81,82.47,15.7,3.57,-2.21,-1.42,-3.03,Forward
40.19,37.8,32.29,29.08,15.25,35.1,3.69,-18.93,-11.31,67.01,1.07,59.26,49.5,12.96,4.89,2.86,-4.97,2.31,Forward
26.0,10.56,8.6,27.14,24.58,13.81,0.4,8.94,-25.32,41.86,12.55,77.58,91.37,9.73,6.1,-2.55,-3.14,39.49,Turn_Right
7.19,17.02,48.82,15.6,5.12,21.86,4.81,-2.07,22.85,-63.13,14.29,5.21,61.75,21.99,9.07,-2.35,4.47,29.89,Hover
33.62,40.52,24.51,27.22,29.33,22.24,4.74,25.88,-11.37,-14.32,4.47,42.67,83.61,20.05,8.14,1.77,-1.45,39.58,Hover
31.1,34.84,3.07,12.43,2.57,27.51,3.56,-20.34,-16.17,-32.17,8.03,79.22,29.21,24.96,3.91,0.11,-2.03,36.46,Hover
37.16,38.34,46.88,7.3,16.25,27.6,2.59,12.72,13.84,54.37,4.47,42.74,28.92,10.32,7.8,2.04,1.14,19.31,Forward
8.66,22.17,29.4,7.36,27.52,31.65,1.26,10.9,-18.03,39.43,5.68,93.31,77.89,0.97,8.41,-4.27,4.04,-7.2,Slow_Forward
9.91,35.88,35.02,20.04,28.4,1.29,3.78,29.01,-15.58,-5.04,7.15,115.35,68.2,16.28,5.46,0.04,-1.98,29.65,Slow_Forward
44.54,19.45,26.35,15.28,7.35,37.76,4.39,3.89,-23.78,58.26,11.86,5.45,70.87,19.59,3.31,1.73,-2.77,23.93,Forward
37.55,10.72,41.77,19.94,4.75,3.08,3.33,22.29,27.77,-16.19,2.2,102.78,31.29,23.42,9.46,-0.26,4.02,2.77,Descend
45.43,31.71,1.85,20.74,21.87,19.2,3.15,-28.52,-15.14,54.64,2.36,21.12,45.97,0.26,9.64,-3.72,2.74,40.84,Forward
37.98,48.81,13.57,1.16,1.74,36.81,0.97,-22.63,29.74,-84.23,3.03,110.16,33.25,21.99,2.63,-3.66,2.03,27.78,Ascend
29.94,15.67,23.59,2.09,14.81,19.66,1.8,-9.24,-19.43,-65.77,0.8,113.67,16.13,12.92,7.96,0.88,0.57,34.13,Slow_Forward
32.78,23.16,4.01,16.21,23.99,2.83,3.62,7.16,-28.76,46.08,9.65,68.73,28.35,9.37,0.9,-3.56,-0.74,32.69,Forward
44.48,33.77,35.35,6.14,17.03,9.4,0.09,-3.06,23.74,-69.41,2.85,58.0,99.56,5.55,0.52,-1.96,1.38,-3.02,Forward
29.02,27.17,19.8,19.16,6.05,23.27,3.21,-17.84,4.8,33.08,6.56,91.26,31.06,20.35,3.84,-0.59,-2.83,5.38,Hover
31.69,42.2,13.78,16.79,14.87,3.79,3.84,5.35,-8.92,40.24,10.28,110.24,24.34,9.09,4.89,0.93,3.17,31.88,Slow_Forward
7.99,38.13,0.37,17.78,27.68,17.12,1.68,4.0,0.8,29.2,6.73,28.66,72.72,15.11,5.69,-2.35,-0.84,22.1,Slow_Forward
23.8,3.1,36.05,9.42,18.71,13.37,0.39,1.47,-14.36,57.28,13.59,46.51,64.19,12.79,4.09,-0.95,2.55,-3.13,Forward
35.88,49.92,41.72,19.38,21.78,32.66,4.1,-24.57,8.09,2.09,11.54,50.69,77.14,6.58,1.72,-1.32,3.12,13.29,Forward
13.69,37.67,19.87,24.97,10.42,4.67,0.72,25.62,6.99,71.47,4.1,101.65,68.83,19.69,3.78,-4.03,-4.25,3.15,Descend
10.27,43.22,28.3,29.94,6.06,27.41,1.86,5.54,-25.19,12.51,1.96,17.29,30.07,7.45,8.31,3.04,1.75,31.1,Forward
15.83,32.63,11.54,25.23,8.04,16.44,3.54,-14.16,24.64,1.42,13.42,75.14,55.08,19.68,3.69,2.42,-1.97,-2.43,Forward
12.23,42.84,31.19,16.95,16.23,23.63,4.09,11.25,-2.37,1.69,5.95,42.76,25.9,10.24,6.13,2.84,-1.41,23.72,Forward
10.9,5.8,0.8,6.21,8.77,8.46,4.31,-10.93,-18.29,74.17,5.74,106.38,32.82,0.75,6.97,-3.53,2.33,-8.45,Slow_Forward
21.36,17.52,24.53,20.6,16.49,24.51,2.66,0.35,-11.56,-46.13,12.15,41.44,98.82,19.19,7.46,0.18,4.57,28.0,Turn_Left
45.41,43.85,32.28,28.16,21.38,27.06,2.38,-9.53,21.97,35.11,0.14,117.38,75.58,22.48,5.14,-1.7,3.04,-5.09,Descend
25.45,10.24,45.93,6.75,22.16,3.09,4.24,22.82,-7.01,-46.33,6.77,2.86,80.46,2.99,1.69,-1.52,-2.08,-2.93,Forward
9.56,4.1,19.19,8.05,5.36,33.03,2.82,29.64,3.72,-73.41,10.71,29.51,12.71,14.63,9.05,-4.34,2.08,16.37,Forward
4.03,39.45,38.31,4.9,22.64,34.49,2.9,-20.33,26.86,81.67,12.73,55.42,44.39,1.79,2.97,4.46,-1.72,-9.41,Forward
34.87,41.81,29.96,22.23,20.34,2.82,2.18,-28.59,9.1,-66.65,13.28,31.5,59.97,20.75,3.72,4.4,-0.6,43.79,Slow_Forward
19.26,8.3,46.37,12.49,0.85,24.25,1.87,-16.84,10.54,33.51,6.99,88.75,23.47,24.7,7.85,-0.92,-3.77,4.87,Ascend
41.13,42.75,20.04,2.35,2.24,23.88,2.41,5.4,-15.09,-13.58,12.72,97.93,86.37,12.37,7.75,3.54,3.34,-9.74,Forward
33.04,34.4,16.09,26.31,19.56,0.79,1.83,-19.56,10.1,60.68,0.54,84.0,22.56,7.83,9.02,-1.7,1.47,37.54,Forward
39.85,26.1,44.38,16.95,11.82,13.89,1.72,18.69,-6.37,49.18,4.58,116.48,67.29,21.14,0.82,0.59,3.63,-6.34,Descend
13.74,41.55,2.65,10.27,4.81,38.77,4.97,-5.48,24.66,-64.12,0.16,55.27,59.79,13.02,8.81,2.45,-2.76,38.09,Forward
34.68,21.08,6.99,10.65,1.81,22.35,1.69,6.63,-22.23,-5.79,2.48,117.59,86.44,11.23,8.03,0.23,-3.71,33.93,Ascend
13.35,9.86,4.3,9.06,5.2,37.35,1.29,-2.66,-12.86,-85.04,10.87,15.83,38.06,5.7,5.49,-3.36,3.15,-3.34,Forward
46.97,14.39,42.19,13.94,28.75,27.12,1.78,24.2,-26.04,-12.69,0.07,101.67,35.57,15.4,2.02,-1.21,3.79,-3.78,Descend
31.89,25.36,0.73,10.44,21.96,1.43,2.96,-27.89,-7.15,36.04,7.85,5.57,86.18,15.16,5.68,2.6,-3.28,30.83,Forward
16.36,26.66,43.11,16.66,16.07,3.39,4.56,13.76,-21.1,-48.21,6.21,64.3,29.93,6.57,2.34,2.81,1.42,33.19,Forward
13.62,40.32,22.67,23.32,28.28,28.97,3.94,9.13,20.71,55.81,1.84,58.65,77.14,5.29,9.67,-1.62,-3.35,10.67,Forward
9.71,39.61,0.4,20.4,18.76,22.32,4.21,8.97,25.5,-80.43,10.28,102.9,27.2,10.96,7.23,0.4,-4.85,38.2,Slow_Forward
34.79,29.15,20.2,9.19,21.91,5.35,4.3,-5.16,10.17,-83.78,10.4,84.39,88.81,11.27,6.16,-2.93,0.42,0.91,Forward
11.09,39.08,9.5,16.1,8.84,24.68,4.6,-29.06,-23.8,-85.06,10.9,53.49,85.52,3.21,8.23,-2.49,4.5,23.59,Forward
29.85,9.75,31.3,25.28,17.87,32.47,1.18,11.35,-9.5,-39.6,11.48,107.58,80.87,6.9,5.56,-3.55,0.9,12.85,Descend
13.38,2.69,34.03,2.51,4.73,30.19,2.3,19.77,27.87,-5.92,4.72,106.42,54.23,4.01,1.07,-0.62,-0.71,8.35,Descend
33.17,43.71,24.48,2.81,12.43,10.07,1.93,-24.89,-21.82,-70.66,14.91,3.94,13.05,22.54,2.96,2.2,-2.18,19.56,Hover
40.78,3.96,2.22,16.91,1.48,10.55,1.92,-3.5,3.39,89.41,1.09,104.65,21.92,1.86,9.83,3.79,-2.19,6.65,Ascend
38.95,12.49,32.88,19.35,6.89,38.72,3.26,-20.24,-8.82,89.92,9.72,63.66,51.09,21.97,8.58,0.45,-2.37,2.26,Hover
38.09,34.83,42.13,6.74,2.71,35.53,2.01,6.66,29.95,3.56,14.56,100.84,13.93,13.2,9.31,1.52,-2.91,19.73,Descend
9.55,20.59,36.07,22.48,11.94,12.94,3.09,17.14,-12.88,12.24,3.36,22.58,15.71,16.63,1.43,-2.33,-4.33,19.01,Forward
4.6,43.84,41.53,19.56,25.37,33.01,1.92,10.0,-27.13,76.83,4.17,18.98,21.3,23.08,2.86,-2.98,2.57,34.58,Ascend
35.01,15.04,10.19,27.74,11.65,6.72,1.56,-10.92,12.13,48.56,8.64,86.94,33.48,9.13,1.1,-1.04,-1.85,25.78,Forward
18.54,0.79,44.47,5.48,25.03,8.11,1.77,-21.62,-10.4,-59.77,11.72,33.77,77.44,17.57,8.31,0.59,-3.44,8.4,Forward
21.73,15.17,16.25,22.67,19.87,7.49,4.02,17.66,9.45,52.65,4.93,67.5,14.32,16.79,2.15,-4.66,1.04,27.82,Hover
1.75,28.99,0.87,2.97,15.53,3.78,3.01,-10.56,-23.72,-48.43,12.55,82.97,98.53,24.71,4.4,-4.08,4.34,-3.58,Turn_Left
13.13,18.92,42.2,17.18,7.49,34.23,4.87,-28.67,1.38,-12.56,3.62,73.64,34.64,1.15,3.06,1.31,1.88,-0.02,Forward
1.88,26.84,47.1,16.78,27.7,23.28,4.16,4.29,-7.49,5.85,13.12,84.18,38.82,11.39,9.34,-3.01,-3.08,22.25,Turn_Right
43.98,43.85,32.85,11.96,2.1,10.58,2.43,-15.2,2.21,39.06,3.79,74.82,32.31,24.74,6.28,-0.47,-0.86,20.63,Hover
12.32,45.64,11.73,25.41,20.82,33.99,1.22,20.47,21.21,-62.97,9.26,46.12,64.22,8.2,8.1,4.37,3.25,19.16,Forward
27.96,13.45,12.74,0.63,18.83,32.17,3.37,-21.4,28.36,-76.29,5.37,11.77,11.75,24.14,6.22,3.63,-4.49,24.88,Hover
2.14,23.21,23.44,15.85,13.51,4.31,3.64,-3.91,15.19,65.9,4.83,102.79,18.42,20.42,6.32,-4.36,-1.63,-1.52,Turn_Right
33.41,27.55,44.91,6.91,7.59,25.87,2.33,-14.81,16.01,58.82,5.31,101.67,18.89,8.48,4.14,-4.41,-1.12,34.07,Descend
16.29,47.47,7.65,22.43,13.21,28.96,1.16,11.38,1.74,4.19,7.49,1.68,69.81,0.73,2.77,-3.55,-0.47,38.15,Forward
44.92,49.93,41.33,1.77,26.25,28.72,2.79,2.91,-24.16,29.23,12.68,101.06,39.66,7.01,3.81,-3.84,0.59,18.66,Descend
44.43,11.92,14.71,25.03,25.18,29.01,1.28,17.46,10.02,39.47,11.39,18.97,49.37,3.09,3.3,-2.46,-0.06,27.67,Forward
16.4,36.4,40.47,25.22,28.27,7.03,4.7,-2.48,-21.13,-4.22,6.74,40.61,95.5,10.71,7.07,-1.28,-3.37,35.08,Forward
45.07,19.03,46.03,25.07,9.58,12.81,3.15,-29.71,-15.26,-43.7,4.23,50.19,28.0,23.49,4.51,-4.17,-0.83,25.77,Hover
49.81,0.6,21.49,5.0,11.92,33.81,1.47,-17.09,12.45,-3.35,12.81,81.88,16.32,12.82,5.73,-0.39,-1.31,13.9,Forward
41.31,0.66,18.38,19.1,1.05,35.97,1.09,29.95,9.42,81.14,13.05,12.0,49.73,11.19,7.82,0.3,4.29,27.58,Ascend
42.27,23.14,40.15,0.92,28.32,11.38,3.59,-5.68,-11.14,60.81,6.81,99.37,24.77,5.39,3.03,1.62,2.43,41.19,Forward
12.6,24.52,26.57,25.51,10.22,1.21,3.54,7.21,16.32,-6.2,10.44,113.19,23.02,15.54,4.52,-0.94,3.66,5.76,Descend
28.92,1.32,34.29,21.83,12.42,34.43,2.99,24.3,26.36,-49.4,5.54,114.37,46.91,11.38,5.44,-2.04,2.1,34.07,Descend
3.55,34.41,31.22,16.17,27.28,15.27,3.08,-28.77,2.72,70.13,2.24,11.93,70.27,19.32,1.01,1.43,-4.43,44.86,Ascend
4.93,14.84,7.81,22.05,16.03,13.38,3.02,9.58,10.66,24.88,4.82,110.41,31.86,12.9,1.95,4.11,-0.26,31.96,Ascend
49.94,28.08,42.27,3.28,17.2,14.08,1.81,-12.7,-13.69,-17.15,10.23,68.57,88.84,22.16,1.1,-1.04,2.78,7.09,Hover
16.47,15.19,9.95,16.1,5.7,16.8,4.69,-13.25,28.25,-69.9,11.54,87.5,42.62,19.58,7.65,-2.07,0.91,-3.28,Forward
37.46,8.52,46.63,9.09,15.21,15.32,2.4,-16.51,-13.58,45.32,12.77,111.74,94.06,3.63,3.35,2.18,2.59,19.95,Descend
40.37,20.48,12.68,29.19,27.59,22.79,0.11,19.36,23.24,-32.94,0.27,79.66,54.32,3.4,4.51,3.77,4.62,-3.6,Forward
42.93,11.77,36.75,25.78,16.98,3.43,1.75,-7.62,25.67,19.14,7.3,55.35,75.41,0.61,6.89,4.6,-2.53,15.39,Forward
49.88,26.83,14.38,22.13,8.03,38.87,0.66,-25.97,13.18,12.53,4.11,63.49,86.41,9.23,9.68,-2.8,4.83,8.52,Forward
12.23,10.1,16.03,28.05,1.42,37.48,1.82,-24.19,18.7,35.93,10.26,82.46,57.67,1.37,8.2,-1.97,-3.79,16.17,Ascend
2.21,25.52,15.64,10.73,10.42,37.4,3.05,-21.08,-2.53,6.77,3.68,113.42,86.53,11.25,1.05,4.06,4.2,7.32,Turn_Left
20.68,8.04,37.45,27.08,17.39,35.21,0.12,23.94,25.17,23.47,8.49,106.89,44.02,6.03,3.4,-2.3,-3.07,36.47,Descend
6.68,33.61,27.93,10.09,1.76,26.51,4.35,-4.35,14.56,-75.32,10.68,69.67,42.71,12.46,0.97,-1.54,2.19,14.04,Ascend
1.32,37.75,44.17,22.12,18.49,9.08,3.06,24.96,-10.4,29.75,11.55,26.11,81.47,3.96,1.09,1.39,2.83,-4.23,Turn_Right
18.15,5.7,15.51,22.22,15.94,2.26,1.48,19.05,-27.9,-55.05,4.04,42.26,31.71,13.73,1.71,0.68,3.11,25.52,Forward
39.23,23.5,34.66,1.04,23.61,4.24,1.56,20.27,2.45,-19.44,1.32,44.06,74.53,24.16,3.55,3.78,-0.62,32.81,Turn_Right
28.4,3.73,37.7,11.15,1.35,13.16,2.33,-12.79,20.44,2.26,3.28,35.41,16.94,15.93,2.7,1.12,-3.31,13.36,Ascend
15.78,29.99,7.74,1.07,23.53,20.3,1.25,-13.72,21.64,33.64,8.99,89.86,67.21,14.11,3.85,-0.11,2.96,23.31,Forward
32.79,13.37,20.15,29.91,15.87,39.73,0.03,3.6,20.11,43.64,0.61,100.48,94.77,19.7,8.31,-4.26,1.44,14.54,Descend
11.75,26.48,24.24,4.1,11.43,17.59,0.14,-4.92,-17.12,36.89,2.38,39.06,51.08,0.14,8.08,4.75,-2.42,1.05,Forward
0.92,25.97,17.91,16.51,28.98,21.13,1.8,0.54,-4.43,-72.88,14.93,101.69,47.44,7.06,3.83,-0.78,-1.07,22.84,Turn_Left
38.26,46.23,16.24,23.82,5.22,27.9,0.63,-26.81,6.83,-20.36,5.73,88.4,58.65,24.67,6.77,0.73,-2.02,28.57,Hover
31.26,27.54,34.38,6.44,16.47,7.48,0.12,28.3,10.05,-39.48,7.45,53.49,74.76,19.57,4.04,0.02,4.15,3.71,Forward
38.16,29.23,10.95,14.81,9.97,37.33,4.3,-26.51,-9.92,-18.28,0.17,84.14,42.3,2.26,4.17,2.38,3.04,29.03,Forward
2.14,20.2,35.53,18.42,16.06,21.3,1.38,-19.27,11.56,26.44,8.88,92.55,10.01,8.16,6.92,1.46,3.83,37.3,Turn_Right
41.89,47.46,46.77,5.23,16.79,11.27,2.52,10.69,5.45,-55.27,4.88,67.76,55.19,11.0,4.15,-1.57,-4.48,40.44,Forward
31.05,38.9,28.35,23.47,3.14,37.42,0.91,-20.67,4.01,0.38,7.95,53.73,47.74,23.36,5.72,0.2,1.61,-0.51,Hover
28.26,14.41,30.65,9.33,20.0,25.13,0.24,-23.59,9.78,69.28,7.89,13.1,57.94,14.65,1.59,3.26,-2.32,-0.8,Forward
31.31,42.24,3.63,6.73,19.22,19.5,3.73,-20.78,6.2,41.6,14.51,1.16,74.38,1.93,5.62,1.33,2.48,37.81,Forward
43.25,21.73,43.25,16.97,23.2,23.33,0.63,-26.28,-19.99,40.57,4.02,112.53,35.51,12.73,7.55,4.55,3.91,27.66,Descend
29.43,41.47,14.42,12.6,3.17,30.01,0.14,-14.92,22.46,62.77,8.56,32.83,55.47,7.23,8.94,2.54,2.66,-2.86,Forward
29.13,41.18,30.83,27.65,9.27,6.44,2.94,-13.73,-15.57,-18.14,5.72,79.9,32.8,8.47,1.9,-0.15,4.11,17.23,Forward
49.54,9.61,48.96,26.46,19.68,34.63,0.08,-0.08,14.67,46.71,6.33,113.26,51.34,2.86,4.4,3.07,-1.01,31.79,Descend
37.89,35.12,29.86,14.76,4.53,38.39,2.19,-3.68,-19.41,-79.43,0.83,98.38,41.01,11.47,5.12,-0.58,1.24,0.95,Forward
22.23,14.67,36.29,11.1,20.49,22.81,1.45,-1.58,9.66,-79.84,10.33,15.59,43.21,16.74,9.1,-2.87,-0.25,40.07,Forward
35.43,15.02,22.38,10.1,2.24,27.39,1.6,6.96,23.74,-30.28,2.93,96.43,62.14,18.99,2.95,1.3,3.3,37.63,Forward
19.58,14.96,3.21,8.39,10.38,34.44,0.03,-16.14,-29.42,-54.57,7.03,87.44,72.06,17.38,2.07,-1.46,0.63,22.65,Forward
11.6,36.33,39.92,16.56,25.48,15.18,4.82,-21.92,28.78,3.34,6.51,40.2,11.14,16.51,1.84,-4.75,2.1,32.78,Hover
29.92,11.65,1.94,24.25,23.34,39.72,2.59,22.73,-28.22,-57.02,7.02,83.06,88.9,21.73,1.97,-2.86,1.31,-1.82,Hover
46.42,0.25,35.09,9.67,19.52,27.32,2.87,8.04,-29.32,85.6,5.63,99.28,42.79,8.31,8.76,-3.33,3.62,3.65,Forward
46.47,35.82,1.34,6.11,26.18,17.13,3.33,-26.36,21.45,63.2,3.64,35.68,67.92,5.36,6.39,2.95,0.28,32.59,Forward
17.23,8.73,43.14,14.53,21.42,27.19,3.99,27.66,12.52,86.86,6.73,104.41,21.02,2.24,4.5,2.27,-3.91,14.44,Descend
26.48,5.4,8.05,2.54,15.82,21.01,3.04,11.58,-23.65,55.4,0.69,10.38,61.43,4.14,8.73,1.15,4.49,-0.04,Forward
10.74,12.03,25.81,21.19,29.4,4.73,3.81,-20.9,26.24,81.2,3.63,63.77,71.06,3.73,3.33,4.34,0.56,5.96,Forward
49.78,19.12,29.94,15.79,21.0,31.9,2.25,28.15,10.32,-23.74,11.77,28.75,24.17,22.81,9.31,-3.22,2.83,24.22,Hover
49.06,23.9,22.99,15.14,18.24,22.71,1.86,-8.08,-23.34,-0.38,12.64,87.63,92.09,4.51,7.71,-3.37,1.79,-7.74,Forward
32.55,2.42,17.17,9.36,12.56,31.9,4.12,29.07,21.63,-46.84,10.73,21.81,78.17,2.35,0.7,4.09,-0.68,-1.85,Forward
40.26,48.53,23.5,27.19,27.12,6.45,4.33,-23.8,-1.15,24.45,9.49,41.63,58.05,10.01,4.9,1.47,4.51,1.14,Forward
35.81,35.86,15.71,3.17,9.22,21.67,0.7,-20.4,-13.31,51.88,12.17,16.16,24.95,4.24,8.5,0.58,2.33,38.81,Forward
29.74,16.3,22.02,26.16,0.77,30.73,2.72,9.45,19.5,-0.23,1.92,97.62,87.9,3.26,4.26,2.4,-2.68,38.82,Ascend
2.86,16.07,18.07,11.61,6.3,39.54,3.42,-28.67,14.31,-36.65,7.88,16.74,16.18,9.06,9.88,-2.18,4.96,1.68,Turn_Right
22.85,22.54,28.4,26.48,3.73,35.41,0.43,-28.88,7.38,1.38,1.74,87.06,20.37,22.98,8.54,0.95,5.0,22.9,Hover
33.8,31.39,12.05,22.0,9.91,34.61,4.65,17.52,23.91,-78.68,11.67,85.16,72.84,0.76,7.65,-0.73,-2.1,9.81,Forward
33.94,7.49,49.44,3.57,24.86,10.12,2.61,-19.93,21.68,39.8,7.81,17.94,32.85,5.19,1.79,-1.93,4.85,-7.23,Forward
18.78,9.61,25.14,25.03,19.72,33.57,3.23,25.13,-16.39,-8.71,12.15,68.36,51.34,20.61,1.52,3.76,1.17,-1.56,Hover
47.1,43.0,9.87,20.62,5.48,7.02,0.9,-4.45,22.72,71.68,11.99,60.13,58.5,6.13,6.59,-3.39,-3.15,-9.71,Forward
8.53,12.96,23.96,1.45,23.77,8.16,1.33,22.42,-7.56,76.19,6.99,71.75,51.24,11.03,6.78,-4.82,4.78,44.13,Slow_Forward
25.12,19.13,43.35,4.44,15.37,4.67,0.61,-4.93,-4.09,-67.41,7.45,112.53,17.55,2.46,1.9,-1.41,-3.98,25.74,Descend
34.61,43.59,1.29,19.25,15.63,34.35,1.33,1.81,28.34,89.3,0.42,10.58,76.37,19.88,8.61,-3.02,1.37,-2.71,Forward
34.92,33.22,34.04,20.05,11.18,4.6,2.47,-11.01,15.59,84.57,7.85,98.64,31.6,18.41,8.8,3.11,3.37,30.35,Forward
32.5,17.22,27.49,22.53,26.01,5.78,4.17,9.48,-10.71,22.88,10.16,103.59,76.47,3.2,4.46,-3.73,3.29,23.68,Descend
13.91,34.25,8.64,21.75,9.89,10.06,2.67,-10.91,8.88,58.58,3.5,16.03,87.88,23.7,6.27,4.37,-4.94,1.39,Hover
7.98,1.18,40.91,19.96,3.28,23.03,1.23,-16.61,2.36,-86.68,14.8,79.08,58.27,14.77,5.35,-3.32,-0.75,17.12,Descend
31.87,36.84,18.57,23.1,9.43,35.24,0.23,-25.14,-23.0,84.67,14.62,84.55,73.57,19.95,0.84,3.89,-4.11,23.58,Forward
30.05,24.45,14.83,17.47,21.6,16.9,3.11,-26.54,23.27,-7.86,4.24,66.29,13.32,19.09,1.36,-3.32,-2.4,9.91,Hover
9.13,40.7,41.44,8.19,19.9,21.99,2.11,-11.64,19.31,73.75,10.69,60.85,13.31,12.98,7.91,-4.52,4.38,42.72,Hover
35.32,47.74,32.0,27.42,6.05,6.91,4.92,14.19,16.66,-20.68,0.45,38.82,27.74,18.69,5.14,-0.12,3.84,-4.79,Forward
22.87,46.3,44.93,1.04,3.8,10.86,3.9,-17.66,3.55,51.87,9.99,83.0,42.25,5.94,6.3,-1.44,1.59,-3.07,Forward
33.45,45.48,31.57,11.31,20.0,5.62,4.04,-12.05,-16.75,-14.77,9.36,34.98,26.45,0.53,6.32,0.98,3.98,37.11,Forward
41.9,25.71,37.09,22.0,20.45,16.57,0.07,24.31,23.03,-24.71,12.33,55.74,67.15,8.55,4.11,1.41,-1.84,3.77,Forward
8.65,18.14,41.86,13.1,11.3,23.74,3.89,8.35,-8.82,80.42,4.57,103.03,34.92,3.81,0.78,4.34,3.28,-2.84,Slow_Forward
1.15,23.36,2.93,1.23,25.36,11.58,0.98,25.18,-28.79,35.84,13.17,11.66,86.12,24.53,7.98,4.53,1.85,11.28,Turn_Left
39.0,34.56,38.85,2.45,29.36,33.89,2.93,24.67,28.91,61.21,12.87,63.88,60.45,23.09,4.95,-0.05,2.34,-0.74,Hover
30.56,44.22,30.76,19.63,6.57,39.26,2.24,-26.2,21.67,7.8,10.04,58.84,44.03,3.6,1.82,-2.91,-4.14,17.74,Forward
35.04,10.51,3.66,28.96,17.52,5.07,2.86,27.3,7.36,75.3,7.09,46.04,90.38,8.6,0.7,-2.53,-1.51,30.35,Forward
41.94,45.93,25.53,16.78,0.66,1.01,0.68,-26.93,-29.26,43.19,9.28,72.11,84.55,12.73,0.67,-4.0,-4.51,31.56,Ascend
40.18,40.8,4.31,15.45,21.54,31.65,2.29,25.54,-16.34,-77.01,10.95,2.86,83.8,9.97,0.82,-2.2,-3.49,6.67,Forward
48.05,48.95,36.85,9.89,12.72,7.87,0.19,2.8,-2.88,48.04,14.63,59.6,75.55,17.5,1.97,4.11,-2.29,27.96,Forward
26.89,44.04,27.42,8.07,6.2,14.32,0.21,1.99,7.69,-86.63,1.83,58.8,65.28,12.59,2.7,-1.35,0.86,43.1,Forward
24.53,14.14,47.69,1.12,22.69,15.95,3.29,12.8,12.49,59.23,4.7,62.42,43.01,14.13,2.85,1.3,2.6,-9.59,Forward
20.21,5.48,9.32,8.55,24.41,36.69,4.76,22.75,17.3,-30.26,11.71,26.28,48.03,16.94,6.51,4.81,-3.92,25.55,Forward
7.85,5.79,30.38,13.75,3.78,26.46,3.89,7.02,3.34,17.69,6.14,25.7,68.24,0.59,2.79,-3.93,-4.45,17.48,Ascend
28.72,14.7,10.74,6.34,1.71,1.91,2.35,-4.48,9.37,44.89,10.09,78.02,25.56,0.31,6.9,2.75,3.84,11.68,Descend
14.0,30.79,30.78,3.08,10.36,0.89,0.29,-23.29,18.67,24.65,2.0,12.03,84.5,4.45,8.32,2.0,-3.7,1.51,Forward
46.08,40.26,36.19,21.67,18.97,8.22,0.23,17.35,13.19,31.03,10.64,37.4,94.48,17.96,4.16,3.19,-0.52,-3.18,Forward
29.24,44.98,36.17,26.89,23.91,12.93,0.8,-22.3,27.29,70.68,10.11,99.87,18.82,6.01,7.32,-3.63,-3.87,40.65,Forward
29.72,31.26,40.79,28.13,16.61,19.54,4.88,13.58,22.48,-22.69,8.79,13.35,12.02,23.0,1.49,0.02,0.35,-8.33,Hover
17.88,0.48,42.71,18.73,17.63,33.56,2.0,1.68,-19.84,8.49,11.48,56.7,22.84,1.96,3.62,1.32,-3.94,15.84,Forward
2.79,9.48,4.05,2.06,24.1,12.8,4.22,-6.85,26.85,-58.51,13.2,80.57,78.39,14.5,6.99,2.6,2.62,1.27,Turn_Left
1.78,5.17,17.29,22.36,16.1,15.25,3.53,6.78,-17.75,-5.84,12.44,17.86,19.7,0.64,9.35,2.13,-4.14,-1.9,Turn_Right
21.28,18.29,34.42,3.75,18.53,13.37,3.03,16.34,29.48,-62.99,1.91,38.18,43.5,24.3,6.35,0.71,-0.7,9.39,Hover
4.41,25.17,25.03,20.26,15.73,0.66,4.74,26.47,12.08,24.05,11.17,67.49,15.68,5.34,3.96,-0.31,-0.79,7.39,Ascend
30.42,2.36,9.7,23.49,26.47,38.22,1.16,-14.12,7.65,-31.63,6.75,39.94,48.93,14.69,3.48,4.42,4.21,15.4,Forward
44.07,17.55,27.72,21.91,7.45,5.82,2.28,26.83,-10.54,64.62,5.01,14.08,64.35,23.83,4.22,-3.18,-0.7,17.12,Hover
44.17,9.12,20.49,28.58,8.29,11.72,4.32,27.66,-22.01,-28.16,13.19,28.66,66.57,0.76,6.7,-2.96,-4.29,17.74,Forward
33.02,32.42,19.62,22.28,4.27,5.43,2.76,18.82,-22.43,-38.37,8.39,14.02,56.7,12.82,3.61,-3.89,0.43,-2.74,Forward
10.72,23.32,40.53,20.95,24.67,19.77,1.24,22.89,21.99,-1.57,7.52,118.04,94.43,13.17,4.96,-3.87,2.25,-0.61,Descend
43.18,24.87,20.5,8.22,12.65,37.31,1.05,11.55,-4.05,-58.44,11.77,29.04,57.8,8.79,7.71,3.73,-1.63,7.83,Forward
44.33,21.5,1.52,27.78,10.76,4.3,3.77,-27.65,3.59,-53.31,8.3,64.14,87.33,16.36,2.76,1.07,1.09,-5.56,Forward
9.99,47.81,3.09,5.8,29.45,17.8,0.07,4.5,25.91,50.97,12.87,51.99,99.37,13.56,7.31,4.35,-3.78,35.83,Slow_Forward
36.92,10.89,42.84,27.19,27.84,1.19,4.57,14.83,-14.68,-0.5,1.54,68.77,30.68,6.23,7.73,3.87,-0.75,-4.63,Forward
14.47,25.93,48.04,9.72,29.17,30.9,0.1,26.5,15.84,-52.86,11.64,60.27,33.9,17.63,8.7,-1.99,-3.34,2.56,Forward
40.17,36.85,34.48,4.34,4.7,25.76,3.16,4.23,-1.77,-84.33,2.46,87.53,56.97,11.65,0.73,1.41,-2.26,25.05,Forward
49.86,27.93,18.35,24.89,26.79,28.08,3.03,17.65,-17.23,-6.03,3.38,104.89,26.41,11.76,1.58,-1.21,1.41,41.17,Descend
1.7,46.47,46.94,0.57,10.2,19.05,2.9,12.3,21.18,43.67,2.69,34.95,60.77,23.8,9.57,3.76,2.54,-2.59,Turn_Right
44.89,19.02,33.21,25.05,0.87,36.33,2.38,-13.15,10.8,-26.79,3.58,22.85,71.6,13.38,1.69,2.34,-1.88,14.15,Ascend
31.21,23.29,42.25,8.24,12.04,16.56,4.26,-20.72,-24.3,-45.37,10.98,118.14,15.44,19.62,5.13,-3.77,4.9,6.34,Descend
48.67,4.61,38.34,26.6,15.52,20.71,3.3,15.05,2.51,-18.65,9.83,104.06,71.33,21.68,2.09,-2.47,-2.15,16.4,Descend
23.36,30.53,19.08,20.9,3.69,27.9,3.91,-15.97,21.11,82.64,3.45,44.31,24.35,14.52,8.21,1.58,-3.5,14.1,Forward
42.4,14.55,24.04,20.15,16.36,20.97,0.59,-15.32,-25.98,-13.83,4.05,107.48,36.94,19.66,1.42,-2.54,3.67,21.77,Descend
3.31,8.18,9.47,11.28,24.67,7.82,0.26,8.64,-5.02,-43.27,1.49,80.8,76.49,7.74,1.31,0.34,1.5,-7.65,Ascend
16.9,27.32,14.74,2.25,11.64,12.89,0.15,17.34,18.31,12.46,6.22,53.05,24.72,4.55,5.29,-2.56,1.8,35.6,Forward
3.54,26.71,38.95,24.99,10.9,3.96,0.74,4.94,21.5,55.93,5.68,104.94,57.85,17.39,2.76,1.83,2.94,-8.18,Ascend
48.77,3.98,44.72,5.54,10.49,17.47,3.34,23.1,16.52,-85.98,2.19,81.36,63.03,23.15,6.78,-4.25,4.99,21.48,Hover
40.89,34.97,36.28,11.48,27.73,24.49,2.48,-17.31,-11.66,10.46,12.52,99.35,24.79,1.06,7.01,2.21,-2.16,34.78,Turn_Right
42.66,31.26,23.37,18.21,1.94,5.01,3.76,-14.86,0.42,60.54,12.79,50.71,34.73,19.08,6.07,-1.63,0.48,-3.66,Ascend
46.91,9.61,4.51,14.73,13.63,25.33,0.97,8.22,14.48,-51.19,1.64,96.05,64.58,0.71,8.43,-0.46,2.04,27.5,Forward
4.44,23.58,3.04,6.36,8.31,35.75,1.84,19.76,-20.84,75.9,4.0,44.66,51.51,11.47,7.12,-0.16,-3.54,1.57,Ascend
19.4,36.07,18.84,4.65,26.87,13.71,4.44,2.36,5.7,13.99,11.04,88.47,69.4,16.93,2.28,-3.06,-1.93,0.93,Forward
3.74,26.57,23.3,4.14,3.33,9.11,4.68,-29.38,13.22,3.01,13.05,52.83,86.92,10.13,1.24,4.42,-1.93,-7.55,Forward
10.7,19.9,30.53,25.96,12.64,35.75,4.61,10.62,21.0,83.46,1.08,49.22,22.15,7.52,7.6,-5.0,-1.73,10.26,Forward
11.62,16.25,0.52,1.43,12.5,27.77,4.09,18.81,-23.3,-66.66,13.54,95.8,16.36,4.67,7.53,-1.27,2.18,39.1,Forward
23.56,30.6,49.49,29.32,26.71,4.48,3.44,-13.41,-10.22,43.23,0.92,15.88,70.01,24.45,8.58,-3.71,0.93,28.74,Hover
13.57,46.97,18.32,6.36,6.86,16.5,4.57,-26.75,2.5,57.34,9.51,111.46,79.36,14.26,2.42,-1.4,2.16,21.28,Descend
5.23,33.65,42.44,3.75,19.52,27.06,3.57,1.08,12.06,-2.06,0.33,61.53,50.44,3.2,2.62,-3.96,0.12,35.02,Slow_Forward
8.54,3.92,26.84,17.52,4.46,23.1,4.77,-27.47,13.8,-88.83,13.92,76.69,45.45,1.2,5.98,-1.21,4.55,35.96,Slow_Forward
7.53,23.14,6.7,2.86,28.64,24.86,0.13,-5.04,-14.8,4.38,5.31,49.23,63.71,6.08,1.98,-3.06,0.21,22.65,Slow_Forward
48.66,44.56,39.92,18.27,17.99,22.82,4.61,-28.93,-29.17,-62.37,9.73,77.86,59.63,13.47,3.32,0.54,1.04,7.07,Forward
38.01,4.9,35.55,25.59,18.97,31.98,2.78,-16.5,11.63,11.26,2.77,85.47,54.12,18.8,8.22,-4.88,-2.02,38.43,Forward
48.39,49.45,26.47,1.91,13.3,13.02,0.57,-6.67,24.55,42.95,4.82,104.35,83.68,24.52,3.68,0.06,-4.41,9.24,Descend
22.1,47.46,25.82,24.1,10.6,28.43,1.08,-23.3,17.85,5.59,11.21,102.67,25.62,20.85,0.61,-2.17,3.16,-0.48,Descend
14.06,4.1,4.56,12.14,6.77,39.65,4.26,-23.15,7.35,23.54,14.59,43.58,71.31,15.3,6.68,-1.79,3.56,20.76,Forward
39.96,46.68,32.86,5.2,18.32,15.78,2.54,19.62,28.65,-71.29,14.88,74.29,76.72,16.66,2.22,-1.45,3.51,-5.36,Forward
16.45,18.28,45.58,5.69,28.66,31.7,4.91,-27.51,-4.01,-72.53,12.15,93.89,91.12,13.05,2.36,1.53,3.02,1.61,Forward
15.11,42.27,4.84,27.6,11.11,10.07,0.6,11.34,1.5,63.17,12.71,92.02,95.06,10.86,0.66,2.58,-2.31,36.61,Forward
11.78,21.04,13.32,3.76,26.55,11.49,2.07,18.87,-29.26,-81.12,14.54,107.02,55.71,19.62,5.99,-1.7,0.75,12.95,Descend
6.66,22.15,45.13,26.07,4.89,37.41,1.67,-22.16,26.76,-38.83,0.6,100.0,49.03,4.43,5.84,4.25,3.15,16.87,Slow_Forward
12.97,31.79,14.36,16.56,28.12,1.33,2.59,-18.28,5.0,78.79,2.55,86.42,55.35,8.35,1.42,2.46,1.25,19.63,Forward
17.89,38.77,32.77,1.65,10.84,8.93,3.17,8.49,-6.55,-7.4,0.79,90.11,75.93,24.47,0.98,-0.96,4.59,17.11,Hover
33.76,1.88,26.83,14.2,11.7,19.47,3.31,-11.06,-27.33,31.42,7.52,97.09,11.55,14.29,5.16,-4.02,1.78,1.99,Forward
3.32,29.74,29.9,24.61,14.15,16.25,0.02,-1.41,-8.25,-50.1,14.38,100.71,25.67,12.46,7.92,0.6,0.61,40.38,Ascend
10.68,9.5,20.91,21.92,21.69,25.28,0.45,20.16,-29.78,-41.31,8.74,42.97,91.69,21.27,9.56,1.14,4.95,27.35,Hover
40.49,17.43,15.14,14.92,21.73,7.95,0.18,-21.72,-10.54,1.62,8.33,94.04,27.59,19.05,1.21,-3.64,0.35,25.81,Forward
7.52,17.53,2.62,25.87,14.65,3.1,4.32,7.18,27.09,24.86,12.4,113.96,30.56,8.15,7.23,3.52,4.67,36.02,Slow_Forward
17.26,23.56,37.27,4.05,15.93,14.96,1.57,26.54,-20.74,82.88,13.93,28.72,94.55,15.65,2.32,-1.19,-4.88,27.21,Forward
43.26,16.84,37.36,27.34,1.39,21.12,1.84,-26.55,2.72,13.4,10.48,6.74,36.49,4.63,0.82,-3.48,0.5,-3.34,Slow_Forward
7.92,5.55,33.6,25.47,9.48,22.61,2.26,-26.4,-18.8,-72.73,13.43,9.62,36.14,1.32,3.68,0.21,-2.11,8.67,Slow_Forward
4.32,7.45,32.25,21.39,10.71,24.18,4.25,3.28,17.0,-23.95,2.63,26.79,93.13,24.75,5.95,-0.78,-1.04,10.55,Ascend
24.33,1.87,12.34,24.63,16.98,22.08,0.08,27.6,3.74,-46.05,7.55,110.46,43.76,18.43,6.21,1.42,-4.12,26.97,Descend
15.26,23.62,1.31,16.54,16.97,10.06,0.6,-16.77,-17.87,-44.21,5.47,16.09,54.45,23.27,0.97,-3.27,-2.36,28.78,Hover
28.26,47.73,40.47,20.42,21.44,30.65,3.43,-10.15,21.97,0.97,4.99,89.96,60.44,20.8,9.31,-4.79,0.7,20.6,Hover
40.23,5.96,24.66,17.04,21.65,3.78,4.82,-24.08,17.04,-33.0,3.21,104.18,88.15,10.7,1.02,-0.24,2.21,11.99,Descend
7.03,47.32,15.48,10.99,7.44,8.17,3.22,-8.27,27.08,-37.92,13.41,105.43,16.98,21.54,2.56,-3.43,4.1,38.19,Forward
29.12,36.72,5.28,17.28,23.22,29.65,1.31,-27.34,-29.96,84.24,6.76,50.59,33.48,19.67,4.61,-3.44,-2.68,20.52,Forward
25.37,31.95,3.32,8.1,1.08,11.41,2.6,-6.65,-2.57,15.11,7.95,59.94,62.83,6.46,9.48,1.78,2.95,35.31,Ascend
7.38,32.33,17.57,13.49,21.63,19.89,4.88,3.33,29.99,-42.88,4.14,39.47,49.12,15.58,9.92,-2.41,-4.75,40.99,Slow_Forward
31.28,41.37,40.28,8.78,3.51,13.29,2.65,28.5,18.67,-40.34,14.44,18.53,35.05,7.63,0.5,3.4,3.94,13.26,Forward
13.83,5.52,45.95,4.13,22.02,20.43,1.87,19.1,19.88,55.99,9.17,26.25,46.87,5.85,2.63,0.15,0.95,5.99,Forward
24.49,25.34,44.86,9.99,16.05,14.06,1.92,19.32,7.27,69.57,0.01,17.04,96.96,2.04,5.26,1.08,3.46,10.46,Slow_Forward
4.3,34.92,46.02,25.63,13.4,39.77,4.84,-16.31,12.77,32.23,4.02,49.5,11.89,13.58,7.1,-1.79,-2.45,-5.45,Ascend
23.09,29.42,45.4,11.74,20.87,14.49,3.6,-24.77,18.32,-12.34,14.99,21.27,23.23,9.81,6.74,-2.76,-1.27,9.27,Forward
15.46,41.67,26.46,22.57,1.57,25.19,3.44,6.18,-24.46,47.62,14.62,49.0,11.68,2.2,2.89,-3.41,-4.03,17.85,Ascend
41.15,3.8,11.13,5.67,7.09,35.57,1.17,1.27,11.55,78.73,8.17,102.29,63.41,17.96,2.38,2.07,-4.21,1.32,Descend
3.04,34.6,39.94,13.02,18.68,25.63,2.8,0.99,18.92,-60.08,8.46,78.89,11.16,18.08,0.64,1.89,3.26,-0.21,Ascend
21.05,26.79,10.84,3.89,25.49,22.76,1.79,-23.46,-27.55,65.11,13.52,79.87,50.86,5.88,8.51,-0.07,-2.03,7.43,Forward
23.03,19.08,13.51,4.59,11.74,22.9,1.21,-0.37,-12.18,62.79,10.63,97.61,87.33,23.9,4.1,2.81,-1.47,-4.46,Slow_Forward
36.31,17.15,11.82,18.71,8.13,20.01,4.48,-20.98,-10.56,-24.03,13.98,5.9,18.75,19.45,8.71,3.03,0.31,17.12,Forward
28.8,31.12,25.85,18.42,15.8,32.36,1.92,-4.67,21.27,-37.48,7.19,95.55,42.87,20.13,3.58,-0.58,1.71,24.95,Forward
33.43,44.57,16.23,6.79,18.86,2.3,1.42,-26.27,16.82,11.76,14.64,24.37,44.02,0.09,7.68,1.51,-4.53,22.36,Forward
38.9,24.91,7.88,14.5,12.89,35.44,4.66,21.41,9.39,-40.99,8.09,42.17,42.6,24.46,1.16,4.12,0.74,5.41,Hover
43.14,41.27,22.77,25.97,26.36,23.58,0.99,-29.21,18.28,-63.83,9.67,37.66,75.47,24.76,8.21,-4.19,1.1,37.34,Hover
15.83,20.23,43.72,5.64,15.94,34.0,3.73,26.36,-2.79,81.55,1.24,13.57,10.4,12.68,8.96,-4.88,3.5,-3.97,Ascend
26.99,5.3,28.61,1.07,1.56,0.71,3.27,21.77,22.49,-1.55,9.17,21.67,80.2,24.63,3.02,-0.27,-3.45,-9.91,Ascend
42.04,3.26,43.94,19.73,7.08,34.81,4.6,15.16,-15.95,-4.99,11.52,114.81,85.51,15.3,1.85,-1.68,-0.5,-2.6,Descend
49.47,2.76,9.95,2.08,13.79,5.07,4.16,28.95,12.27,-67.3,6.59,72.43,48.83,3.35,2.36,-4.13,-0.26,29.82,Forward
44.5,19.13,8.52,29.41,21.08,28.93,3.53,-26.77,-15.49,0.75,7.54,57.4,89.84,20.36,8.74,-3.5,3.48,33.38,Hover
18.7,16.99,28.86,18.48,6.98,16.84,1.58,8.5,-27.61,43.71,5.9,91.18,44.29,13.95,3.22,-2.43,-1.38,32.15,Forward
9.92,35.95,23.27,14.38,29.3,27.34,2.48,20.96,-12.95,-45.35,14.54,97.83,72.53,8.56,2.7,-4.01,-4.19,7.84,Slow_Forward
24.57,37.19,33.08,13.18,9.9,25.24,4.72,-22.4,-0.43,-23.6,7.15,14.12,44.99,5.9,9.8,-1.81,1.01,38.12,Forward
37.13,2.73,39.77,17.41,16.21,6.79,0.13,5.09,20.61,-57.8,1.89,89.17,13.41,12.97,6.87,-3.67,1.62,38.92,Forward
24.73,11.21,37.62,3.17,1.06,20.73,3.97,-6.36,0.53,-26.09,0.43,111.96,17.51,17.29,8.41,1.25,0.82,35.11,Ascend
24.26,13.86,47.12,27.94,26.6,11.31,1.27,-3.85,-19.25,65.03,11.59,70.67,49.78,21.93,7.6,1.97,-0.1,30.54,Hover
41.94,27.47,20.03,18.96,23.77,22.55,0.93,24.75,29.57,-47.33,8.22,74.08,99.11,14.97,4.05,2.75,-2.87,36.26,Forward
18.2,7.4,10.48,5.93,6.27,29.6,1.17,2.32,-13.8,-84.68,0.04,104.58,25.98,10.38,8.7,3.7,0.39,26.21,Descend
43.02,6.87,27.64,17.1,28.03,3.53,0.31,-24.4,29.12,6.52,5.74,81.86,90.6,15.8,6.09,-4.97,-4.64,43.03,Forward
20.46,47.2,5.72,4.43,9.82,20.78,4.96,26.23,26.18,14.31,13.71,119.44,92.75,12.42,6.75,-3.24,0.67,24.65,Descend
16.55,40.25,14.58,1.02,20.92,24.82,4.35,-18.89,2.55,-30.8,14.22,34.64,46.87,16.3,3.6,3.15,-0.11,-0.92,Forward
22.81,9.2,10.55,19.1,24.66,12.03,2.61,23.56,-24.48,25.48,0.8,101.61,51.56,15.22,9.82,-4.7,4.53,0.04,Descend
38.17,20.45,19.95,19.63,22.36,38.13,3.58,28.26,11.72,-83.18,1.85,73.88,55.25,24.47,8.62,1.65,-1.8,13.69,Hover
6.47,17.91,5.74,17.72,27.57,20.96,2.79,22.67,20.74,-28.7,0.07,44.52,79.34,15.56,1.91,-3.19,-4.78,29.57,Slow_Forward
9.98,39.59,1.79,5.91,26.0,7.55,4.06,10.63,-3.28,-63.98,13.03,106.08,21.14,17.28,2.44,0.06,2.6,-2.28,Slow_Forward
47.58,25.61,32.91,18.3,29.84,4.58,4.23,14.61,-15.66,-48.63,1.06,119.55,39.58,22.31,7.61,4.62,-3.32,0.71,Descend
8.94,6.57,30.59,2.17,5.89,21.8,1.17,11.99,18.17,-21.14,1.62,7.88,25.36,22.83,0.74,1.49,0.44,-5.76,Hover
28.47,37.0,35.48,18.47,9.49,15.2,2.3,-2.37,2.7,-1.19,3.41,111.14,89.06,3.52,3.69,-1.32,-2.85,-0.79,Descend
29.05,19.97,33.09,16.84,19.27,7.94,3.18,-13.53,-18.14,-73.22,13.76,25.17,16.35,11.35,5.56,1.89,0.39,2.11,Forward
24.58,13.29,5.89,19.83,22.12,1.52,4.89,-12.9,26.97,-71.76,10.32,25.42,77.29,23.57,2.45,-4.94,0.81,20.72,Hover
32.31,18.9,14.7,26.92,16.27,22.79,3.42,13.87,26.89,31.33,9.25,5.97,49.58,23.99,8.79,4.5,1.62,11.36,Hover
11.65,24.99,6.65,25.59,2.68,24.06,4.49,7.56,-7.98,-17.26,11.77,110.74,74.31,4.75,8.95,-1.56,-1.27,-4.84,Descend
27.72,17.29,42.18,29.43,25.33,5.93,4.23,5.09,-26.16,-58.23,10.4,91.37,90.09,11.09,9.59,4.8,-4.39,-1.29,Forward
18.73,12.25,37.4,29.3,28.85,24.19,2.91,9.16,7.85,-47.71,11.19,7.36,40.57,6.97,1.89,1.76,0.97,18.59,Forward
33.15,20.05,10.24,23.28,12.46,38.09,4.47,16.49,-10.97,39.61,1.1,76.39,30.43,19.77,1.25,-2.13,3.65,-2.75,Forward
7.23,1.15,17.2,28.71,7.13,39.14,1.89,14.9,-26.02,-80.68,8.85,15.3,68.52,21.3,5.78,1.15,0.25,30.09,Hover
28.63,38.67,48.34,26.08,1.07,35.57,1.9,-23.68,23.51,1.57,11.3,90.42,99.78,11.73,8.03,-1.2,-2.5,-4.76,Ascend
9.43,8.71,29.79,21.96,7.5,32.34,3.91,-8.22,29.89,-25.14,8.48,49.68,75.66,16.89,3.27,1.43,-0.87,0.46,Slow_Forward
14.08,2.39,40.1,2.72,21.15,8.61,0.68,-14.16,-8.98,56.01,0.18,7.16,81.61,21.75,2.79,2.91,0.4,38.18,Hover
11.09,32.75,13.38,1.95,27.39,6.51,1.54,2.29,14.68,52.22,3.17,99.7,66.69,17.74,5.42,-0.29,-4.12,19.35,Forward
9.31,38.74,10.66,25.21,3.26,17.96,3.05,-26.32,-26.05,34.06,14.44,69.12,43.14,3.91,5.08,-2.78,0.68,44.4,Slow_Forward
41.32,40.73,39.24,14.94,16.82,24.9,2.11,15.75,-7.82,-20.74,10.57,92.97,68.92,17.8,5.06,4.81,-3.91,-1.61,Forward
14.43,24.78,34.36,24.53,21.02,34.07,4.7,-23.61,-23.47,23.62,10.33,81.27,21.57,3.97,4.35,-0.87,-3.22,-5.74,Forward
46.37,10.43,34.11,9.73,8.65,9.51,4.79,-13.72,-26.68,25.17,9.9,52.69,53.99,16.34,7.41,-3.24,-1.07,-5.83,Forward
48.5,36.91,27.72,12.23,17.31,19.34,2.52,16.96,5.33,-30.2,1.92,84.14,61.58,8.34,6.34,2.39,2.99,41.44,Forward
28.65,35.05,28.27,21.16,21.6,26.0,2.7,-26.91,18.12,68.4,0.06,2.76,91.61,1.41,5.13,1.55,3.24,25.38,Forward
7.32,12.46,36.84,27.5,25.21,17.99,3.63,9.61,-2.82,87.27,6.61,41.43,92.77,5.66,7.35,3.17,-2.17,8.54,Slow_Forward
18.85,45.19,13.65,3.09,13.85,18.33,2.29,25.47,1.45,-33.4,6.66,93.56,15.41,11.71,2.99,-4.98,0.38,11.12,Forward
39.93,5.4,17.77,25.91,22.56,9.24,0.96,7.06,-13.76,54.22,12.18,91.8,66.87,24.85,8.97,-1.53,-4.06,28.51,Forward
18.5,49.14,43.61,23.89,9.4,39.47,3.74,12.76,14.18,0.16,2.72,106.6,81.68,6.39,4.15,-1.85,4.98,23.92,Descend
4.53,43.04,15.58,9.81,6.78,19.17,3.69,17.54,-8.34,-6.54,4.13,73.71,58.28,24.47,3.61,4.24,1.54,9.57,Ascend
27.93,34.46,27.41,10.98,6.03,21.45,1.23,-16.67,-25.95,-20.42,1.17,113.12,18.61,9.11,5.65,-1.5,-2.76,27.95,Descend
42.29,46.95,35.19,1.87,11.09,8.98,4.17,4.86,-20.07,-37.44,6.0,67.37,30.95,24.0,3.07,0.27,4.0,8.84,Hover
39.84,36.17,50.0,0.96,1.56,20.71,3.07,-11.46,-22.29,75.51,3.84,60.55,38.23,23.9,3.05,-4.96,-1.5,14.88,Ascend
8.92,9.68,21.88,14.57,8.85,10.44,1.19,-15.03,-3.85,43.35,3.94,24.47,69.65,3.57,1.24,3.08,-2.25,36.79,Slow_Forward
33.7,22.22,21.52,3.32,19.74,8.33,3.26,-18.45,-26.09,-10.67,3.81,93.68,15.9,20.72,6.69,-3.86,-2.03,-3.5,Hover
11.18,3.76,42.16,6.22,19.61,11.25,1.18,5.13,18.39,45.28,3.47,83.35,59.47,12.93,9.17,3.82,-0.14,13.78,Forward
11.07,19.6,40.31,25.48,2.67,0.41,1.33,17.67,24.48,39.35,4.8,55.83,19.8,17.16,7.01,2.35,-4.67,-4.95,Slow_Forward
43.73,37.13,36.61,17.35,8.98,22.93,4.24,22.55,-15.1,-41.88,8.05,11.37,45.56,19.4,5.89,0.56,1.51,-7.87,Forward
12.63,19.44,23.27,19.19,17.3,15.68,4.65,-4.28,-0.87,-58.3,6.57,15.96,48.3,3.11,7.26,2.49,4.48,43.13,Forward
13.31,16.65,16.33,6.03,9.9,35.98,1.29,-7.63,1.14,60.53,0.95,14.62,50.67,19.97,9.68,2.93,3.16,20.94,Turn_Left
0.23,29.85,30.51,24.95,12.83,1.92,4.64,11.24,29.1,56.05,6.39,45.7,73.98,7.57,3.7,2.52,3.11,43.74,Turn_Right
43.56,43.64,43.84,26.11,21.53,2.02,1.2,16.82,-26.06,89.44,12.69,19.92,17.31,18.31,4.59,1.61,2.74,37.24,Forward
39.67,2.57,44.21,15.94,0.77,35.47,0.6,-14.8,10.07,-86.51,1.51,103.44,34.14,14.34,3.22,3.81,-1.43,44.19,Ascend
31.44,19.4,5.6,27.42,8.65,5.33,0.3,-12.16,-9.25,7.27,14.17,108.02,67.7,17.12,0.66,-0.77,-3.1,41.4,Descend
37.56,8.08,21.53,25.42,4.7,0.39,1.22,2.0,0.11,36.24,4.63,102.96,94.92,15.57,3.8,0.66,-1.86,38.36,Descend
7.77,34.83,23.34,22.07,4.26,7.4,1.93,-3.34,-16.98,14.86,0.22,73.45,65.87,20.26,1.18,4.69,-3.27,29.83,Hover
23.02,5.47,48.89,22.16,28.79,33.01,4.64,12.35,-20.39,37.88,3.8,71.97,89.5,22.36,8.65,-1.28,3.51,30.41,Hover
17.69,33.31,33.96,3.61,11.61,32.17,1.22,0.27,-15.39,-65.29,1.04,107.02,97.16,11.23,7.3,2.51,-0.79,41.85,Descend
4.87,14.45,20.48,8.49,16.05,13.8,1.83,-23.3,-25.72,-89.73,8.5,49.35,89.55,9.8,3.39,-1.08,3.12,43.74,Descend
24.41,10.11,1.5,2.47,22.15,26.82,3.67,-20.04,-13.31,-73.25,4.74,8.42,97.5,6.05,3.62,-0.3,-2.1,41.92,Forward
46.05,46.83,28.36,0.76,1.9,20.44,1.52,24.11,11.42,-21.59,12.1,56.98,79.93,20.35,5.91,-1.64,-3.56,16.58,Ascend
2.19,1.12,4.98,5.17,7.61,36.22,3.42,-16.36,9.09,-30.79,10.99,66.89,89.84,24.18,8.08,-3.47,3.71,38.23,Turn_Right
14.71,22.0,41.76,26.47,25.05,2.54,2.17,-26.99,3.27,67.32,7.03,66.38,54.23,4.88,7.33,4.72,2.99,18.06,Forward
10.54,1.28,37.68,7.58,25.93,32.58,0.99,13.89,-29.98,-74.97,8.41,19.92,41.09,11.45,0.77,-0.53,0.56,21.03,Forward
12.06,24.28,23.13,29.12,11.5,7.07,3.67,11.04,-22.45,-10.31,9.13,94.23,99.97,19.26,7.96,-2.21,-3.77,35.32,Forward
45.44,25.15,21.57,18.12,11.56,15.85,0.14,6.0,20.57,82.41,4.06,88.1,18.8,15.9,8.87,1.46,-1.64,35.66,Forward
23.51,16.22,44.89,7.5,22.83,7.92,1.47,0.14,-13.7,0.52,2.09,28.35,96.24,20.38,1.35,-3.89,-4.42,35.31,Hover
23.42,6.78,14.57,15.17,9.2,28.19,1.79,28.17,24.73,-66.17,5.65,66.6,48.78,0.4,7.82,0.43,3.98,35.56,Forward
38.08,18.94,12.6,6.96,3.95,27.23,2.3,-22.81,22.47,-37.57,1.42,95.05,12.01,22.78,2.89,0.74,-2.6,13.48,Hover
7.89,33.68,46.97,29.53,8.1,22.05,3.4,0.61,-20.7,22.82,4.72,1.91,82.27,1.53,2.15,-3.04,0.23,19.18,Slow_Forward
24.47,39.16,40.5,25.49,11.93,28.02,2.3,3.84,23.89,-87.84,8.29,33.74,49.98,11.14,5.67,4.6,4.42,3.9,Forward
21.61,26.63,41.07,1.27,2.04,25.69,2.98,-28.65,7.67,84.26,8.1,57.17,81.88,6.89,5.75,0.95,1.23,15.49,Forward
29.93,29.57,9.92,28.46,14.62,31.12,2.98,-5.28,7.82,12.06,1.81,101.56,14.03,23.2,4.97,-2.77,1.23,42.84,Descend
49.98,10.19,7.34,21.77,22.33,9.8,1.87,16.97,21.16,36.75,0.13,96.08,97.67,6.88,9.07,3.33,3.33,34.91,Forward
38.52,14.51,1.5,2.93,15.66,17.33,4.67,-1.73,-5.7,-0.19,1.33,18.97,70.39,9.33,2.8,-1.93,1.93,9.95,Forward
20.01,8.26,12.0,20.28,2.62,6.32,4.78,22.52,14.12,82.43,0.54,56.07,14.32,22.21,6.22,2.3,-0.14,24.81,Hover
41.41,12.61,38.75,19.58,13.48,17.35,2.91,8.69,10.07,16.06,6.01,37.25,10.42,13.44,4.39,1.28,-3.78,3.94,Forward
8.7,11.4,12.15,6.95,21.41,28.16,0.37,15.97,16.29,29.16,5.85,48.77,63.46,22.46,8.8,-3.4,-0.03,1.39,Hover
1.72,26.07,36.51,22.87,2.21,27.75,2.46,18.27,9.61,64.95,3.62,65.33,97.88,16.52,1.76,-4.06,-3.18,12.97,Turn_Right
10.38,28.22,12.75,3.07,2.27,28.46,0.93,11.37,-25.2,65.08,3.23,60.42,57.16,1.98,1.29,1.08,-0.08,-0.55,Forward
17.15,47.26,19.89,14.94,11.43,12.56,2.42,14.96,-12.44,-84.93,5.95,17.85,41.85,10.87,9.93,1.68,-4.78,20.51,Turn_Left
25.63,9.94,49.16,0.79,6.25,26.59,0.95,11.72,26.4,-39.01,1.3,15.48,94.5,4.41,5.98,-3.69,-1.48,13.36,Forward
30.83,32.16,12.39,29.08,28.08,14.89,3.52,3.03,-16.59,-45.66,3.21,16.5,98.56,1.63,9.16,-3.27,-4.45,-2.4,Forward
45.55,40.9,18.94,22.67,17.65,37.8,0.41,3.99,-1.66,-88.8,6.09,101.11,80.6,9.35,4.38,-4.5,-3.54,28.53,Descend
25.59,28.1,15.19,5.19,8.98,13.93,4.77,-18.61,-8.58,67.82,1.42,3.37,74.61,22.71,6.24,-3.66,1.95,29.66,Hover
25.16,12.9,5.66,10.58,21.29,24.24,0.98,19.65,-24.82,-32.91,12.61,25.09,10.19,2.94,7.09,0.88,4.76,38.97,Forward
2.7,13.28,24.6,5.24,11.56,30.08,3.31,-11.27,-19.13,-27.55,10.14,114.75,38.23,0.17,9.87,-2.99,0.65,29.17,Turn_Right
1.94,2.15,19.06,23.12,4.4,36.28,4.59,2.14,-12.8,-72.07,5.75,8.86,93.27,23.38,1.57,-2.11,-3.31,1.95,Turn_Right
27.65,15.41,34.81,2.24,7.5,17.69,1.25,-15.03,-2.2,88.15,2.26,5.32,43.13,13.25,1.69,0.55,-1.24,26.47,Forward
22.02,37.28,40.92,25.29,19.46,14.61,4.67,11.75,22.47,58.73,2.91,47.09,40.11,13.96,5.47,-0.86,-2.66,43.7,Forward
41.99,2.57,27.3,28.29,2.03,17.37,1.95,28.51,0.94,12.94,1.8,18.99,58.35,23.21,1.03,3.45,-4.52,36.88,Hover
8.2,11.12,1.8,20.46,8.54,13.15,4.8,18.12,9.11,48.95,2.4,68.33,50.3,17.5,7.41,0.71,4.13,13.86,Slow_Forward
1.44,35.37,31.02,6.78,6.65,26.26,4.86,7.15,-4.44,49.88,6.34,41.29,87.29,20.67,9.91,-3.68,0.42,28.28,Turn_Left
22.56,39.18,2.96,11.12,6.43,37.33,0.95,4.05,22.2,28.21,3.68,25.87,17.35,19.26,8.21,-1.16,-3.51,-9.11,Forward
12.03,22.87,30.89,14.58,20.64,5.31,4.16,-0.61,9.76,-58.68,13.27,119.83,69.29,15.3,3.03,-2.41,2.46,2.04,Descend
2.67,34.96,34.31,18.34,24.86,22.57,0.98,-17.7,-24.56,39.66,14.41,41.59,72.75,17.21,8.1,-2.41,-3.29,11.95,Turn_Left
36.28,19.52,10.05,20.23,21.62,35.94,1.14,-9.12,-1.35,12.53,10.37,77.28,89.21,14.02,6.46,-2.44,-2.93,12.59,Forward
5.76,8.16,41.0,16.85,19.55,4.27,0.43,-5.62,19.63,40.33,12.13,105.02,47.42,8.88,1.63,-0.82,1.02,38.31,Slow_Forward
30.49,20.03,45.57,10.86,27.54,19.91,0.79,26.67,14.02,7.82,3.83,110.76,36.55,7.13,5.88,-3.68,-0.74,44.4,Turn_Left
14.2,29.08,40.69,26.78,2.22,34.65,3.16,-4.47,24.32,82.14,9.98,49.81,66.39,4.4,9.02,-2.48,3.95,15.01,Forward
8.84,47.41,15.39,2.9,5.44,36.05,2.25,5.17,-16.34,22.86,0.87,117.16,75.24,8.85,3.25,2.01,0.97,11.46,Slow_Forward
19.11,3.62,29.41,14.25,12.73,20.72,3.96,25.35,28.63,13.26,14.4,87.22,25.39,14.42,6.76,3.27,-3.18,-2.77,Forward
40.11,25.47,45.76,23.38,11.49,1.29,1.67,1.11,-12.9,61.7,10.05,70.41,24.23,14.69,0.89,-4.86,-0.25,2.87,Forward
19.73,16.58,16.17,2.3,12.83,4.49,4.84,-14.91,-26.99,-21.74,4.75,83.5,33.72,17.09,8.43,-4.17,2.27,-2.31,Forward
37.59,25.51,41.04,21.31,6.59,23.59,0.26,-7.14,-0.26,-33.16,11.6,43.86,32.31,21.99,2.46,3.55,1.0,9.06,Hover
6.45,1.39,0.67,24.68,4.91,5.22,0.32,-7.47,-23.38,0.57,0.24,51.5,77.56,16.3,6.28,-2.85,-1.79,31.1,Slow_Forward
38.68,15.79,0.38,19.99,15.52,6.23,3.51,12.88,10.88,15.2,5.64,70.77,57.76,4.27,5.48,-1.88,-1.14,-8.79,Forward
12.0,41.03,38.03,0.88,27.88,30.95,4.44,-12.23,24.03,-50.31,13.43,39.89,59.3,0.64,5.71,-1.63,1.66,37.93,Forward
33.93,27.79,38.12,5.81,12.06,30.1,3.98,13.82,25.28,32.81,3.95,92.49,11.32,4.92,2.91,3.66,0.19,29.75,Forward
28.38,22.64,39.49,10.59,1.78,33.76,2.45,23.35,6.42,54.43,10.02,30.88,99.48,22.7,5.81,-3.37,-4.26,10.27,Ascend
46.47,14.42,46.52,7.39,21.33,4.5,1.36,-9.84,2.12,13.92,5.4,95.82,84.68,14.19,6.23,3.13,0.49,18.9,Forward
19.49,15.04,6.07,28.9,9.09,8.17,0.08,-21.88,29.64,4.13,5.89,19.11,49.93,21.22,4.54,-0.32,-0.45,-4.01,Hover
3.5,19.28,11.75,19.72,7.73,33.37,2.55,8.31,4.77,-36.96,11.19,26.87,16.02,5.86,6.52,2.83,3.15,32.84,Ascend
1.15,41.81,45.21,9.26,10.07,28.93,2.38,-8.35,25.65,73.72,13.65,90.62,72.49,17.75,2.32,1.88,-3.88,32.99,Turn_Right
41.38,48.37,9.03,27.93,21.85,32.3,1.73,2.04,25.0,45.81,2.5,32.31,58.15,18.29,5.37,2.32,-4.99,10.8,Forward
26.33,22.05,34.18,22.35,24.66,39.59,2.89,8.05,-12.63,-3.55,4.15,95.65,70.98,20.24,7.31,-3.86,3.21,4.34,Hover
38.81,19.79,26.62,8.9,17.85,34.62,3.65,-5.54,-29.17,28.64,7.32,94.28,70.98,13.39,4.0,-1.91,-2.89,22.16,Forward
11.87,42.36,4.34,11.68,10.01,20.96,3.51,25.48,-3.65,-29.36,9.21,31.62,23.93,19.84,4.41,-2.73,-4.68,7.75,Forward
17.39,21.46,14.41,6.38,9.66,12.64,1.32,-6.02,21.68,-79.23,7.02,9.7,39.59,23.39,2.06,-3.74,-2.79,28.73,Hover
1.7,27.69,26.11,29.15,4.17,22.92,2.93,-11.56,20.17,-53.29,12.08,20.8,11.6,23.93,6.36,1.39,3.86,29.19,Turn_Left
48.08,11.7,42.65,15.76,28.03,25.65,0.75,23.14,6.22,-75.69,11.52,90.55,98.4,3.14,1.67,1.95,-3.29,43.81,Forward
33.46,37.23,35.44,26.93,19.33,13.61,0.62,-21.82,-20.6,1.47,6.08,101.79,82.58,15.61,5.26,-3.59,-1.8,9.4,Descend
46.67,26.69,31.17,10.72,1.3,30.91,3.93,-22.55,-23.54,21.97,0.61,46.58,93.59,2.84,2.5,2.69,1.11,-6.93,Ascend
13.42,40.49,24.9,25.89,20.04,3.98,3.47,26.14,27.28,-21.52,2.92,20.54,13.97,23.06,2.34,-2.13,-3.21,38.67,Hover
30.65,39.08,15.07,2.09,13.69,31.24,3.84,-17.46,-4.72,5.43,7.3,9.98,55.03,23.88,1.41,-1.23,1.45,-9.48,Hover
33.99,10.91,6.14,29.47,29.19,1.57,0.77,-21.09,8.89,-74.62,13.91,26.68,77.27,12.49,3.9,4.93,2.07,14.61,Forward
16.01,35.84,20.57,27.41,24.66,20.07,4.57,2.11,24.35,48.59,8.51,117.58,19.33,24.0,8.74,-3.08,-2.69,4.15,Descend
42.44,40.04,1.62,11.21,5.55,34.5,0.67,-27.19,22.19,-84.1,7.96,21.26,79.94,19.16,6.25,-3.82,-4.04,12.57,Forward
47.37,17.44,10.71,23.35,21.74,3.73,4.35,7.2,4.01,24.2,10.86,11.25,68.28,17.4,7.9,-2.31,-0.98,-0.4,Ascend
44.27,8.8,21.74,22.69,14.82,20.85,1.77,-2.82,-0.73,-12.0,2.28,94.47,98.65,14.52,1.59,4.32,1.99,27.1,Forward
37.01,0.33,21.05,27.09,6.02,6.63,0.54,8.42,14.12,-56.92,2.2,74.23,22.68,10.17,3.48,-3.8,3.14,20.89,Forward
14.02,22.66,2.41,9.56,21.11,35.82,1.44,-12.96,-9.02,4.15,5.18,64.64,66.63,24.09,4.19,1.16,-4.63,12.23,Hover
14.22,17.75,29.54,14.23,16.65,33.34,0.92,24.33,7.52,50.57,14.92,54.29,95.24,4.93,8.67,2.93,0.37,26.55,Forward
48.18,27.83,27.57,26.02,1.4,37.38,2.46,-13.77,-28.61,-15.57,13.14,84.52,76.93,20.06,6.81,4.22,-2.43,-5.41,Ascend
0.71,9.56,4.09,23.47,19.57,35.04,4.75,8.25,19.46,-23.81,10.2,84.1,40.25,9.19,5.16,-0.22,-0.84,37.19,Turn_Left
35.86,43.01,47.17,12.11,19.23,29.54,1.65,26.71,29.88,-64.36,5.87,51.51,20.73,18.83,3.35,-0.42,0.29,14.99,Forward
35.37,13.04,5.15,25.45,4.75,7.64,3.06,-5.95,27.28,17.02,8.32,28.87,96.74,4.09,7.72,3.28,2.35,23.87,Forward
31.21,11.48,42.77,1.89,10.8,12.31,4.46,-20.31,-8.41,59.04,4.55,101.11,16.47,9.33,8.94,-3.04,-4.6,5.22,Descend
49.51,24.14,0.22,23.57,17.78,20.03,3.15,-25.9,1.87,11.04,10.11,20.59,97.77,23.65,5.6,-0.38,-3.3,43.46,Hover
15.73,25.04,44.14,6.6,4.59,23.68,1.82,27.78,-15.83,-60.28,6.28,64.55,37.32,13.93,0.91,1.38,1.16,14.82,Turn_Right
17.13,10.91,1.18,8.94,25.66,31.35,4.95,15.82,-11.82,29.02,1.8,83.43,87.43,12.28,3.08,2.0,-0.59,0.23,Forward
4.13,13.74,37.94,15.05,1.31,9.31,0.95,25.14,-2.56,-84.57,3.23,77.03,59.89,18.8,7.59,-3.88,-2.9,-1.25,Ascend
22.25,8.65,18.21,13.77,3.53,5.39,2.62,11.93,14.82,60.85,9.13,74.64,92.13,10.43,4.18,3.67,-4.35,5.27,Forward
13.2,35.98,36.96,15.86,3.93,19.46,3.99,-9.45,-28.93,75.87,10.42,79.84,48.4,12.33,6.45,3.18,4.15,32.5,Forward
17.3,38.55,20.21,16.57,16.08,6.57,0.01,-22.62,-6.37,17.47,1.44,105.2,86.48,14.02,5.48,-1.83,-1.37,6.94,Descend
41.76,23.22,3.73,10.28,18.79,27.84,3.51,25.76,3.39,68.72,12.13,44.48,31.45,24.75,9.12,-0.24,-0.89,-5.47,Hover
46.79,35.76,38.42,5.67,12.41,23.15,1.34,-0.62,-17.09,-74.79,12.37,75.66,52.01,20.13,3.42,-1.16,-4.51,14.59,Hover
9.45,36.85,3.75,23.17,9.02,29.72,0.86,-6.21,-25.29,-48.9,10.85,83.94,86.17,1.0,4.74,4.81,2.39,1.79,Slow_Forward
18.75,7.09,46.12,12.3,24.37,2.82,1.38,4.67,2.37,-32.89,10.25,71.25,20.65,19.59,1.12,0.84,4.92,40.65,Forward
46.45,48.32,2.74,15.42,2.51,38.6,4.83,-23.61,8.27,49.17,3.48,108.46,75.58,12.57,8.15,-2.3,4.78,10.51,Descend
3.28,41.09,24.07,19.52,8.77,0.3,4.46,-11.45,8.46,-2.84,13.79,78.92,49.32,5.77,3.6,2.46,-1.89,7.33,Ascend
4.8,10.38,36.21,27.33,1.65,13.22,1.08,8.27,-8.6,-27.3,4.03,51.51,56.19,21.34,7.36,3.22,4.61,14.66,Ascend
8.31,9.47,19.78,21.37,0.91,27.28,0.59,-23.99,-15.76,-61.55,2.74,101.62,62.11,6.76,0.53,2.26,-0.92,-8.42,Ascend
29.84,6.46,11.02,1.84,10.92,2.09,1.83,-21.89,-16.78,55.92,9.58,59.26,34.81,8.01,8.74,-4.16,-1.13,19.2,Forward
7.69,7.09,38.0,25.24,6.25,3.61,2.97,0.64,-27.57,-86.31,5.46,64.09,18.67,1.57,9.73,-2.12,3.32,44.27,Slow_Forward
48.41,37.46,39.26,29.69,8.42,3.34,4.34,7.41,-18.92,-29.29,14.0,70.29,11.68,24.44,4.96,-1.38,2.92,8.87,Hover
22.45,23.59,46.15,14.44,24.72,23.39,4.83,-18.78,19.12,-46.3,6.9,39.41,48.78,19.88,5.08,-2.83,-0.25,41.43,Forward
25.18,39.19,18.93,29.1,5.31,35.87,3.76,-28.01,-29.82,-66.78,2.46,86.98,34.2,3.7,6.36,-0.19,-0.53,-3.3,Forward
12.48,37.36,25.41,16.65,23.52,22.35,3.0,27.5,-27.37,-59.03,14.36,12.68,66.96,12.24,9.76,-1.81,4.68,22.45,Forward
23.65,30.31,18.28,14.06,20.41,24.26,0.72,-28.35,-22.38,-1.12,7.73,104.39,74.43,8.42,5.81,-4.64,-0.91,-0.68,Descend
33.16,34.38,13.0,10.28,10.13,14.04,0.38,-29.88,-4.79,-13.31,7.78,90.79,55.34,0.81,1.2,1.52,3.62,38.36,Forward
37.61,1.11,37.6,19.9,16.62,1.04,2.98,-10.6,-9.98,3.31,5.79,43.08,65.71,23.18,5.87,-0.64,2.46,29.87,Hover
37.74,15.73,17.11,7.28,13.61,1.16,2.7,-16.65,-19.33,40.97,12.54,27.94,60.47,20.99,4.48,-4.72,-3.93,38.13,Hover
28.98,31.96,21.52,3.6,4.29,35.57,4.23,4.42,-23.34,70.62,4.31,47.16,10.41,24.67,7.73,4.33,-3.41,28.08,Hover
45.24,0.67,20.3,1.3,27.26,4.37,1.62,23.65,26.33,-68.68,0.21,96.8,85.75,6.06,3.38,1.51,-4.63,26.99,Forward
40.91,1.84,35.69,9.13,17.3,39.99,0.21,-1.13,24.68,-75.12,7.46,4.76,15.36,17.49,9.28,-4.26,-4.65,19.07,Forward
37.9,42.62,45.91,12.18,26.47,6.83,2.12,16.4,16.31,-32.34,13.89,56.68,46.93,2.95,8.1,3.89,1.04,20.01,Forward
2.97,34.26,33.4,16.79,24.8,27.08,4.85,24.55,-14.88,8.33,4.1,31.24,19.99,10.78,3.6,-0.79,-4.23,33.06,Turn_Left
0.54,13.42,23.68,9.14,2.85,37.97,3.98,-18.64,-10.58,-72.02,3.99,105.12,69.61,21.17,3.84,-2.6,-3.64,21.5,Turn_Right
10.78,34.46,39.0,29.53,6.61,14.68,0.18,-0.7,9.95,38.87,11.07,50.25,39.3,0.2,5.42,-4.54,-2.56,13.81,Forward
33.24,39.66,32.12,9.11,4.79,29.46,4.37,8.52,-12.5,10.1,11.63,84.05,16.4,12.02,1.45,2.45,0.53,28.92,Forward
20.68,15.48,3.22,13.51,25.01,14.23,2.36,-10.09,1.84,44.72,6.53,43.59,14.08,10.87,7.06,4.69,-2.71,43.02,Forward
20.24,1.99,4.96,3.55,25.94,12.41,1.83,14.39,9.08,-25.58,12.5,40.23,31.34,17.27,6.29,-3.15,-1.04,40.03,Forward
44.25,46.65,2.09,8.19,16.08,8.31,1.74,12.32,1.15,-17.8,2.58,39.78,70.05,5.95,3.53,-0.83,-1.47,7.9,Forward
44.8,17.39,22.95,1.93,3.57,32.89,2.98,-4.73,-5.2,55.36,5.51,81.7,74.64,4.33,6.56,-2.62,-1.04,11.28,Forward
45.48,5.5,41.33,17.01,4.5,10.52,2.66,-24.72,-9.13,-41.94,6.06,115.74,21.56,16.27,1.43,0.72,4.29,42.66,Descend
15.83,24.69,15.79,22.66,24.5,11.54,3.29,-29.31,16.66,-21.34,4.69,25.77,22.52,16.03,9.54,3.71,4.7,2.81,Forward
34.61,38.47,19.33,6.27,27.91,39.96,2.87,-7.84,14.34,-87.57,3.27,77.62,63.39,18.79,1.14,-3.69,-4.28,-2.97,Forward
13.73,11.24,45.49,11.35,6.38,13.29,0.73,-25.08,11.77,9.96,5.07,32.59,96.15,6.17,3.62,-2.02,-3.89,16.2,Forward
9.69,13.62,41.88,0.99,0.83,17.08,1.29,16.9,-7.52,63.26,0.27,66.37,59.76,0.41,9.72,-3.35,-4.45,14.53,Ascend
9.39,12.29,33.32,25.27,10.26,39.61,4.21,-9.94,16.54,-84.98,10.55,65.45,74.06,21.95,4.28,-2.71,-1.12,20.13,Hover
17.24,49.59,13.49,23.51,1.4,14.96,3.32,9.97,27.46,20.48,10.26,54.56,61.79,5.16,8.91,-3.7,3.51,-8.24,Ascend
21.61,10.03,6.03,2.37,24.93,14.84,2.25,-9.22,11.34,62.18,6.75,60.34,19.44,10.45,1.93,1.35,3.0,1.35,Forward
41.58,28.86,1.0,11.26,15.0,33.16,0.92,17.76,-5.53,-1.09,4.84,105.75,95.18,11.71,1.13,-4.56,-1.45,34.15,Descend
6.17,46.28,5.53,28.68,19.43,12.68,0.05,23.3,17.79,-33.66,6.51,11.54,16.48,4.68,1.53,2.29,2.51,9.82,Slow_Forward
36.8,7.52,14.77,12.06,12.64,9.58,1.57,20.25,6.56,89.39,14.05,99.8,78.39,13.02,9.73,-3.58,4.79,40.41,Forward
26.67,48.55,27.68,16.02,10.69,17.1,0.28,-0.93,22.66,-78.33,9.05,56.02,98.14,22.86,1.34,-2.33,-3.06,21.29,Hover
14.54,47.38,3.39,10.98,7.05,28.12,2.42,-24.96,12.79,-52.12,10.97,40.7,38.71,6.78,6.69,-1.55,4.64,-8.83,Forward
24.74,44.25,6.98,18.09,23.23,2.02,4.11,-7.7,16.2,69.34,3.44,22.08,25.45,13.01,4.69,-1.19,2.71,43.8,Forward
15.14,10.88,9.22,29.36,21.02,15.14,1.43,-4.53,10.05,-36.48,1.42,97.96,60.96,7.72,8.68,-3.27,-3.85,7.44,Forward
29.88,31.78,31.67,29.93,11.14,14.05,4.24,27.62,-24.48,57.57,1.25,71.45,81.56,24.52,3.3,-0.11,2.95,10.29,Hover
21.81,38.09,30.87,23.35,9.97,10.02,3.53,3.93,-0.89,-30.02,7.08,87.68,95.45,5.51,0.77,3.95,-3.98,40.09,Forward
8.39,49.3,27.63,12.43,0.54,26.28,0.64,8.45,-26.61,56.16,10.75,38.48,72.43,2.73,7.61,-0.41,-4.7,38.29,Ascend
6.01,9.19,12.67,15.09,2.37,11.81,3.23,16.92,-3.15,33.43,11.61,47.76,40.23,3.57,6.09,-4.72,2.65,27.68,Slow_Forward
27.43,38.35,18.68,11.02,18.89,24.39,0.77,4.09,12.99,-5.67,10.81,109.72,54.49,9.18,4.63,-1.37,3.95,-9.44,Descend
45.14,17.07,5.02,29.57,15.68,20.32,3.28,5.91,-4.72,4.13,13.69,115.38,78.51,13.82,3.57,-0.97,-1.0,-9.8,Descend
17.33,8.95,11.48,21.38,13.33,8.92,0.72,-15.28,-29.9,-58.02,0.78,89.04,80.91,16.7,9.04,-2.17,-4.76,-0.2,Forward
36.7,21.18,44.91,13.74,24.91,10.88,1.97,-26.47,-7.84,-69.14,12.83,90.18,16.7,14.06,1.66,-2.04,0.98,31.94,Forward
33.0,39.73,48.99,0.86,15.36,7.07,2.84,13.28,-25.93,39.05,9.91,83.63,65.24,22.64,1.84,-3.01,-2.67,35.92,Hover
46.59,23.35,32.45,15.85,11.84,2.55,0.26,20.92,16.84,62.74,2.63,70.88,97.06,9.01,0.64,4.57,0.44,2.36,Forward
41.08,26.97,45.86,29.53,5.26,24.88,0.78,-5.28,17.03,39.95,10.24,71.81,80.67,17.81,1.19,0.29,-1.82,-5.67,Forward
28.42,49.76,32.21,15.93,24.71,27.01,1.61,2.93,18.38,74.32,7.68,115.69,10.66,6.7,8.64,0.37,1.22,13.48,Descend
32.92,20.08,1.85,5.88,17.5,6.89,2.32,-11.56,-28.18,70.21,5.39,90.36,30.24,17.04,8.04,-0.74,-2.4,41.09,Forward
44.94,30.85,49.84,1.15,3.23,24.73,4.29,-2.99,-28.06,50.07,3.72,78.99,50.05,23.15,1.47,1.17,-3.52,18.85,Hover
20.1,18.39,5.13,10.96,19.64,39.29,0.94,-17.47,24.21,71.66,6.96,23.5,73.56,24.46,7.91,-0.77,2.52,30.31,Hover
16.47,19.76,34.2,27.59,13.04,3.25,1.74,15.59,-22.58,-59.9,3.59,117.27,59.97,18.24,6.59,1.89,0.39,28.97,Descend
0.74,34.84,12.79,29.9,24.44,19.77,2.38,-0.49,10.21,41.64,1.24,62.91,16.96,23.56,4.18,-4.12,-1.83,36.98,Turn_Left
41.36,46.91,19.72,28.39,27.61,29.4,1.49,2.83,17.73,45.66,12.69,113.3,76.44,17.01,1.3,-4.7,1.28,44.13,Descend
40.09,27.21,32.37,22.02,18.21,2.13,3.13,-27.77,-3.13,-62.28,8.89,85.91,85.48,24.08,6.22,0.62,-2.13,43.92,Hover
5.4,38.47,21.94,16.97,22.08,31.2,1.29,7.34,2.79,73.72,5.46,5.77,28.52,22.45,8.48,2.34,-1.35,19.7,Hover
28.93,4.64,12.68,17.93,2.17,39.19,3.86,-17.84,-16.36,-88.42,6.7,65.14,16.07,2.67,4.5,1.69,-1.24,8.34,Forward
23.31,10.72,16.86,16.4,17.03,3.81,2.53,-7.0,25.42,-11.77,12.97,107.23,81.19,11.85,4.53,-1.01,-2.74,33.35,Descend
6.11,25.21,17.21,21.36,22.78,32.94,0.44,-5.24,-11.89,-86.13,4.8,7.16,67.64,8.69,8.35,-4.97,-0.59,28.64,Slow_Forward
49.03,1.2,47.97,12.86,15.15,15.33,3.14,-3.08,-16.93,4.2,5.7,104.14,82.32,0.67,2.5,-3.79,3.15,33.1,Descend
10.89,12.79,39.97,20.24,18.01,6.02,2.85,-16.35,1.52,-15.81,11.49,73.99,60.99,11.67,2.14,-1.08,4.71,6.5,Forward
3.55,25.97,23.04,4.09,27.02,19.88,1.7,21.01,-18.57,22.15,3.01,6.3,48.57,3.71,7.11,1.64,-2.81,22.07,Forward
29.82,0.95,10.15,8.34,6.34,3.14,0.07,-4.33,11.2,47.96,9.89,45.46,96.68,0.91,6.74,-1.88,4.39,0.19,Forward
37.0,13.37,40.59,25.16,3.4,21.03,1.01,6.73,0.91,48.34,6.51,4.59,80.2,11.13,9.17,0.32,-2.22,2.07,Forward
1.82,25.8,8.03,27.16,20.87,1.07,2.03,6.84,-21.13,40.0,7.5,1.2,47.07,5.81,3.68,-3.24,-0.3,10.31,Turn_Left
33.0,28.74,10.68,16.4,24.77,29.23,1.01,6.42,-25.97,-71.66,11.8,107.67,91.68,23.38,2.42,-3.3,-3.99,29.08,Descend
26.71,46.3,18.43,1.43,25.59,19.67,2.89,3.56,-21.78,-14.86,14.9,90.08,99.41,20.32,4.57,2.43,1.08,6.75,Hover
5.34,32.34,44.04,27.85,19.43,18.52,3.56,19.36,-21.8,56.87,12.47,35.45,37.74,23.9,4.15,-0.62,0.11,8.07,Hover
8.79,20.85,6.76,21.21,25.08,8.09,4.28,18.76,-11.23,27.77,2.41,14.53,90.32,22.04,9.41,4.49,1.79,33.95,Forward
28.49,46.53,6.29,12.71,21.17,14.64,3.24,-4.97,20.0,32.59,3.37,7.48,14.09,18.2,9.22,-2.89,1.0,40.23,Hover
14.96,39.29,24.8,18.15,3.08,7.52,3.45,8.15,-26.56,-49.15,6.15,110.15,29.29,14.94,4.57,-0.52,4.81,36.2,Turn_Right
46.93,10.16,13.97,13.18,22.98,29.49,3.05,-23.83,-22.31,-31.49,10.79,75.44,24.48,1.64,4.42,-3.12,2.7,0.16,Forward
40.97,6.72,28.52,14.23,5.79,8.2,4.93,-24.55,-11.83,82.05,7.64,20.11,42.09,6.65,4.73,-2.44,4.65,15.18,Forward
49.18,33.86,22.69,26.66,7.48,24.79,1.31,-1.21,3.2,62.45,13.53,82.09,60.64,17.77,7.44,1.4,0.26,28.67,Forward
13.13,28.08,21.86,5.25,12.14,11.4,1.34,24.01,15.77,-60.31,0.73,119.87,74.8,10.03,5.73,4.1,-2.19,29.17,Descend
48.49,39.53,5.78,3.56,9.78,26.38,0.64,9.0,25.27,8.04,3.88,94.78,91.25,8.13,3.24,-3.72,0.32,11.83,Forward
21.68,36.99,7.22,0.58,9.99,21.76,2.43,10.15,-5.27,-1.71,3.29,54.14,24.27,2.6,7.8,-3.7,-0.33,13.13,Forward
17.51,31.34,41.09,9.76,5.49,17.11,0.49,-20.54,-23.65,-10.14,11.16,97.89,62.05,1.75,9.09,4.52,-0.73,21.75,Forward
2.71,49.32,44.32,4.85,9.17,27.02,1.36,-2.8,-17.19,-5.29,6.97,89.57,59.92,5.25,7.32,2.36,-0.99,27.29,Turn_Left
2.83,26.77,11.89,6.99,1.08,16.8,2.42,-5.95,-12.77,25.72,0.23,11.55,51.26,20.86,2.35,-1.87,3.11,-5.96,Turn_Left
34.66,5.83,5.85,0.83,14.45,32.91,4.79,16.98,17.17,84.09,11.6,111.16,72.51,16.58,8.02,-0.93,2.41,25.46,Descend
23.0,41.45,2.86,7.2,23.17,29.27,4.82,-21.73,11.2,67.56,5.43,106.21,56.2,8.52,9.9,2.89,1.44,18.17,Descend
11.48,12.74,30.49,10.31,25.94,21.76,3.72,2.35,-17.46,67.52,3.91,71.28,59.52,1.53,7.01,1.99,1.45,-7.91,Forward
30.78,38.91,35.82,1.43,24.7,35.12,1.95,24.68,20.32,36.61,2.74,61.47,91.3,4.71,2.82,1.1,-1.26,-6.72,Forward
12.79,47.86,18.77,18.43,12.79,33.21,4.33,23.55,21.55,-86.83,14.19,28.1,87.42,11.25,0.55,3.65,-0.62,0.97,Forward
28.97,34.9,34.05,17.28,22.05,21.41,4.38,21.14,22.95,-10.72,14.13,100.3,61.96,3.83,4.16,-1.88,-3.47,9.56,Descend
18.09,29.88,35.71,3.36,8.99,3.02,4.55,-7.5,-13.5,2.0,1.15,52.39,24.06,19.07,4.97,-2.89,0.79,31.84,Forward
41.21,23.13,46.78,18.05,2.14,22.77,3.2,26.47,-21.98,61.65,3.49,69.94,96.28,19.72,9.14,-0.9,-3.6,7.31,Forward
41.07,18.35,3.43,29.96,20.44,14.4,1.02,18.32,-23.76,76.11,9.69,21.24,66.04,3.42,6.39,-4.93,4.15,31.99,Forward
23.97,17.78,9.78,28.36,19.64,21.74,0.46,21.07,-5.99,-8.72,10.06,26.44,82.67,18.17,3.18,0.07,-0.84,17.38,Forward
17.67,31.89,3.61,0.58,24.15,25.99,4.57,25.94,-4.24,-35.92,6.27,118.24,14.95,12.81,7.07,-1.35,-4.57,1.51,Descend
18.26,37.61,43.43,23.96,18.68,25.9,0.29,26.22,22.09,-29.28,8.53,59.79,90.71,24.06,1.38,-3.68,-4.98,32.73,Hover
40.32,33.99,39.67,10.93,5.13,27.04,1.49,-15.6,-13.93,14.16,10.54,98.07,72.41,19.69,2.53,3.75,1.76,29.72,Forward
16.54,10.08,28.82,2.38,25.67,27.27,2.44,-22.34,7.61,-40.51,14.26,99.74,71.69,14.63,7.57,-3.06,1.12,-8.02,Forward
10.61,24.8,4.37,9.23,19.0,4.64,0.12,11.45,17.29,73.93,10.88,117.8,19.91,15.09,3.32,2.06,2.7,30.42,Descend
4.42,39.62,13.81,9.99,24.32,7.91,4.54,3.79,-13.85,-14.64,1.65,117.97,74.16,4.47,0.8,2.06,2.49,26.77,Ascend
23.44,23.89,15.03,15.94,23.34,25.33,1.44,-10.35,-13.97,88.21,10.77,55.38,16.9,22.34,5.22,-4.57,-4.97,10.65,Hover
24.21,26.92,28.13,20.0,9.29,16.5,0.15,11.07,10.15,-70.29,1.02,114.09,15.02,13.98,6.75,-0.72,-3.33,24.62,Descend
42.08,38.6,13.05,22.6,2.7,30.59,4.97,-26.28,13.57,-56.18,7.54,44.49,39.28,14.35,8.0,-0.24,-1.74,-1.66,Forward
11.22,33.13,3.83,7.75,5.71,5.26,1.56,-27.17,27.59,2.09,7.9,73.31,12.09,14.39,3.41,3.18,-4.38,22.32,Forward
19.17,20.59,36.59,9.99,3.24,7.9,4.39,-8.74,21.0,66.29,11.67,98.78,24.37,6.91,4.53,1.24,-3.22,-0.5,Forward
40.46,44.79,15.09,9.6,7.68,22.47,2.27,-18.37,19.32,-26.29,0.17,109.74,75.35,20.3,5.79,-4.37,0.81,-3.79,Descend
41.22,8.3,22.73,11.2,14.06,20.18,3.32,13.11,11.54,60.74,13.12,63.34,85.14,21.56,1.21,-0.51,-0.43,1.04,Hover
19.35,49.78,6.56,29.99,27.25,10.88,1.21,26.88,-22.89,-13.42,9.96,50.73,26.16,7.2,2.38,-1.99,3.61,-3.32,Forward
23.06,6.12,40.17,23.45,26.22,16.51,2.52,9.7,18.55,63.54,0.47,87.69,84.1,11.04,4.01,-3.29,-2.76,-3.19,Forward
15.3,0.94,28.36,29.26,21.7,1.69,1.3,9.29,26.12,-40.06,2.4,55.26,53.25,4.48,3.04,-2.24,0.35,38.58,Forward
46.64,44.52,45.1,20.95,1.21,1.77,4.76,-29.6,-6.56,-5.06,0.59,80.94,96.21,5.96,4.93,3.4,3.62,39.45,Ascend
6.11,12.4,24.87,12.48,10.57,4.07,0.31,0.74,-11.18,-39.83,11.49,96.7,22.54,8.4,6.68,1.2,-4.4,30.37,Slow_Forward
46.7,36.54,47.08,12.0,20.63,23.2,1.38,19.03,1.35,-51.26,2.56,101.09,14.82,22.55,5.63,-0.65,3.7,33.02,Descend
34.26,40.59,44.62,14.91,4.31,34.59,4.47,9.25,27.39,-14.19,0.68,31.26,86.06,15.65,7.85,2.2,-1.56,9.8,Forward
26.67,42.98,28.91,12.8,24.13,10.63,2.41,-16.33,-26.95,-29.75,2.07,69.0,42.58,14.7,6.45,4.68,3.6,19.92,Forward
1.83,49.58,46.71,24.94,27.48,1.65,3.0,20.91,12.53,51.69,8.39,3.98,51.15,23.67,3.27,4.27,1.82,34.81,Turn_Left
23.88,14.84,16.29,14.22,10.95,28.43,3.26,27.86,18.88,44.57,7.43,95.93,56.06,19.78,1.64,-4.03,1.73,16.9,Forward
20.51,35.57,18.41,9.22,21.32,34.26,0.36,-13.26,17.32,-25.46,3.69,15.89,84.27,0.4,6.58,-1.68,-4.52,30.53,Forward
8.23,5.95,2.46,23.36,4.87,5.79,0.1,-17.57,4.01,88.61,14.14,104.73,16.84,3.11,2.51,-1.87,4.41,13.29,Slow_Forward
32.89,20.46,29.54,25.71,20.88,15.61,4.69,-9.69,25.23,85.29,12.82,49.41,59.6,6.19,3.53,0.54,-0.69,9.04,Forward
48.56,42.43,36.15,12.9,1.13,6.6,1.36,-26.21,-21.93,75.21,4.72,20.9,48.75,7.6,8.05,-4.1,-3.92,36.58,Ascend
28.2,18.51,38.72,20.2,4.95,4.52,1.91,22.41,-15.29,15.57,7.12,95.7,40.63,20.85,2.59,4.22,2.67,8.3,Hover
35.79,29.64,7.66,2.23,21.44,26.03,3.41,25.76,-11.58,-15.78,7.75,24.83,41.33,19.25,5.61,2.83,3.67,16.16,Forward
3.61,25.29,22.32,16.12,21.5,38.71,1.19,8.0,-29.48,-33.66,11.34,47.94,93.73,3.64,1.4,-3.77,4.29,-4.05,Ascend
21.0,32.37,9.01,1.83,19.41,27.22,3.67,15.86,-7.76,-87.29,6.42,68.46,34.13,13.35,4.46,-2.46,0.06,18.04,Forward
5.99,48.65,33.17,1.36,14.58,39.4,2.3,10.12,-20.36,23.73,8.2,43.84,50.92,2.73,9.81,-3.57,-0.96,23.31,Slow_Forward
30.72,2.98,8.07,18.58,20.41,17.55,4.28,-7.36,13.48,9.57,6.19,22.3,54.35,4.32,9.57,-0.22,0.83,11.49,Forward
46.94,28.78,45.23,9.45,23.33,35.95,1.4,7.92,-5.1,23.38,11.44,49.33,74.79,6.05,9.49,3.9,-2.03,25.57,Forward
33.16,43.18,11.69,22.4,29.01,8.44,1.03,20.18,12.27,13.67,8.34,18.17,56.71,22.63,6.15,1.45,-1.07,14.27,Turn_Right
4.02,24.17,14.71,26.93,26.71,4.98,4.16,18.59,-12.38,-65.21,12.42,86.58,65.91,9.14,3.3,1.06,0.39,13.45,Ascend
17.86,4.11,42.58,4.61,23.94,28.19,1.64,-25.14,-22.08,35.17,0.81,21.41,45.89,22.9,3.87,-4.26,3.24,13.25,Hover
27.62,28.11,23.03,21.87,21.0,15.04,2.07,-2.24,-22.08,-25.12,13.56,58.4,74.68,18.77,2.46,4.06,3.53,37.28,Forward
20.28,16.74,1.39,15.68,17.44,12.91,3.97,-6.16,-17.8,2.93,12.29,67.69,51.93,18.74,1.43,-2.19,-3.69,30.02,Forward
41.72,7.92,24.83,3.81,4.06,26.95,3.18,15.12,-23.09,-24.18,12.28,113.46,30.04,20.09,2.1,4.0,-3.66,15.12,Ascend
40.77,42.48,4.41,19.72,5.38,13.54,2.21,0.08,-16.77,-86.04,2.1,10.31,83.52,2.4,4.94,-0.46,-3.16,25.13,Forward
30.67,26.18,49.27,18.48,24.7,23.03,1.26,-9.02,4.74,67.78,3.95,111.72,78.89,20.37,0.76,0.29,0.96,35.3,Descend
18.8,46.68,29.49,15.71,24.2,12.19,3.82,12.38,-14.62,-63.23,14.7,25.78,66.47,6.31,9.42,1.05,-2.97,15.08,Forward
12.92,40.34,12.98,27.83,18.63,31.42,0.91,-1.59,-9.42,14.79,14.25,101.07,56.98,24.6,5.84,-2.11,1.13,36.44,Descend
5.47,34.71,28.27,15.87,13.45,12.7,4.64,-14.6,-26.84,68.96,3.4,11.77,28.76,21.21,2.15,3.36,2.25,-0.26,Hover
17.87,0.45,4.03,29.72,1.27,21.54,0.76,23.43,23.53,-50.16,6.49,118.66,88.15,24.92,4.46,4.58,3.59,22.61,Ascend
20.78,21.51,40.03,15.52,10.15,1.22,4.03,-23.22,-21.71,-15.84,2.34,97.11,18.75,23.43,4.07,-2.17,3.67,9.8,Hover
33.86,10.03,46.28,3.92,12.91,31.73,2.13,-28.91,-9.08,-22.01,3.94,8.49,44.49,8.99,8.44,-5.0,-2.85,-4.54,Forward
32.98,45.56,43.75,14.38,14.83,24.93,0.94,-21.37,-7.23,-73.94,2.77,26.48,86.73,23.54,1.64,0.26,-1.88,39.05,Hover
3.69,8.89,17.22,5.88,27.92,7.93,2.02,-20.18,16.33,-13.77,1.21,66.28,63.6,8.26,4.58,0.93,-3.18,16.93,Ascend
19.88,14.45,16.42,18.12,3.71,8.85,1.12,2.28,-0.99,-3.69,8.69,63.31,49.48,16.48,7.26,-4.37,1.8,19.73,Forward
9.25,25.94,1.95,20.95,15.81,10.72,0.69,7.49,-7.02,-85.21,3.61,75.88,81.22,20.47,4.05,1.73,1.87,18.46,Hover
8.01,13.32,32.64,14.32,11.35,23.19,1.2,-3.08,11.75,-2.13,14.88,56.16,99.06,9.55,3.9,-2.08,-4.96,19.85,Slow_Forward
41.4,10.65,26.84,3.38,29.71,22.07,4.34,-17.75,5.82,-73.11,7.73,88.37,26.99,5.1,3.73,4.59,-3.35,22.23,Forward
2.29,30.04,23.08,14.32,25.92,11.17,0.54,-22.07,-25.31,70.64,5.39,42.47,14.57,22.37,7.74,2.81,-1.65,37.93,Turn_Left
21.08,4.63,45.4,2.9,13.44,27.85,4.86,-0.47,-11.24,27.03,13.7,21.99,51.67,2.58,1.63,-4.27,-2.93,42.13,Descend
8.58,3.1,8.56,20.62,29.99,35.59,0.03,3.93,28.72,-79.84,9.31,5.02,35.87,9.12,8.64,4.54,0.51,24.07,Slow_Forward
43.99,18.74,0.68,23.82,15.66,2.03,3.29,-11.76,-1.0,58.87,1.91,39.65,70.01,13.51,1.17,-2.73,-4.6,10.68,Forward
27.94,36.09,3.85,28.89,5.43,16.86,4.28,-16.77,-4.55,-24.91,7.47,51.8,54.48,20.12,3.53,2.98,3.26,18.33,Hover
11.72,27.83,11.32,4.89,16.9,23.86,4.67,-25.16,-21.0,-49.39,6.62,79.43,54.91,21.72,4.2,1.43,-0.34,28.66,Ascend
25.22,21.26,1.86,16.21,7.17,23.58,0.73,-28.43,20.34,-44.29,11.48,96.97,41.95,12.79,4.24,0.36,0.94,19.1,Forward
36.63,28.37,25.24,17.24,19.27,1.08,3.49,-23.66,-22.0,17.59,10.41,29.57,28.96,14.33,2.28,4.33,0.8,4.33,Forward
47.91,18.4,15.84,27.71,28.15,8.66,0.55,14.52,-23.69,-75.32,5.56,59.69,29.21,21.35,6.23,1.06,-0.49,23.38,Hover
11.18,46.82,9.19,19.0,23.69,2.75,1.77,-9.36,-3.66,-79.43,7.04,28.81,44.83,11.68,4.81,3.59,0.67,38.88,Forward
44.33,2.93,37.55,4.79,8.56,22.89,3.66,-28.35,-3.8,22.95,7.78,114.19,71.37,13.98,5.89,3.28,-4.24,-4.14,Descend
46.73,33.73,10.38,13.37,9.26,25.92,1.74,0.49,28.89,86.74,6.34,78.06,40.34,0.46,6.34,1.72,-1.15,-6.1,Forward
45.84,44.59,34.44,19.82,2.54,6.64,1.57,2.16,-22.35,-2.98,1.62,81.67,39.34,23.78,2.32,-0.1,2.1,43.63,Hover
31.84,40.23,17.59,21.16,8.93,13.52,0.59,-4.28,-0.97,-15.61,13.58,64.22,48.25,14.17,9.24,-4.02,-1.34,34.18,Forward
31.57,9.37,25.69,25.96,3.23,13.39,0.34,-23.36,-17.93,80.5,10.09,34.54,99.18,18.19,8.39,-3.46,-2.46,12.69,Forward
20.28,14.94,46.71,5.82,15.23,32.85,0.59,15.3,12.11,-46.62,7.05,24.85,18.21,6.2,8.37,0.33,0.65,-8.41,Turn_Left
37.67,35.91,2.06,28.57,21.4,8.03,4.38,11.34,-6.5,-46.7,8.54,79.14,36.52,16.41,5.55,-1.68,-0.23,41.35,Forward
26.66,4.4,25.11,2.24,22.66,22.07,0.07,-6.32,8.91,72.92,3.2,110.68,36.28,11.5,8.29,-2.92,0.33,33.68,Descend
33.94,40.63,42.75,29.52,2.26,31.38,3.47,-7.15,-9.7,26.45,7.96,26.33,97.71,2.81,6.46,4.67,4.58,23.41,Forward
21.54,36.0,29.48,25.8,10.53,33.23,3.85,-20.64,3.87,-80.32,11.19,69.04,46.65,20.75,4.78,3.59,-3.5,33.57,Hover
36.63,36.53,13.99,19.98,9.0,26.76,2.84,15.21,-1.85,31.32,8.01,63.99,61.03,20.98,7.65,-0.7,1.16,24.56,Hover
41.26,5.19,20.0,22.18,3.58,12.19,3.66,5.97,-7.54,57.61,7.21,77.36,27.83,1.59,6.2,3.71,-4.69,27.06,Forward
7.49,35.94,34.08,2.64,11.19,32.97,3.26,-24.85,2.25,-40.69,6.94,70.95,11.14,9.77,0.52,-4.41,1.47,39.75,Hover
41.68,34.05,44.56,1.72,9.33,29.76,2.28,-7.32,-6.97,-21.08,11.42,33.46,40.53,7.04,9.97,-4.01,-3.03,12.37,Forward
27.11,41.58,2.25,3.5,19.22,28.27,1.92,24.21,18.36,-54.42,11.3,83.28,67.51,12.91,4.58,4.48,3.07,19.05,Forward
42.26,2.27,3.76,3.08,26.56,2.97,4.71,-2.86,-0.29,24.0,11.25,33.45,72.24,12.22,5.93,1.89,-2.3,32.96,Forward
21.68,1.35,16.39,16.65,13.92,2.02,4.86,-10.5,24.19,29.56,3.69,78.71,77.85,16.41,4.36,2.64,-0.99,4.9,Forward
19.08,18.78,11.79,6.86,22.53,27.91,3.26,8.63,-16.63,-77.66,9.27,36.69,87.46,6.19,1.45,3.33,0.16,23.08,Forward
45.77,7.61,13.39,25.88,4.81,37.81,0.99,-17.82,-23.27,31.99,11.68,10.81,20.41,5.54,8.42,-4.47,1.1,9.25,Forward
12.71,28.01,11.22,13.65,26.9,31.02,2.25,1.43,-7.14,28.52,8.43,16.14,17.45,18.08,6.98,2.18,-2.01,-7.21,Forward
42.24,45.88,9.95,21.02,5.0,33.31,2.49,10.17,-18.98,-83.68,11.68,100.26,80.89,24.41,8.37,-1.43,-3.43,-1.5,Descend
24.3,19.7,6.71,19.76,6.17,21.94,3.79,21.29,-6.41,9.97,12.82,15.44,49.22,23.66,5.1,3.18,1.35,-3.76,Hover
25.8,42.28,46.71,9.94,3.64,12.39,3.34,11.55,-17.56,20.51,2.61,40.33,95.24,19.8,8.02,-1.12,-0.58,20.19,Forward
15.56,0.21,7.38,7.67,9.64,27.21,2.58,-6.94,22.09,-12.57,4.6,35.23,94.91,1.69,8.08,2.68,-4.42,-3.41,Forward
28.74,8.59,10.38,10.6,16.8,28.57,3.41,16.07,4.07,72.24,9.02,7.89,22.75,5.94,3.69,4.01,0.37,19.85,Forward
16.4,1.72,12.46,24.0,29.65,27.11,0.13,23.9,-0.14,-30.89,4.35,72.34,72.21,17.24,0.54,-1.61,-0.33,30.37,Forward
2.16,16.54,46.66,17.8,23.9,37.88,3.89,-1.33,17.26,-77.91,14.12,96.06,16.04,7.39,8.67,-0.31,0.12,24.76,Turn_Right
13.75,45.43,37.83,7.98,11.72,14.88,1.07,-29.73,-22.18,30.93,2.91,119.09,46.31,9.84,2.25,0.37,-3.93,31.2,Descend
0.52,5.03,39.53,24.63,17.49,1.87,3.29,22.86,21.42,18.94,5.35,112.39,85.75,23.84,8.75,1.88,-0.27,17.03,Ascend
48.92,30.4,5.42,2.12,18.89,36.37,0.58,-20.07,-1.0,88.03,14.91,6.87,51.49,2.16,6.37,3.44,2.45,30.6,Forward
48.29,22.68,41.85,21.13,24.77,6.67,0.58,-22.42,-21.81,-48.36,2.84,31.64,13.03,21.53,6.53,-2.9,-3.67,33.53,Hover
19.88,46.94,20.53,13.45,22.23,27.98,0.19,-11.54,19.16,-18.81,6.73,50.04,31.63,1.26,2.85,4.46,1.24,3.79,Forward
36.47,6.3,13.29,22.07,17.29,34.97,4.55,-7.2,-2.35,-6.99,4.71,105.13,17.77,8.45,4.32,2.86,-3.22,37.11,Descend
17.42,10.76,28.87,27.86,20.24,12.61,3.03,17.96,6.28,65.07,12.15,43.85,46.74,13.89,3.46,-3.6,-1.91,41.5,Forward
33.62,1.67,41.14,22.63,22.5,33.27,1.82,-6.65,23.62,-15.38,4.56,68.87,72.7,8.91,2.31,-1.64,-1.37,30.22,Forward
40.31,21.81,38.98,13.54,4.43,13.48,3.94,-27.07,23.44,48.99,2.42,79.49,69.43,23.93,7.38,-2.49,2.63,43.42,Hover
47.35,14.04,44.52,4.95,6.41,31.83,3.13,8.16,23.57,-61.75,14.0,36.46,74.7,12.61,1.41,-3.41,-2.74,-6.44,Forward
20.13,43.52,46.42,24.29,20.81,3.07,3.1,10.27,-4.98,-16.24,4.76,70.25,44.54,18.35,5.36,1.45,-2.36,-1.74,Forward
39.21,30.33,12.06,14.09,25.59,26.31,2.44,18.85,14.98,-62.1,11.13,7.06,33.88,17.55,5.59,-4.34,3.7,39.66,Turn_Left
13.44,30.78,21.31,2.72,12.57,27.18,0.05,-6.07,-16.0,80.94,4.36,58.14,15.12,20.88,9.58,0.99,2.43,-8.3,Hover
49.52,26.69,0.93,21.71,29.41,19.81,1.3,-24.84,19.87,-58.0,2.68,46.05,94.74,21.6,8.76,3.28,0.06,22.34,Hover
1.48,4.77,43.99,9.11,6.87,27.58,0.55,3.18,-9.5,-14.57,12.04,43.33,20.65,11.66,5.17,-1.38,-1.84,4.78,Turn_Right
30.26,22.36,7.9,1.94,12.79,36.95,3.32,-22.74,-2.17,-75.19,0.83,28.95,26.04,21.58,8.52,-0.1,2.92,15.03,Hover
33.04,49.98,43.1,27.13,11.67,29.43,1.25,-28.98,23.48,75.85,4.98,98.31,12.25,16.34,8.01,-3.56,0.63,11.25,Hover
34.46,41.79,16.6,14.75,27.94,38.46,2.26,16.72,18.34,22.29,11.7,105.95,38.55,17.15,0.77,2.2,-1.7,0.35,Descend
6.2,44.69,18.53,8.79,8.92,18.11,1.77,-5.8,27.15,83.24,7.68,106.69,83.7,4.33,9.26,4.09,-1.85,22.22,Slow_Forward
46.94,41.2,2.15,21.63,14.39,21.27,0.72,1.5,-8.19,-82.39,10.34,48.14,39.9,6.13,7.04,2.33,-0.43,1.14,Forward
9.22,5.33,16.48,26.63,6.02,10.77,4.79,9.77,-20.93,-58.5,1.0,31.84,69.94,17.19,6.88,-3.77,4.49,12.4,Slow_Forward
31.21,11.53,44.44,0.51,15.88,39.43,4.67,-5.94,24.62,-21.59,11.25,12.71,96.9,6.64,7.28,-1.55,1.43,32.37,Forward
11.29,0.36,1.47,20.79,25.79,2.49,0.43,-26.93,-0.41,21.84,2.58,81.02,90.33,12.25,2.64,-3.27,1.79,26.82,Forward
15.5,15.31,20.44,23.13,9.47,14.54,4.14,-14.84,23.36,-30.69,12.13,40.29,26.2,12.25,0.78,0.89,-1.13,25.73,Forward
27.41,5.61,1.76,6.69,24.42,12.12,2.45,-18.34,13.92,38.14,8.46,33.92,42.33,5.85,2.7,2.23,4.77,17.51,Forward
20.98,23.75,18.67,14.94,27.38,15.64,3.87,28.64,22.49,-60.28,11.09,45.2,77.6,14.16,8.05,4.75,-0.93,0.38,Forward
8.18,33.92,8.8,3.13,2.65,36.73,0.76,14.37,9.28,18.11,3.19,67.01,97.99,14.09,6.17,0.03,-4.88,14.49,Slow_Forward
8.71,43.75,12.76,22.53,22.81,14.91,0.67,-2.91,18.74,-18.37,5.93,20.27,74.43,3.23,3.93,1.37,3.01,15.84,Slow_Forward
21.02,37.51,43.9,25.5,8.03,36.7,4.45,-26.2,-22.78,1.48,12.03,115.4,32.7,9.53,2.79,-3.93,0.13,1.16,Descend
37.91,46.94,21.92,3.69,5.67,17.11,4.49,-23.05,28.1,12.53,13.66,88.18,21.95,9.15,8.1,-3.45,-3.5,23.08,Forward
44.92,2.88,13.84,24.59,18.23,34.23,2.33,18.77,-19.14,-79.22,3.4,6.57,54.56,14.05,4.85,-2.68,-4.77,18.22,Forward
4.39,0.81,29.55,23.26,21.32,21.01,4.35,26.73,-28.53,76.32,11.9,37.51,27.37,18.73,6.31,-4.46,4.92,7.99,Ascend
19.78,33.13,7.28,10.73,12.15,12.66,3.34,-28.12,1.85,51.5,1.63,6.98,30.49,0.46,0.62,-0.92,1.47,1.4,Forward
5.19,14.61,13.12,20.86,1.66,18.14,0.93,24.62,12.71,-10.36,6.39,28.31,67.1,3.31,4.58,4.51,-0.34,-2.17,Ascend
1.03,12.82,27.4,0.5,27.31,17.15,1.65,-7.17,12.99,8.54,14.08,35.1,56.34,7.55,0.65,1.53,-1.66,38.44,Turn_Right
33.15,16.68,12.03,27.99,22.06,10.62,0.69,-17.18,-9.65,-84.14,14.18,86.44,20.86,20.26,7.98,-0.64,-4.28,41.65,Hover
30.2,13.64,34.02,16.74,8.51,11.8,3.87,-23.87,15.23,-0.37,4.45,86.53,23.83,12.01,2.87,-0.06,1.45,35.04,Hover
8.32,25.67,24.68,18.8,15.16,7.7,4.93,16.3,20.55,-13.26,2.89,6.39,11.75,12.77,2.09,-3.53,-1.31,22.67,Hover
11.84,22.12,38.65,20.11,1.32,13.64,2.74,-1.87,6.6,-22.59,2.24,70.99,29.77,10.23,9.3,-4.03,4.9,42.89,Turn_Left
1.38,25.72,47.42,17.06,10.51,25.09,3.28,19.95,-6.84,56.76,7.21,115.35,89.86,10.38,0.67,-2.41,-3.91,15.7,Turn_Right
41.78,33.7,5.97,25.77,15.91,15.65,3.73,-16.43,6.81,-57.25,1.38,75.78,81.37,24.44,2.38,-1.94,-2.54,-7.54,Hover
48.74,19.48,16.87,18.49,15.76,28.58,1.13,10.71,21.73,-58.26,5.35,115.31,47.33,22.47,2.78,-3.77,-0.97,10.55,Descend
6.95,12.72,16.11,27.28,6.64,39.48,1.69,-22.91,24.03,3.9,0.26,46.29,76.77,18.15,8.32,1.91,2.97,-0.15,Slow_Forward
11.73,8.48,7.73,17.68,23.41,15.27,2.07,-24.61,-28.11,33.69,3.89,55.71,46.63,8.1,7.25,4.23,2.77,28.03,Forward
43.45,17.6,40.55,5.55,9.32,18.67,2.98,-22.0,-22.66,-85.96,13.5,59.96,81.29,12.84,9.69,-3.26,-2.56,6.28,Forward
46.34,37.14,38.04,27.45,17.62,6.82,4.25,18.53,-29.73,8.25,6.7,110.95,26.38,17.24,7.1,3.38,-1.39,15.82,Descend
21.1,37.88,24.32,20.61,8.51,15.87,1.28,9.34,-0.45,-36.23,1.11,46.25,23.73,9.86,2.75,-2.02,-4.41,41.39,Forward
2.72,33.41,26.98,21.13,13.04,29.16,2.36,-20.04,-3.82,46.24,9.7,118.03,17.01,13.11,2.08,1.07,-1.22,44.59,Turn_Left
2.16,11.85,3.17,29.57,6.62,8.93,3.76,-6.91,2.75,-5.6,14.33,65.63,31.76,3.64,7.68,-4.11,-3.32,19.42,Turn_Left
28.78,29.49,27.86,2.72,19.17,7.53,0.45,15.82,11.02,60.13,6.95,26.96,23.17,2.34,9.06,-2.61,4.2,5.15,Forward
19.77,28.62,39.61,13.14,13.05,15.24,2.57,-12.86,-8.05,-18.54,9.36,13.34,81.88,4.18,9.16,-3.42,3.08,14.17,Forward
1.63,24.32,28.78,7.55,0.98,32.8,0.73,25.28,-17.49,58.88,13.79,21.57,31.6,18.89,7.83,-3.39,-3.35,38.14,Turn_Right
29.25,27.59,13.41,19.1,1.33,25.06,2.7,24.88,-6.31,38.97,6.29,5.67,56.46,4.75,8.05,4.33,-0.09,3.1,Ascend
0.76,24.69,33.44,24.3,14.4,38.32,3.84,3.17,-29.46,59.09,9.97,83.38,78.06,23.12,6.79,-1.36,4.58,-6.56,Turn_Right
39.41,28.36,18.2,29.01,5.91,36.21,1.19,7.92,19.77,56.24,6.61,62.51,70.94,9.21,7.49,-3.04,-0.89,34.99,Slow_Forward
15.46,35.83,27.33,13.91,17.76,6.3,4.25,9.19,-6.98,-2.45,14.43,88.81,28.41,4.23,1.6,-3.29,-0.52,19.14,Forward
2.2,5.66,24.48,23.69,12.54,1.99,1.68,-14.49,7.37,-23.74,7.56,94.09,16.94,20.63,3.63,1.73,-1.58,39.33,Turn_Right
29.5,37.53,19.18,27.55,19.81,16.14,0.96,-8.08,-10.52,47.73,13.28,111.83,92.06,11.42,4.85,2.18,-0.08,27.69,Descend
20.0,6.97,36.0,20.66,28.6,21.03,2.33,-21.84,6.89,-24.93,7.61,14.92,65.98,9.71,6.81,4.8,0.97,-8.05,Forward
48.7,3.52,44.22,7.66,16.1,20.77,4.38,25.49,2.43,-73.91,10.03,23.15,73.59,8.24,4.47,1.26,-4.1,33.3,Forward
27.3,48.81,0.46,18.43,23.73,5.62,0.35,13.43,-17.49,64.59,5.79,66.24,44.74,8.26,4.06,-0.41,-4.07,0.49,Forward
13.91,47.86,46.69,29.11,22.71,5.26,1.64,-27.22,7.52,-18.5,13.76,16.41,31.74,16.59,5.85,-2.76,2.69,-3.03,Forward
35.53,3.21,25.67,29.63,27.69,2.16,3.27,2.96,-23.42,-66.13,9.7,12.03,57.76,13.52,4.25,-4.61,4.83,20.93,Forward
13.72,22.27,35.1,19.45,6.81,34.08,1.79,-9.42,-1.13,26.37,0.3,80.29,17.01,11.69,1.19,3.81,-0.09,14.24,Forward
45.23,9.47,42.81,26.67,24.91,37.93,0.36,18.92,13.19,70.16,0.23,87.24,82.0,11.18,9.71,2.89,3.61,6.6,Forward
18.86,24.37,23.46,6.41,27.21,4.89,1.67,-9.37,2.94,64.97,10.14,101.36,68.91,3.55,9.3,2.96,3.69,22.38,Descend
27.58,41.54,41.78,7.76,12.09,8.76,4.11,8.65,14.78,9.8,1.71,109.97,78.55,20.7,0.87,-1.78,-1.3,30.88,Descend
2.72,47.54,9.05,28.61,9.76,3.87,4.84,-20.06,-13.61,-74.15,10.74,53.66,61.23,23.17,5.53,-1.42,-1.71,17.13,Turn_Left
21.42,31.79,8.13,4.49,28.59,35.14,0.21,3.53,-27.07,35.39,4.83,117.61,62.01,20.06,7.27,2.84,2.3,33.35,Descend
41.65,17.82,32.94,6.14,19.02,38.36,2.85,-12.37,-26.64,19.59,8.08,5.51,64.03,11.28,6.29,1.88,4.11,13.02,Forward
40.32,30.25,43.53,12.91,11.73,10.69,0.54,-20.11,-13.88,-52.17,2.62,104.55,80.57,24.3,3.86,1.5,3.54,17.44,Descend
11.37,15.74,44.64,17.89,23.86,12.35,3.41,7.16,-5.54,72.1,3.69,39.26,30.28,15.47,8.13,0.55,-1.81,19.94,Forward
11.46,45.51,32.26,18.31,9.48,14.7,0.05,8.32,2.25,-74.4,6.55,110.68,71.34,19.35,6.34,-1.32,-1.45,7.35,Descend
40.9,43.55,26.37,9.11,5.7,20.25,0.08,29.0,15.46,-22.85,9.98,27.49,59.74,18.53,2.77,2.41,2.36,9.99,Forward
46.53,28.0,16.7,27.66,16.55,27.39,3.89,10.15,20.38,-72.98,2.34,89.18,54.56,17.7,6.31,-1.39,-1.83,18.13,Forward
4.95,16.37,49.0,27.5,17.2,20.32,0.38,0.94,11.62,74.15,4.22,51.63,58.68,16.05,3.11,2.35,3.52,38.58,Ascend
22.61,14.81,16.12,12.07,24.86,38.05,1.53,24.76,-2.21,-83.63,3.1,46.39,34.5,5.29,6.16,-3.1,0.09,20.27,Forward
17.01,1.86,37.26,13.31,13.98,4.27,4.79,19.7,-14.13,-13.36,12.94,8.07,13.34,7.36,7.76,0.9,-2.07,-4.02,Forward
43.56,40.83,26.69,21.22,24.53,32.0,4.93,2.92,-4.33,65.12,9.72,85.0,78.32,22.17,3.37,-1.43,-2.14,30.2,Hover
4.36,22.63,30.5,20.06,9.68,13.58,0.82,0.68,-13.6,-44.75,7.03,21.87,92.46,4.5,3.18,3.29,2.84,18.4,Ascend
10.71,16.39,19.8,11.78,17.47,15.29,2.81,26.52,7.47,-71.1,14.2,56.1,53.27,3.8,7.4,0.19,-3.75,11.97,Forward
37.67,23.66,48.25,12.72,6.65,28.44,2.8,7.03,19.09,-67.14,11.04,17.82,85.41,7.1,5.33,1.24,4.32,28.03,Forward
2.75,40.97,28.67,10.77,11.87,37.2,2.27,12.83,1.09,-17.11,13.98,72.93,59.97,9.06,1.82,-4.17,-0.87,-0.83,Turn_Left
24.73,6.41,46.9,7.44,25.8,28.73,4.62,-24.8,-27.25,-12.86,8.96,28.5,93.73,13.83,5.68,-0.05,3.44,33.19,Forward
22.22,42.91,0.58,14.02,6.87,31.1,3.77,13.1,26.38,39.25,2.07,71.73,55.76,15.14,6.8,2.81,2.92,29.4,Descend
16.85,44.9,28.72,20.75,24.4,30.11,3.82,-14.12,-12.34,-47.17,10.13,113.65,28.44,19.77,5.17,3.6,2.79,0.2,Descend
19.85,47.35,35.92,22.39,8.84,13.04,1.36,-23.07,24.87,36.33,3.02,110.59,88.31,1.84,6.43,2.21,1.74,36.55,Descend
26.59,19.99,37.3,23.48,1.52,30.35,2.18,20.98,18.78,89.82,5.19,24.86,82.02,5.21,3.97,-0.81,-0.01,0.6,Ascend
8.24,11.01,45.27,11.55,3.74,31.45,2.44,11.47,-5.21,65.57,7.64,12.8,45.82,12.63,8.84,-2.43,-1.1,27.26,Slow_Forward
28.69,18.81,0.42,23.06,22.5,21.48,1.5,-5.55,-26.6,24.4,2.36,6.08,85.77,6.27,2.78,-1.11,0.81,10.23,Forward
40.31,16.78,0.22,0.69,8.23,21.61,0.48,-4.11,26.86,79.18,0.31,99.59,10.81,21.84,3.17,0.62,0.27,31.56,Hover
38.06,8.97,23.72,14.57,19.8,30.46,0.64,-18.17,9.54,88.4,4.91,30.67,81.98,16.0,7.85,-4.94,-1.49,-6.81,Forward
7.86,30.44,1.66,23.92,21.13,32.74,0.91,-29.43,-15.02,12.65,12.36,34.79,71.92,12.26,1.05,4.12,-0.07,3.74,Slow_Forward
7.63,23.94,48.73,19.09,10.68,13.69,1.03,-9.04,2.01,-40.75,0.23,27.92,44.17,0.01,9.88,-1.56,-1.35,15.88,Slow_Forward
13.56,43.31,11.26,14.48,14.51,32.12,1.22,-21.1,8.12,74.7,1.64,100.97,81.24,21.47,6.48,2.97,1.58,29.31,Descend
18.18,1.8,23.74,19.52,12.41,32.62,1.28,-4.7,-16.4,61.96,12.1,117.49,21.4,11.52,8.17,0.34,3.35,23.85,Descend
20.54,32.26,3.24,27.25,28.45,9.59,2.28,20.03,-24.39,-74.77,4.59,90.87,28.3,13.29,6.05,1.62,2.87,42.47,Turn_Left
34.05,38.19,26.2,17.21,9.94,28.76,2.55,-23.11,-13.95,78.55,14.07,99.01,58.02,17.46,7.97,2.59,-1.59,20.75,Forward
3.02,38.02,19.12,24.09,5.91,7.71,1.55,-24.49,-27.14,-24.08,5.7,74.84,89.29,23.44,4.62,-2.12,0.09,6.6,Ascend
1.93,44.33,2.42,29.43,11.28,3.99,4.54,24.13,-25.8,-32.02,11.95,63.92,21.71,3.96,5.98,1.06,-4.89,13.85,Turn_Left
19.72,36.51,16.89,21.31,20.25,23.11,2.77,14.71,-20.6,-28.21,3.88,86.87,60.78,1.78,6.79,2.52,3.7,-5.85,Forward
34.92,46.4,19.69,17.41,21.07,36.37,3.94,-26.82,-20.5,-32.4,0.93,5.26,77.78,3.05,9.07,2.71,-2.55,-3.57,Forward
9.83,16.77,49.5,1.61,27.76,1.71,4.62,-25.23,-15.12,2.88,13.22,8.31,76.9,18.52,0.83,-0.84,-0.59,18.47,Slow_Forward
32.15,25.26,10.55,11.55,26.51,33.11,0.82,11.1,26.25,14.36,13.91,82.79,66.52,3.23,1.53,2.29,-3.47,43.66,Forward
13.14,0.9,27.33,17.18,9.01,20.41,2.15,-7.78,4.55,-13.39,10.62,40.87,94.68,12.52,7.06,-1.98,1.78,3.45,Forward
44.33,0.55,49.37,24.02,13.93,34.48,2.17,13.45,-4.65,-15.74,11.55,59.17,53.39,17.66,3.77,-3.76,0.45,32.75,Forward
44.81,12.16,39.64,13.42,22.54,33.79,1.78,-5.73,3.83,42.72,0.11,94.06,89.22,17.82,6.94,-3.87,-1.35,10.16,Forward
15.0,5.22,49.67,28.82,27.54,35.05,0.05,28.07,-29.66,-89.46,11.31,69.68,65.76,10.16,2.66,0.06,0.35,-8.25,Forward
11.65,13.16,48.42,8.52,10.45,30.82,4.08,11.66,23.68,80.44,7.08,96.83,76.37,17.47,6.47,-1.17,-3.31,-0.99,Forward
20.68,9.02,24.58,22.46,13.61,33.77,0.57,-27.2,1.94,38.6,6.79,50.88,51.83,23.75,5.04,-2.68,2.76,24.19,Slow_Forward
12.18,1.62,34.88,12.86,27.03,7.29,4.98,-10.17,-2.9,37.31,8.1,35.2,25.09,0.7,1.67,-1.09,-2.34,2.6,Forward
33.68,45.48,5.7,14.84,11.08,12.36,3.87,3.82,26.5,-14.05,4.07,28.95,19.82,16.78,9.33,-0.88,1.15,36.83,Forward
41.34,0.61,22.17,24.17,14.68,9.93,2.9,-21.49,13.82,83.84,10.44,16.67,71.41,13.07,8.03,0.54,3.99,10.18,Forward
33.72,36.86,40.49,9.24,27.18,29.77,0.78,-29.85,-9.75,-89.94,4.43,5.38,43.88,5.31,7.92,-4.42,-4.61,2.41,Forward
41.25,7.78,25.37,3.36,24.17,6.4,2.58,-25.24,26.17,-76.23,8.38,7.32,61.07,7.69,7.12,4.08,-1.12,32.84,Turn_Right
19.97,45.63,35.19,15.85,7.68,7.53,1.31,1.46,21.12,54.73,2.05,33.25,77.14,20.93,0.7,-1.28,-3.65,-1.26,Hover
7.98,44.66,37.34,16.1,10.08,35.19,1.27,7.94,27.27,42.97,10.13,34.13,80.78,14.67,5.29,1.15,4.09,42.4,Slow_Forward
36.95,32.76,12.82,24.02,10.91,28.32,4.15,-24.43,-24.23,-41.16,2.84,46.43,55.87,0.36,7.63,-1.94,-1.4,3.08,Forward
18.15,33.68,43.81,29.07,27.43,35.05,1.91,9.91,27.32,17.06,2.56,71.4,38.31,24.13,2.56,2.62,-2.87,34.84,Hover
33.63,0.47,23.1,2.13,29.97,5.83,2.26,7.03,2.57,5.77,0.36,91.36,79.83,16.65,6.34,-0.41,1.76,18.43,Forward
13.68,49.25,10.67,17.95,23.33,16.14,4.22,26.39,10.33,4.88,1.83,24.53,47.38,11.07,9.33,-1.78,0.43,30.65,Forward
4.25,43.92,43.3,20.6,14.79,11.54,0.45,20.44,-17.27,17.2,3.49,91.35,94.31,17.81,7.65,4.64,3.17,-2.41,Ascend
49.63,44.78,21.01,29.58,0.8,0.68,2.98,26.59,-21.58,88.87,3.33,17.54,84.21,5.11,5.7,3.65,2.53,1.46,Ascend
7.98,33.03,37.57,28.31,21.08,11.6,2.9,27.97,-25.24,87.72,4.92,118.65,77.22,6.51,3.44,-3.2,4.75,0.9,Slow_Forward
49.42,17.37,27.49,21.52,11.99,15.37,2.13,-3.55,-4.66,86.7,0.82,34.92,31.71,3.8,6.55,2.01,-4.09,-2.61,Forward
48.87,44.7,19.22,15.89,19.17,3.96,4.15,-0.73,-16.72,8.76,14.03,100.64,42.65,9.93,7.29,2.54,-4.2,4.57,Descend
39.73,14.72,40.53,5.26,18.4,22.79,4.72,-13.1,-25.1,-32.74,1.79,23.67,86.41,22.62,6.56,-4.65,4.07,36.19,Turn_Left
33.04,28.22,29.31,11.83,14.68,15.51,2.33,0.51,27.3,10.82,10.53,114.13,12.08,9.71,7.68,4.61,4.56,31.12,Descend
28.97,5.17,19.65,17.76,28.36,2.14,2.29,-20.96,14.0,22.08,8.03,99.37,80.33,7.2,3.15,-2.67,-0.93,6.85,Forward
43.33,46.11,5.66,21.89,1.18,28.25,2.52,10.29,1.07,-33.94,8.29,43.77,46.37,17.59,5.32,4.08,-0.44,10.11,Ascend
14.61,7.21,44.79,19.24,21.51,29.25,3.62,-28.5,14.6,23.9,1.58,51.16,81.94,21.74,5.71,1.54,-1.31,30.4,Hover
23.49,11.4,1.97,21.57,12.59,33.43,3.34,-15.86,6.69,21.96,3.65,1.46,59.72,6.11,1.35,0.12,2.78,35.31,Forward
31.05,28.0,43.19,13.16,21.56,19.58,1.12,-17.52,-19.32,72.62,11.7,30.92,57.41,20.2,2.18,2.86,2.71,13.32,Hover
20.68,38.25,18.13,21.97,20.42,38.76,0.33,26.27,8.01,-47.23,6.96,35.43,73.14,7.62,3.41,1.75,-2.8,30.74,Forward
21.49,31.04,32.04,4.74,0.8,36.59,4.75,-21.31,10.86,35.57,6.86,54.88,82.57,6.18,0.95,2.4,-1.16,21.3,Ascend
16.65,11.76,46.13,5.3,8.92,22.19,1.31,23.45,-15.75,-8.86,8.19,17.55,72.41,11.82,2.72,3.58,-2.88,44.57,Slow_Forward
28.3,0.25,7.75,5.3,6.08,17.96,3.2,-22.54,-10.79,-66.62,6.51,57.97,50.56,1.67,5.46,-0.29,-4.53,27.98,Forward
42.56,37.91,28.43,26.78,5.43,0.42,4.14,9.04,-7.0,-33.09,12.09,80.55,38.88,21.56,5.65,-0.74,-4.44,30.59,Hover
10.24,49.26,38.27,2.74,21.99,28.53,1.51,-10.81,6.15,-79.69,11.23,45.18,86.11,21.86,2.87,4.0,-3.53,36.36,Hover
46.73,40.53,37.93,24.14,7.57,22.73,3.18,-11.04,-22.39,-32.52,4.76,28.63,56.87,16.93,9.49,2.98,-4.7,-2.16,Forward
34.52,23.12,26.38,7.39,14.5,37.52,0.55,29.9,14.61,-77.58,12.18,66.18,80.51,7.57,4.94,-4.81,-0.77,10.21,Forward
41.2,45.21,31.31,14.32,7.79,23.89,4.85,-16.44,-9.24,76.58,7.78,4.45,99.61,4.17,6.55,1.54,-4.36,17.03,Descend
27.9,20.61,37.92,27.52,17.62,39.72,0.3,-17.85,11.51,-71.69,9.42,41.56,67.95,17.47,0.79,4.04,3.47,-1.6,Forward
39.02,26.34,42.08,17.79,21.76,34.2,2.2,5.36,25.97,57.12,12.99,63.78,35.05,2.58,4.29,1.84,2.12,9.91,Turn_Right
1.01,23.96,38.14,6.7,10.27,38.16,2.69,14.45,22.19,73.1,7.14,40.97,87.9,10.28,5.65,0.53,2.84,27.71,Turn_Right
40.96,22.49,17.83,8.88,18.29,13.31,3.95,28.95,14.25,-5.82,11.34,42.11,34.63,2.22,3.47,-3.24,1.17,3.78,Forward
2.2,38.8,49.84,27.65,24.83,6.23,0.61,12.08,-18.4,-80.29,9.42,101.95,33.44,10.66,2.13,4.51,1.64,16.48,Turn_Right
44.52,26.43,21.84,13.1,3.28,31.94,2.21,3.71,13.92,17.24,6.4,112.15,16.65,3.36,2.41,1.26,-3.87,-2.49,Descend
49.6,15.97,1.42,17.82,21.46,31.51,1.51,-5.45,8.15,-47.74,11.84,99.46,17.07,0.8,4.93,-3.99,-4.42,-3.72,Forward
14.84,13.06,18.26,14.07,10.03,8.69,1.57,5.71,16.35,-58.2,1.58,12.77,87.61,11.24,1.17,4.28,4.89,10.2,Forward
10.67,2.08,6.56,11.66,4.12,30.66,3.9,6.05,22.13,12.02,8.72,35.48,30.77,14.19,2.73,0.17,-1.27,29.98,Forward
38.32,29.24,6.25,7.09,16.6,23.4,0.04,-16.94,-11.31,-25.85,0.7,85.64,19.78,10.98,7.34,-3.43,-4.49,18.94,Forward
12.8,11.65,14.22,20.74,7.17,4.65,3.75,10.27,8.66,41.47,2.34,116.95,41.73,4.4,2.54,-2.73,-3.4,24.56,Descend
43.31,7.58,2.86,21.69,24.73,20.22,4.05,-17.73,-13.49,16.43,8.98,29.83,74.22,1.94,1.61,4.68,3.74,12.17,Forward
5.32,32.76,34.49,8.61,1.77,37.27,4.51,-0.6,-9.22,59.28,4.61,107.89,40.57,3.16,1.3,-0.63,-2.94,22.24,Ascend
6.47,34.12,3.88,23.78,3.41,20.41,3.14,-14.41,1.24,-79.49,3.94,88.94,37.84,18.18,9.89,-0.8,-0.33,16.62,Slow_Forward
48.96,37.66,10.32,25.71,15.87,31.61,1.67,-11.23,-3.95,-47.71,14.34,118.03,53.93,0.4,1.33,-0.14,1.67,11.85,Turn_Right
33.76,25.28,4.83,27.66,17.87,1.45,2.14,6.83,6.04,12.06,5.49,12.14,11.91,21.58,4.62,2.01,4.66,-8.67,Hover
42.37,44.72,3.35,5.26,22.03,29.2,4.85,-26.13,15.53,68.48,8.47,47.97,54.2,21.0,5.36,-1.35,-4.86,36.5,Hover
16.35,46.83,13.53,9.47,8.15,37.89,4.41,-29.28,6.3,56.42,8.01,57.9,99.1,22.01,9.66,-0.79,-0.12,42.38,Hover
33.89,40.41,28.68,25.88,25.33,20.13,2.32,-22.16,28.19,32.32,0.93,80.98,81.94,21.97,8.97,2.46,4.96,19.14,Hover
29.79,31.85,48.24,6.36,28.62,13.71,4.72,-19.88,14.29,13.33,10.11,78.82,16.34,16.69,2.76,-0.39,-3.78,14.58,Forward
30.24,15.33,43.8,0.6,15.22,25.97,4.12,-18.13,29.1,23.66,7.69,108.86,68.93,21.19,1.3,2.14,-3.76,32.05,Descend
34.19,49.15,43.82,26.19,22.94,36.68,4.51,16.44,14.61,-51.55,5.72,100.8,51.5,18.26,4.66,4.62,-4.13,-9.29,Descend
28.85,13.85,8.97,10.13,15.98,7.32,3.42,-3.19,0.48,17.13,0.99,7.59,84.36,7.5,1.46,4.63,0.08,-2.38,Hover
21.57,10.29,13.39,12.73,2.55,16.33,4.29,-1.8,-5.34,-1.12,4.4,58.9,18.87,18.88,8.78,-0.53,-1.52,5.27,Forward
13.94,22.22,4.0,13.67,10.12,6.5,4.46,8.66,14.14,-20.8,13.26,49.44,30.95,15.39,7.19,-2.66,2.16,-5.38,Forward
38.48,3.03,38.97,25.52,3.08,20.02,0.47,13.75,11.23,69.79,2.61,119.66,81.2,0.69,9.47,-2.49,0.71,-7.48,Descend
11.47,48.93,3.68,10.47,29.67,21.75,4.83,-29.79,10.13,59.29,3.29,51.84,86.43,19.66,5.91,3.19,0.81,41.63,Forward
34.68,29.5,27.92,26.82,7.26,37.78,1.67,21.4,13.31,-76.19,3.08,82.23,57.64,21.77,3.96,-4.2,0.11,0.16,Hover
11.82,27.94,12.54,18.7,19.26,16.68,2.21,29.31,22.33,87.43,13.36,34.85,11.77,12.94,5.26,-4.6,4.92,22.61,Forward
31.34,32.86,12.32,16.05,8.89,22.81,3.96,-22.69,-16.33,-48.6,10.5,74.14,90.43,12.18,2.03,1.81,0.39,19.63,Forward
37.4,24.95,49.54,10.11,19.77,35.44,3.33,9.06,3.89,-51.24,13.23,25.59,44.45,10.68,4.9,4.1,-4.28,5.74,Forward
11.09,1.8,37.89,7.69,6.71,13.06,4.47,-29.86,6.2,79.89,13.71,72.83,13.57,17.97,9.99,-2.69,-1.78,25.61,Hover
3.19,30.69,41.88,18.91,23.67,27.06,2.01,-27.06,-12.43,-9.94,13.92,104.31,83.69,5.39,7.06,-4.45,2.81,7.9,Ascend
6.72,35.87,28.68,13.68,3.77,30.36,1.87,-12.9,29.28,54.97,7.29,3.29,47.63,19.35,1.09,3.95,1.28,15.17,Slow_Forward
30.38,20.95,43.58,27.36,26.91,13.42,0.17,20.78,17.13,-38.12,7.14,61.05,27.1,7.31,7.39,-1.46,1.84,10.94,Forward
42.5,37.91,32.35,15.0,25.29,6.82,2.32,9.15,-10.72,67.17,12.43,117.9,82.14,6.54,1.46,0.5,4.22,40.09,Descend
2.44,11.5,47.32,15.6,20.52,20.27,3.62,-3.25,-8.49,59.81,4.98,19.95,51.19,20.23,4.21,3.36,-0.56,41.18,Descend
36.76,11.22,14.21,12.79,2.49,14.47,1.51,-3.68,13.1,3.51,0.33,22.83,64.7,4.36,7.97,-2.5,-4.8,10.57,Forward
17.2,8.24,29.85,23.78,6.65,10.88,2.32,-2.04,-29.31,36.91,4.97,57.03,84.08,21.56,1.72,1.01,4.9,3.58,Hover
24.03,18.73,34.57,13.03,25.85,38.94,1.1,-11.34,-2.16,83.53,10.75,104.65,57.02,24.45,3.28,4.92,-0.45,30.51,Descend
46.46,42.38,19.77,8.45,4.1,20.24,3.87,22.66,-9.41,-8.63,1.85,67.97,19.94,8.0,2.35,2.41,-4.02,7.33,Forward
16.73,41.43,44.01,25.93,5.1,34.3,0.31,4.07,21.24,-1.04,11.77,61.54,96.74,23.2,8.77,-1.03,0.49,16.45,Hover
23.37,19.26,48.99,18.11,16.55,8.05,3.53,-0.96,17.48,40.1,12.23,11.32,35.79,14.16,1.91,2.68,0.9,19.91,Forward
0.88,29.54,24.79,17.95,8.59,37.6,1.9,-2.1,-10.07,-20.44,1.51,115.48,99.48,6.48,5.59,-4.78,0.64,44.28,Forward
4.26,36.1,19.65,18.52,7.05,31.84,0.22,26.15,21.89,83.02,1.47,42.31,10.54,11.32,3.12,-2.85,4.65,11.06,Ascend
13.08,12.21,23.7,21.71,17.49,32.41,4.27,13.42,24.82,-82.72,2.98,30.97,53.54,20.0,5.32,2.45,-1.8,12.54,Turn_Right
1.59,8.57,42.67,9.74,11.49,15.77,2.44,-21.31,3.15,-17.39,5.35,50.0,73.44,16.67,2.09,-2.38,-4.65,-6.25,Turn_Right
31.64,48.61,32.34,1.5,4.65,19.58,3.0,-3.78,-20.45,38.49,7.99,50.29,91.57,12.37,7.7,-3.74,4.2,26.46,Forward
21.43,30.95,2.43,24.41,16.28,23.86,3.66,-12.7,16.22,-12.71,7.28,55.57,80.23,6.43,6.61,-2.07,-3.09,0.51,Forward
27.5,49.07,27.2,4.3,11.92,31.65,3.28,29.21,-10.84,-43.34,12.8,82.94,33.01,18.14,0.91,-3.29,2.49,23.75,Forward
8.9,17.02,1.06,21.79,22.17,34.01,3.66,-5.08,1.64,-15.58,2.13,104.29,31.9,7.83,9.5,-0.79,-2.96,3.31,Slow_Forward
14.94,35.21,38.97,2.93,3.53,3.4,3.81,-25.93,-27.26,68.67,10.46,7.82,42.09,8.27,8.98,-3.75,3.29,41.95,Forward
33.26,11.29,16.55,11.57,18.81,36.19,2.95,-5.33,0.01,8.46,8.23,59.4,19.95,18.67,3.33,3.38,4.06,-5.57,Forward
48.27,13.21,23.71,2.36,13.38,37.52,1.83,-10.72,-7.18,-29.68,11.05,50.26,70.26,13.96,3.27,2.8,-3.95,41.14,Forward
2.71,25.69,39.97,15.91,12.48,23.84,1.22,5.97,11.16,30.87,5.13,2.29,94.71,4.65,5.24,-1.93,-3.53,20.29,Turn_Right
44.54,16.12,2.51,19.77,7.35,7.71,4.52,-16.44,-27.55,20.13,7.07,98.16,67.79,17.18,6.38,0.2,4.25,41.54,Forward
28.93,8.55,8.1,5.56,1.4,32.79,4.85,-27.84,7.5,10.88,0.43,13.41,58.0,6.45,3.26,3.55,2.71,17.12,Ascend
28.28,13.29,20.02,11.46,25.51,22.08,1.79,-24.25,16.32,-19.59,1.74,14.66,55.3,19.01,8.06,4.29,-4.61,-7.52,Forward
25.11,1.98,11.65,27.94,10.13,32.74,0.57,-13.01,-29.23,-77.0,5.62,6.75,63.34,11.97,1.25,-4.09,-3.18,0.88,Forward
3.66,35.28,17.03,13.55,20.59,32.65,1.12,-9.1,15.0,21.73,7.22,24.85,73.96,14.87,4.28,2.22,-0.88,9.33,Ascend
4.68,24.71,49.91,24.18,28.45,3.74,3.36,20.07,-22.19,-14.44,1.29,22.04,81.55,15.02,5.78,-3.65,3.64,41.57,Ascend
30.13,4.89,41.31,27.85,17.17,24.4,0.87,-13.8,11.88,-12.82,12.37,42.4,72.85,3.67,8.1,-4.8,-3.49,31.76,Forward
17.18,8.75,44.22,29.24,12.22,19.48,3.9,-28.11,-2.68,-47.87,14.19,79.45,73.45,16.26,8.78,-4.21,2.24,23.09,Forward
45.88,5.31,46.87,27.0,8.41,37.86,4.62,16.84,3.12,-45.1,8.95,7.46,95.66,21.68,2.82,0.76,-4.16,14.18,Hover
20.45,30.71,17.18,9.86,28.05,12.08,4.82,22.14,-9.76,51.74,0.8,103.37,90.94,22.28,2.79,-1.23,-0.33,14.58,Descend
7.34,4.89,14.99,28.9,20.62,8.48,0.06,-0.46,-15.27,-3.71,11.08,39.86,84.15,17.21,4.0,-3.81,2.29,25.89,Slow_Forward
35.79,37.76,11.86,24.47,20.13,35.91,4.79,-12.9,-25.74,-70.33,3.26,73.19,13.9,24.22,4.56,-0.26,-4.35,29.62,Hover
14.81,1.22,41.54,25.2,13.07,6.2,3.7,16.33,21.88,-81.75,11.0,2.43,70.2,14.96,8.56,0.08,-2.96,16.26,Forward
26.37,12.62,34.04,0.95,25.43,27.55,0.43,-29.47,6.63,-49.55,6.52,44.53,50.95,6.37,0.57,2.87,2.92,33.9,Forward
34.95,44.56,11.96,28.65,21.55,12.21,2.08,25.44,28.97,-2.26,0.8,1.24,65.58,16.5,7.01,1.64,-3.36,18.84,Forward
45.03,35.98,18.97,23.45,8.85,22.84,3.5,21.93,21.03,21.11,4.18,20.69,71.77,22.73,2.59,-0.34,1.68,18.31,Hover
39.65,3.83,25.43,23.16,18.19,24.76,4.78,2.69,22.18,-64.14,6.41,54.29,74.32,8.97,8.88,-1.76,1.42,25.66,Slow_Forward
33.88,41.09,26.5,2.9,13.19,16.87,0.83,-13.35,5.87,-11.91,11.04,64.68,88.25,6.62,3.51,-4.98,0.2,33.68,Forward
34.05,24.75,44.46,7.36,0.69,39.01,0.65,-28.03,-25.14,-76.94,2.0,19.2,91.9,24.16,5.61,3.32,-2.98,22.84,Ascend
47.31,42.37,19.15,28.89,24.32,5.53,2.37,29.99,24.8,-83.21,4.31,89.68,64.61,19.16,3.63,-2.33,-0.83,40.76,Forward
14.93,30.12,45.44,15.27,4.12,15.84,4.84,15.72,-22.93,65.4,1.25,23.49,90.47,1.24,4.54,-2.87,1.22,38.21,Forward
0.26,34.16,22.18,12.24,15.54,17.39,4.86,-9.68,1.03,28.5,9.24,14.79,78.82,14.03,5.46,2.35,3.82,32.34,Turn_Left
13.74,49.68,37.37,25.28,10.42,25.35,1.15,-28.84,21.41,50.6,7.11,40.68,28.25,5.86,7.6,-4.28,2.98,15.42,Forward
11.05,11.77,46.53,3.08,10.59,16.47,1.6,8.36,-1.66,-57.26,13.94,66.62,13.18,7.17,1.65,-2.37,1.07,23.7,Forward
33.16,31.27,45.4,12.8,14.58,4.15,4.54,29.21,-20.06,-32.01,11.11,118.68,10.89,2.19,3.85,-0.65,-2.72,17.87,Descend
31.76,23.12,3.04,11.58,29.91,37.91,3.68,12.42,-7.61,-10.12,11.67,50.83,62.8,5.77,6.58,-0.58,-2.83,-9.66,Forward
29.75,2.16,10.44,10.82,12.55,16.82,4.86,-24.98,29.3,28.45,2.47,51.69,56.94,12.63,6.09,-3.42,3.14,26.46,Forward
1.01,0.92,23.95,9.58,5.88,13.9,4.47,-5.86,29.99,6.27,4.0,8.06,72.67,1.96,7.92,-4.6,1.64,40.36,Turn_Right
36.49,6.14,21.69,6.7,18.6,18.03,1.08,-23.45,12.65,9.26,7.7,92.13,85.85,22.24,8.95,-0.29,-1.42,18.54,Hover
16.31,32.52,32.12,5.6,7.47,8.9,3.8,24.73,23.28,-61.75,0.2,22.63,24.8,19.39,1.39,-1.43,4.71,-0.62,Forward
33.32,28.44,47.25,19.39,3.61,4.28,0.25,-10.18,-27.35,-4.54,13.05,89.63,87.08,9.53,7.28,-2.15,3.9,15.27,Forward
27.92,27.76,5.8,27.62,1.98,6.2,4.09,14.0,-13.44,58.28,11.67,109.36,18.83,3.26,3.2,-2.29,1.72,-9.83,Ascend
17.27,1.79,22.7,15.51,1.17,6.92,3.01,-24.92,-7.86,1.7,0.87,92.42,89.49,24.85,5.07,0.04,-1.31,30.69,Ascend
6.9,23.57,9.78,9.29,13.22,8.15,4.78,-22.3,-29.28,-54.05,12.74,77.45,86.54,14.08,6.46,-4.78,-1.91,26.77,Slow_Forward
4.9,46.25,44.73,5.2,13.09,16.97,4.8,10.77,-7.38,-15.59,0.07,72.87,72.73,10.57,1.93,-3.94,4.39,25.84,Ascend
41.61,20.0,48.24,24.99,5.97,25.07,0.26,20.61,-24.42,45.87,1.71,54.98,37.0,4.97,3.79,-1.75,-0.57,13.87,Forward
45.94,31.32,24.04,29.16,23.63,25.27,0.81,-17.91,1.04,-65.7,0.83,18.2,18.41,5.08,9.77,-0.2,3.0,11.56,Forward
32.56,39.03,5.38,10.8,4.31,0.3,2.43,-4.9,-29.73,14.48,7.19,93.68,80.03,19.91,1.79,1.94,4.4,5.0,Forward
5.35,39.24,39.31,9.08,27.5,36.86,4.4,7.17,-13.77,83.76,11.76,57.8,29.61,13.0,1.29,-2.07,-0.08,40.39,Slow_Forward
20.22,26.06,34.92,18.24,17.83,32.97,4.07,17.78,21.98,-21.55,2.68,75.45,49.68,24.6,8.45,1.67,1.53,10.28,Hover
36.5,42.93,17.86,23.37,1.31,38.57,4.82,7.69,-17.22,-82.14,11.57,45.51,57.78,23.83,4.59,-1.13,-4.14,20.51,Ascend
39.04,19.69,44.39,13.93,28.91,14.59,3.09,-24.27,-26.11,23.96,2.77,24.89,71.69,5.17,6.91,2.75,1.53,15.15,Forward
6.09,44.46,48.8,19.09,9.58,26.69,1.29,2.57,-15.02,-81.52,14.86,96.97,53.87,24.98,3.4,-0.19,-2.85,26.34,Hover
0.2,12.16,27.98,21.64,13.77,6.97,0.14,23.08,19.65,-55.51,12.8,41.75,72.51,24.66,2.39,0.41,1.71,44.0,Turn_Right
35.66,14.15,28.37,28.84,8.89,32.74,1.12,22.08,5.23,-81.29,11.06,104.13,83.26,19.98,2.52,-0.65,-3.99,21.9,Descend
17.96,2.85,15.02,5.37,21.99,6.71,3.38,5.1,5.16,-59.28,8.88,115.92,74.18,9.77,2.36,-3.67,-0.05,12.4,Descend
12.87,39.82,29.31,29.92,14.83,13.24,4.63,29.74,-29.97,63.89,3.64,99.77,36.96,5.6,2.85,-3.29,0.21,23.35,Forward
0.84,20.97,22.09,12.07,4.41,19.79,1.61,-23.69,-1.67,42.27,1.79,16.25,90.49,2.58,2.6,-1.0,-0.16,-8.13,Turn_Right
27.11,11.61,15.25,21.83,3.57,23.9,4.38,-1.28,-14.06,-28.47,6.9,102.75,59.55,1.3,8.23,-4.01,2.57,39.75,Descend
42.59,11.74,3.55,17.39,21.9,22.52,1.98,16.51,-9.83,71.48,6.04,62.8,51.88,20.52,5.57,-3.6,2.55,-0.74,Hover
47.89,45.09,12.78,14.86,7.49,4.35,1.55,-21.54,5.92,29.73,10.12,29.73,61.75,23.64,3.32,1.24,2.06,19.71,Hover
28.37,41.73,10.05,21.09,4.56,17.04,2.55,28.36,22.46,-9.41,2.55,12.09,53.49,19.31,3.78,1.33,1.32,10.88,Forward
25.82,27.77,27.19,12.17,15.23,36.94,2.22,-8.76,-19.1,-77.7,8.43,34.14,77.96,18.98,9.6,-3.73,4.04,36.79,Forward
4.44,30.88,30.16,4.22,24.18,34.93,4.57,-8.99,16.09,41.53,10.4,17.35,47.86,10.38,2.25,3.54,0.76,42.96,Forward
27.53,23.82,30.51,14.92,8.72,23.75,2.35,-17.21,-27.07,-22.41,4.48,4.05,79.91,16.03,8.92,3.57,-1.52,-6.58,Forward
19.12,19.7,19.53,15.9,8.65,23.02,1.39,-12.72,-10.4,-35.49,11.7,118.54,78.41,16.78,7.5,-1.2,-4.41,1.38,Descend
30.44,45.79,21.18,6.46,25.1,4.73,4.21,4.66,-16.87,-38.11,6.48,99.95,34.92,6.43,6.33,-0.02,0.36,36.71,Forward
19.56,6.46,41.75,28.1,4.86,8.25,4.99,-4.24,24.94,-88.61,2.44,88.93,18.63,18.47,6.43,3.02,-2.72,14.97,Forward
12.17,21.04,23.92,7.21,18.69,10.33,3.24,-18.4,-19.32,43.68,2.92,23.97,86.59,3.65,4.52,2.63,-1.13,24.79,Forward
4.93,17.36,49.39,12.57,28.67,19.68,1.26,18.55,4.72,-63.84,4.18,4.3,25.2,7.34,4.67,-1.37,-4.5,10.41,Ascend
15.88,25.01,22.09,5.07,25.32,29.33,1.2,-26.27,-20.11,3.72,2.37,58.74,12.81,14.74,8.06,-1.83,1.41,19.39,Forward
5.01,22.99,32.55,16.31,2.32,18.59,0.3,20.08,-1.59,-87.11,8.44,89.26,46.21,13.49,8.2,1.64,3.87,4.68,Slow_Forward
9.01,26.04,2.71,9.58,9.94,5.3,0.4,-13.5,-5.2,23.02,14.24,115.58,32.87,17.61,5.93,-1.36,-1.75,22.45,Slow_Forward
49.37,7.17,32.74,14.93,4.7,17.74,4.58,-0.25,-27.52,-23.49,13.44,101.42,29.83,14.57,7.8,1.89,3.05,13.81,Descend
22.32,25.75,42.6,7.13,28.5,6.76,0.49,-7.14,19.55,23.53,4.86,107.33,25.51,1.24,8.2,-3.7,-3.74,27.48,Descend
26.69,12.27,47.13,2.09,29.59,30.12,2.43,4.24,16.81,-73.82,12.97,29.4,77.43,24.44,3.66,1.72,2.23,23.45,Hover
43.71,9.38,49.87,23.49,7.43,6.91,3.49,17.76,-13.33,-42.06,14.31,19.48,80.51,19.09,6.42,2.85,-4.2,-2.65,Forward
49.78,3.43,14.25,19.41,20.26,19.46,4.25,29.36,6.84,-70.14,4.41,30.49,14.18,22.01,4.64,4.05,-2.41,0.48,Hover
29.22,38.18,28.85,10.55,25.33,27.83,0.86,-11.64,-8.24,26.29,13.58,17.49,59.21,20.1,1.43,-0.44,-1.4,-8.72,Hover
40.66,21.49,22.65,1.9,7.39,9.36,2.19,3.23,16.15,-70.46,14.96,96.02,22.16,5.31,6.66,0.6,-3.43,9.7,Forward
16.48,31.41,28.28,26.03,6.04,3.32,1.26,-2.04,11.55,21.08,11.97,108.46,54.96,23.32,6.08,-2.11,-3.16,5.01,Descend
15.43,36.43,8.04,5.51,0.83,22.66,1.29,29.94,-24.57,-65.76,5.85,37.57,41.31,24.6,1.47,-3.5,1.99,-5.47,Ascend
20.25,34.03,42.84,27.96,12.65,2.45,1.53,18.53,20.65,79.8,9.13,105.35,28.16,1.97,1.17,-3.27,-4.04,27.3,Descend
33.69,23.63,45.5,14.62,27.03,23.63,2.94,-6.17,-19.23,-15.05,5.46,7.55,95.33,3.96,2.87,3.45,4.34,29.38,Forward
34.17,19.52,22.59,10.54,27.14,30.21,0.09,-1.39,-19.55,-67.21,14.94,81.61,96.11,24.76,8.42,0.41,2.68,26.43,Hover
15.9,18.92,14.17,22.38,4.27,13.37,2.05,-15.24,14.02,-82.47,1.02,63.77,60.76,7.34,1.1,-1.24,-1.43,2.82,Forward
6.83,32.07,7.21,26.37,6.53,19.69,0.94,15.31,-19.0,-30.7,13.4,33.93,26.92,20.5,4.87,3.64,1.29,24.56,Forward
31.69,24.84,34.25,11.44,12.54,37.17,4.84,20.71,-22.66,70.45,1.12,92.42,62.49,1.85,2.2,-3.86,2.19,10.89,Forward
6.59,42.49,15.75,12.52,23.53,19.0,2.92,27.9,-9.87,-64.11,0.63,26.23,93.56,18.31,2.91,0.94,0.94,-9.44,Slow_Forward
29.01,43.76,45.5,13.28,18.55,39.86,4.34,3.95,20.32,52.35,14.1,50.52,44.0,17.53,7.81,2.91,1.18,43.21,Forward
34.73,8.69,33.62,27.71,15.66,6.53,0.99,10.24,-19.39,-14.87,13.01,85.47,22.4,23.44,8.58,-3.75,4.16,29.48,Hover
35.09,6.98,32.36,20.93,17.96,28.44,4.05,-3.24,-9.66,54.53,5.42,41.25,72.43,18.22,6.01,-3.79,3.81,3.12,Forward
37.72,31.59,28.06,7.81,3.34,26.21,2.08,6.55,-12.82,67.37,14.36,102.79,69.06,1.03,8.7,-4.67,4.14,7.02,Descend
43.67,15.2,2.48,5.96,14.59,34.93,0.9,-9.08,-8.64,89.61,12.93,103.99,10.12,11.26,8.64,4.42,3.85,39.4,Descend
25.1,1.12,46.61,7.3,29.77,3.97,3.81,14.26,12.86,-77.72,13.53,25.1,86.82,8.7,2.6,1.92,1.85,4.02,Forward
36.57,44.45,31.47,8.28,3.11,11.42,3.81,-28.64,-5.67,53.33,8.93,53.41,69.47,14.27,6.63,-4.29,-0.08,-4.92,Forward
31.03,11.5,49.7,7.29,15.82,5.55,4.98,-28.29,15.57,-77.46,14.37,52.41,27.61,10.71,7.89,1.71,-0.13,36.26,Forward
9.49,46.48,26.96,19.93,9.22,37.34,3.91,12.97,8.42,-33.34,12.14,49.8,10.29,7.02,5.83,-1.96,2.72,28.37,Hover
1.48,35.93,35.56,3.92,16.43,17.24,0.73,25.84,-8.33,26.32,14.1,60.73,97.51,16.53,8.15,-3.91,4.24,19.85,Turn_Left
14.37,38.18,3.0,11.93,17.43,36.43,1.62,7.93,-4.07,-9.49,4.22,9.85,77.92,7.78,6.47,4.92,-4.12,20.49,Ascend
22.26,10.23,31.66,18.94,17.54,11.99,2.26,13.59,12.22,11.75,7.98,104.54,42.85,21.27,3.2,-3.2,3.77,27.83,Descend
30.93,11.86,38.28,9.08,25.64,5.32,0.64,19.44,2.09,83.91,13.01,35.5,48.95,8.07,7.01,2.99,3.5,40.09,Forward
42.53,26.16,38.97,2.43,12.0,12.07,3.94,-8.3,22.1,57.36,8.7,1.22,58.5,12.88,6.09,3.81,-4.12,35.24,Forward
9.97,8.77,38.55,2.91,15.73,24.01,2.64,-23.51,25.99,-24.54,12.02,82.53,74.68,20.65,6.44,0.3,1.57,2.83,Hover
6.45,15.41,11.47,4.22,0.82,33.86,4.72,25.99,13.06,17.99,14.6,78.41,25.56,20.57,1.41,4.76,4.72,25.4,Ascend
48.18,16.21,48.77,25.16,23.79,15.6,2.95,26.31,29.35,-81.27,12.07,118.0,27.62,14.65,1.69,-3.8,3.52,26.92,Turn_Right
5.58,8.15,49.76,19.91,8.15,36.62,2.62,-3.49,5.79,-8.48,4.73,86.59,14.34,9.5,8.24,4.61,-4.37,35.19,Hover
24.03,10.42,3.96,2.4,24.59,10.0,0.37,-16.97,-27.61,19.51,1.78,40.59,98.72,13.95,4.6,-4.29,4.25,40.11,Forward
29.36,39.47,46.84,12.04,8.34,27.83,0.76,23.54,0.29,38.65,4.09,114.36,88.8,21.24,2.55,-0.23,-3.27,-6.78,Descend
27.16,8.53,14.61,8.72,0.82,29.51,4.25,12.51,-16.2,72.27,9.94,44.48,59.77,5.47,1.38,3.55,-4.28,-4.8,Ascend
4.48,1.62,34.53,17.55,5.07,11.18,4.95,-29.51,-9.98,-39.05,0.16,98.73,48.72,3.06,3.0,0.53,-2.72,-4.76,Ascend
3.04,31.54,17.04,15.92,29.58,1.37,2.08,-23.54,-0.6,72.39,2.85,40.95,31.37,14.55,3.3,0.83,-0.17,28.07,Ascend
5.45,48.8,48.39,14.69,9.93,14.8,4.05,28.99,-12.3,29.07,4.9,6.8,63.55,14.35,9.84,-3.39,3.15,41.05,Slow_Forward
29.36,16.69,5.25,9.78,3.71,2.09,3.14,-27.71,-11.42,-76.02,13.13,88.32,72.15,7.33,8.43,4.84,-2.33,22.02,Forward
27.31,6.11,24.99,4.57,4.0,36.06,4.8,-13.05,-5.88,-21.54,0.77,42.68,72.03,10.86,1.25,-2.69,-1.1,21.23,Forward
11.84,28.61,21.52,22.4,9.66,38.15,1.2,2.91,-12.81,-4.21,0.75,41.33,10.58,2.21,7.61,3.59,-3.59,36.19,Forward
31.96,45.34,16.44,26.46,1.61,29.49,2.73,-18.94,-19.83,-26.55,8.28,86.19,73.18,3.27,5.86,4.57,-2.08,44.57,Turn_Right
41.04,39.25,32.35,28.35,15.59,29.15,2.05,-16.08,15.93,-69.13,2.67,39.32,87.97,20.71,2.67,-2.19,4.02,41.8,Hover
2.27,31.2,6.73,2.23,6.81,9.86,2.71,-8.82,-6.29,9.29,3.63,15.04,20.34,11.61,7.59,2.31,1.81,23.38,Turn_Left
25.01,15.89,35.89,22.33,15.82,3.23,1.35,-13.83,19.91,-66.28,2.76,49.14,77.98,2.5,0.79,-4.2,1.74,44.86,Forward
34.53,27.19,49.03,21.93,4.65,32.14,2.49,18.2,22.96,74.7,8.72,99.04,84.09,24.05,7.45,2.41,-2.5,29.78,Hover
12.77,4.74,40.27,28.44,13.18,22.5,3.13,0.02,15.06,65.75,0.83,16.49,34.86,5.25,9.01,-0.16,-3.54,28.53,Forward
15.53,34.01,43.03,7.96,18.14,27.36,0.42,-13.28,-6.2,-4.46,14.1,66.98,74.09,7.92,8.88,-3.82,3.87,-4.63,Forward
30.76,36.31,18.11,22.39,2.33,31.25,3.72,-11.21,13.28,-77.81,1.85,16.74,18.71,24.31,7.84,3.95,4.44,6.34,Hover
44.92,48.26,16.38,2.11,12.26,16.55,3.54,-27.61,-20.69,9.4,14.27,6.85,68.43,4.52,9.38,1.79,-4.46,22.08,Forward
40.53,13.17,25.95,19.12,9.42,6.04,4.4,-27.04,9.67,16.6,11.67,46.07,55.93,24.22,7.22,-3.31,0.3,28.37,Hover
29.24,1.12,2.48,10.85,7.59,31.86,2.14,13.07,-5.64,69.92,12.42,79.29,86.49,18.06,7.02,0.33,-0.6,1.09,Forward
36.57,27.37,47.28,23.18,18.33,18.31,0.32,-23.23,9.34,-77.85,2.59,33.72,50.68,10.67,0.75,-1.74,2.38,34.49,Forward
18.37,35.4,7.36,25.97,17.86,33.13,2.31,-1.45,15.29,34.58,10.04,54.04,48.53,14.87,2.15,2.11,-1.98,38.16,Forward
32.12,39.56,45.17,11.26,19.11,17.68,0.7,20.54,3.76,11.3,12.26,59.47,94.04,12.7,7.92,1.27,1.21,36.85,Forward
23.42,9.85,4.36,16.0,5.19,8.92,3.24,-7.89,8.55,-58.54,8.37,101.11,94.08,20.12,9.98,-3.1,-4.17,19.56,Descend
9.66,13.24,41.17,3.96,8.93,7.09,0.25,-9.25,-17.19,-68.09,8.27,98.46,13.21,1.57,7.34,-2.58,3.23,8.69,Hover
35.15,25.73,7.77,12.8,6.69,29.83,1.88,22.38,5.56,34.91,2.39,1.28,53.7,20.33,6.01,2.05,-2.61,36.31,Hover
27.91,16.66,2.1,11.14,16.44,23.12,0.42,21.89,-2.37,-28.83,6.21,50.26,24.49,24.27,2.24,1.75,-1.86,30.81,Hover
18.06,43.05,36.03,5.9,14.1,16.36,0.03,22.81,-4.32,89.99,2.26,79.07,34.63,10.74,9.51,-1.88,-1.22,-7.92,Forward
45.58,23.79,14.16,26.89,10.24,19.84,4.8,4.31,-5.38,70.92,14.59,102.44,69.95,4.79,6.67,-0.22,-2.93,17.56,Descend
1.24,40.02,35.78,4.87,23.69,22.12,4.98,27.14,-11.34,11.83,10.27,6.82,21.64,2.72,5.15,-0.33,3.09,35.27,Turn_Left
15.93,29.11,27.84,19.25,3.27,9.8,2.78,19.14,-11.68,25.51,0.73,75.76,11.01,8.67,8.68,-3.76,-4.31,21.31,Forward
3.03,38.7,5.62,26.76,29.26,15.31,1.2,-5.06,11.98,-61.4,7.15,101.2,75.44,3.27,9.56,1.21,4.34,4.75,Ascend
38.37,16.77,46.62,27.4,3.94,11.91,4.56,7.77,3.47,70.92,9.57,31.35,67.72,5.74,4.03,-2.36,4.31,-9.09,Forward
35.16,41.6,22.73,23.9,23.31,15.72,4.62,-22.69,-28.2,-7.39,1.43,25.43,91.24,16.36,5.4,-0.4,3.27,2.47,Forward
16.7,13.87,36.78,5.7,11.36,20.17,4.27,3.08,-27.09,3.84,9.97,56.67,58.81,10.39,1.59,-4.28,4.52,23.65,Forward
33.85,27.4,25.15,24.61,26.03,7.18,2.73,-14.21,4.21,67.16,2.66,115.55,95.08,22.53,9.62,1.14,2.61,3.92,Descend
19.92,10.86,30.3,8.66,2.69,15.92,0.38,-12.99,20.78,-88.87,6.12,83.45,64.84,11.6,1.65,3.4,0.63,-9.38,Forward
37.86,23.88,15.28,27.71,11.55,15.6,0.45,-22.46,-27.36,-1.02,9.38,51.51,44.84,3.85,9.33,0.7,2.22,-6.15,Forward
22.82,16.05,10.18,21.42,10.4,11.65,4.48,-8.51,0.43,22.82,5.48,3.48,64.76,3.47,2.31,0.97,-4.96,10.89,Forward
20.73,13.48,27.22,23.67,29.8,39.94,4.38,-1.12,21.07,-61.32,5.71,67.25,77.43,17.33,9.13,1.73,1.85,15.56,Forward
46.75,48.36,22.12,3.01,29.57,3.22,2.18,6.02,-29.73,-77.71,12.65,42.51,41.28,15.85,4.8,-3.04,-4.58,31.75,Forward
12.69,8.17,19.63,17.69,6.1,25.83,1.65,-11.71,-13.45,6.29,4.64,23.1,43.53,17.7,6.12,-4.31,3.88,19.78,Forward
6.2,39.41,33.69,24.72,19.08,7.23,3.22,17.53,25.2,8.56,9.83,60.52,66.69,8.47,0.84,3.54,3.97,32.84,Slow_Forward
29.31,49.21,34.59,25.92,16.3,33.63,4.04,1.26,-25.11,-30.55,12.74,41.62,51.0,22.88,4.25,3.47,-3.86,-1.76,Hover
48.47,1.19,2.49,1.34,5.05,36.59,3.66,8.28,6.42,68.8,2.29,5.61,57.43,2.84,5.19,0.45,1.8,9.27,Forward
19.02,35.01,17.07,28.21,5.45,16.24,3.08,-13.31,0.44,-35.8,0.69,87.34,98.39,0.82,0.59,-3.03,1.68,18.46,Forward
3.29,12.8,20.71,1.78,29.68,32.99,1.17,18.85,-20.9,2.97,12.38,88.18,13.94,18.55,6.78,3.17,-0.02,-9.14,Hover
17.1,2.22,5.03,18.63,13.86,10.22,1.32,7.46,-27.45,-56.39,8.27,74.64,68.31,16.93,8.47,-2.8,-4.75,42.85,Forward
25.4,20.26,11.95,20.95,4.21,5.86,3.62,21.74,0.16,-87.99,12.42,101.06,93.06,12.34,0.74,3.61,-3.86,40.75,Descend
8.26,46.77,2.77,3.67,6.84,12.84,4.02,-20.4,14.11,-13.31,3.2,25.18,31.26,1.09,5.18,-0.76,1.59,26.52,Slow_Forward
32.97,0.79,49.81,1.92,8.42,13.86,0.59,-7.16,-19.37,4.85,12.49,35.06,29.08,2.86,0.82,-4.43,0.3,1.74,Forward
49.89,29.48,36.88,23.65,15.57,16.08,0.94,-23.22,11.48,47.64,1.43,55.58,42.67,4.88,8.8,3.17,-4.54,-2.42,Forward
22.7,25.17,4.56,11.85,10.4,15.11,3.41,-17.07,2.78,-9.22,13.25,8.16,16.67,15.97,2.03,0.61,0.18,38.85,Forward
17.87,43.69,1.21,3.66,13.92,16.62,1.95,-6.33,-8.53,-39.83,12.34,106.14,60.43,16.58,1.06,-1.82,3.49,5.83,Descend
20.16,4.38,36.02,23.0,5.41,28.49,2.82,23.67,9.87,18.76,8.51,59.38,68.09,16.92,8.65,-0.47,3.9,10.71,Forward
5.93,34.14,22.07,25.55,10.14,10.05,3.08,3.42,-18.48,-21.39,9.13,39.63,83.79,20.08,4.72,3.86,1.97,11.76,Hover
44.19,34.07,39.38,17.83,2.57,1.04,3.88,-10.18,-2.58,-47.98,5.19,57.88,15.96,0.62,1.41,-2.97,1.63,1.72,Forward
20.86,33.52,46.19,5.26,26.75,19.74,4.03,14.81,2.96,73.86,3.02,39.69,49.26,16.08,6.66,-3.96,2.69,29.85,Forward
19.49,47.13,30.05,0.95,6.36,18.1,1.41,-28.82,-2.48,6.6,6.83,35.07,80.58,6.29,7.2,2.85,-3.67,21.63,Forward
33.05,41.19,9.52,21.17,22.83,2.68,2.71,-7.79,-6.15,-53.91,9.86,54.31,79.15,14.28,5.9,1.22,-3.1,38.88,Forward
22.21,2.29,39.15,16.73,10.81,5.61,0.63,6.05,14.45,30.76,14.98,58.35,16.63,18.45,3.66,3.7,-0.14,2.07,Forward
32.48,23.66,47.8,19.7,14.49,20.54,4.21,4.99,9.37,54.55,12.26,52.57,11.03,18.0,4.53,-1.87,-0.49,8.67,Hover
3.26,20.02,29.1,24.49,9.09,9.62,4.23,6.45,8.37,46.54,6.51,66.2,80.5,7.2,9.57,0.61,-3.16,17.21,Ascend
40.72,15.65,34.16,13.31,21.05,35.14,1.5,-17.31,23.51,17.92,11.15,94.22,22.42,8.88,5.58,-4.58,1.78,15.98,Forward
47.04,22.68,17.01,4.17,25.41,7.18,0.81,-9.78,29.61,3.53,1.62,7.81,62.0,22.93,4.27,3.47,2.41,43.99,Hover
32.51,19.33,19.2,28.23,8.94,1.1,0.36,25.89,4.03,49.92,6.23,97.57,18.48,21.22,7.23,-3.09,-2.29,22.79,Hover
47.74,21.73,36.79,16.59,7.65,18.07,2.88,28.44,-9.1,37.46,6.37,28.2,36.6,6.43,1.22,-3.85,-1.87,12.57,Hover
7.74,48.97,46.4,18.65,20.6,39.45,0.47,-11.28,16.73,12.87,14.98,31.0,24.22,14.68,3.26,-0.15,-2.43,5.69,Slow_Forward
23.98,4.61,31.52,28.04,6.26,25.46,3.41,8.67,-21.47,28.39,5.87,72.34,76.28,2.68,2.65,2.45,-2.21,21.75,Forward
30.17,46.13,39.53,27.98,19.38,14.35,3.39,-15.52,0.77,-59.65,1.25,117.1,70.55,16.35,6.96,-2.9,-1.35,20.06,Descend
29.17,24.12,8.75,17.38,3.29,0.97,3.07,-7.89,1.47,-86.41,1.01,3.07,22.18,15.53,6.24,-2.67,-0.59,17.94,Forward
20.19,31.26,10.76,9.28,18.79,19.55,4.38,17.54,29.01,77.6,10.48,81.1,15.34,6.6,7.71,-1.84,-0.16,41.91,Forward
17.04,41.54,26.7,29.91,15.65,8.5,1.9,0.07,29.46,78.35,4.34,83.93,51.97,10.55,4.55,3.11,-0.15,17.73,Forward
6.52,18.15,8.99,20.58,3.86,26.02,4.51,20.98,17.95,51.83,13.03,69.26,27.6,19.56,2.15,2.47,1.17,2.54,Slow_Forward
19.71,21.64,31.82,12.55,19.65,23.45,0.19,7.72,-1.62,-22.99,7.24,2.15,10.73,6.39,2.24,-2.3,-1.56,-1.42,Forward
8.3,20.59,14.72,17.02,13.67,10.83,0.57,7.74,2.83,-62.86,4.96,73.16,33.78,19.21,8.98,-2.45,0.03,40.03,Slow_Forward
36.77,18.86,39.62,12.77,6.9,3.03,2.07,-27.97,-10.82,-25.68,11.39,14.69,29.37,7.91,1.21,4.06,0.06,44.88,Forward
10.6,46.29,40.44,26.71,10.92,30.27,2.97,14.98,19.79,40.72,6.26,10.29,71.65,20.99,6.14,1.15,-4.03,22.58,Hover
3.12,41.48,23.3,14.73,15.02,23.54,0.17,28.67,14.79,-29.66,11.06,83.83,87.48,0.76,2.7,-2.75,1.29,29.99,Ascend
27.71,5.63,9.2,24.79,3.2,33.73,2.84,-1.62,16.29,53.26,10.71,84.33,31.39,6.45,2.54,-3.6,-2.22,13.13,Forward
29.84,5.58,32.41,25.29,28.75,10.61,1.54,-20.49,-21.68,31.14,10.85,106.9,30.07,4.44,1.43,-4.34,-4.53,37.4,Descend
43.62,21.51,49.64,24.82,20.13,26.22,4.44,28.62,-6.08,23.4,12.86,1.4,44.9,22.26,9.8,-2.54,1.47,9.07,Hover
28.93,5.11,31.21,21.8,3.52,5.01,2.67,-12.59,2.24,77.44,12.73,46.07,25.53,10.71,1.08,2.2,-4.52,-8.94,Forward
17.4,31.03,1.98,25.72,24.77,11.88,2.94,-5.45,-22.52,70.81,9.97,2.46,95.21,13.64,1.9,-1.28,-0.58,-7.9,Forward
40.19,7.36,1.06,11.92,10.02,26.36,4.73,-25.36,-7.88,38.1,14.35,44.39,31.92,6.05,3.97,4.65,1.21,35.41,Forward
27.11,26.21,16.15,3.88,18.11,33.08,3.82,-23.35,-24.75,-54.14,0.31,59.51,18.4,3.21,4.83,-1.76,4.99,13.15,Forward
4.15,0.56,9.95,25.35,8.68,13.04,2.2,-17.01,27.53,79.01,13.96,64.04,60.12,14.96,9.53,-3.5,0.15,43.23,Ascend
28.38,15.97,40.69,15.2,22.14,32.01,2.39,2.91,15.08,-49.12,2.22,43.36,58.39,7.08,2.8,-3.23,-1.82,12.97,Forward
45.42,33.92,42.27,4.26,21.83,27.21,3.24,3.47,7.24,-22.94,3.17,87.31,66.87,23.22,7.35,-0.12,-0.08,42.03,Hover
19.94,24.31,13.08,3.9,16.79,14.14,1.01,6.37,-17.71,58.82,12.26,50.46,97.0,11.91,6.74,4.37,-3.04,15.88,Forward
14.96,48.92,16.42,5.2,7.61,35.09,0.45,5.03,-9.95,-52.44,6.01,62.54,39.11,3.45,5.42,4.0,-0.62,29.69,Forward
7.34,43.73,11.97,22.65,7.98,20.52,1.56,-0.29,-21.33,24.95,6.38,96.21,42.36,0.59,3.03,-3.17,3.73,6.13,Slow_Forward
7.74,18.08,45.44,21.47,11.79,26.04,3.89,18.13,2.17,-7.59,3.92,21.74,40.33,5.81,1.99,2.54,-3.64,20.19,Slow_Forward
21.75,2.47,25.23,6.51,4.78,19.98,1.29,26.03,19.23,22.33,3.37,39.19,66.58,8.0,2.18,2.52,0.3,7.91,Hover
29.86,42.31,32.88,25.48,10.46,18.27,0.66,-13.81,-28.86,82.45,1.59,63.05,64.37,5.17,3.79,-3.35,1.21,27.23,Forward
4.21,45.58,20.89,8.8,20.69,33.96,1.1,-22.19,-23.8,55.51,2.95,92.35,57.59,9.14,1.8,-2.02,-1.87,2.53,Ascend
46.99,41.07,31.62,23.89,25.01,12.0,3.4,-4.49,-16.24,-36.75,8.5,51.62,42.79,21.97,9.99,-4.24,2.36,9.69,Hover
37.81,6.57,19.42,14.92,10.31,1.75,3.07,-28.41,12.84,-79.69,10.6,9.66,48.49,1.2,4.74,-4.25,1.64,24.87,Forward
29.41,49.9,17.12,22.08,7.39,35.23,3.44,23.0,23.64,84.07,11.08,118.67,81.33,20.03,5.62,-0.58,-0.36,6.7,Descend
41.46,13.08,31.8,11.75,25.06,33.05,1.62,-15.62,15.18,15.33,5.55,85.24,64.83,10.64,6.36,-0.16,1.4,5.35,Forward
4.19,36.27,29.63,10.74,26.78,14.85,4.51,2.96,1.5,-58.84,13.83,87.01,74.47,22.66,2.36,-4.67,3.4,10.92,Ascend
23.95,45.42,14.82,25.32,12.6,7.66,2.26,-23.09,-23.69,22.88,4.93,56.35,34.91,16.68,5.08,4.66,1.0,24.19,Forward
31.58,11.94,7.64,1.54,1.29,27.12,2.57,3.2,15.29,-82.4,1.67,66.1,92.03,4.12,1.1,-0.14,0.69,8.32,Ascend
41.47,45.43,18.56,29.25,21.0,3.43,4.74,-27.66,-23.66,-56.25,14.18,119.29,13.16,23.99,9.71,2.88,1.21,13.9,Descend
39.22,15.61,20.88,19.62,23.63,17.12,4.9,16.13,-9.14,23.87,8.11,71.82,63.61,3.87,4.99,1.35,1.76,-8.85,Forward
14.0,48.83,31.51,13.26,1.03,3.71,3.31,27.33,-11.52,-17.55,14.57,27.05,83.11,8.41,0.78,1.19,-0.97,28.5,Slow_Forward
47.06,14.21,45.74,19.03,18.05,24.04,4.72,-11.58,-8.45,-31.48,5.9,115.76,87.97,24.47,6.19,-1.97,3.37,34.65,Descend
6.39,47.68,2.0,4.12,17.86,1.38,2.71,-14.51,-10.23,27.99,11.36,64.99,38.76,5.3,1.45,3.87,4.24,35.49,Slow_Forward
43.78,2.87,12.33,15.66,11.67,25.28,1.54,-3.12,16.15,65.95,1.65,3.46,51.38,15.78,8.0,-2.0,1.22,20.23,Forward
48.55,35.52,9.85,29.56,22.62,27.03,1.58,7.2,-19.7,32.15,12.81,69.23,13.14,24.44,9.56,4.52,3.87,13.37,Hover
9.02,26.7,25.21,7.44,13.13,19.64,2.8,-18.66,20.75,-6.58,2.56,9.39,81.08,17.22,9.21,-4.61,2.45,0.23,Slow_Forward
36.16,24.0,21.6,21.81,20.46,7.25,3.03,18.2,21.5,28.6,1.03,63.78,21.21,16.57,4.56,-3.85,-0.77,26.08,Forward
2.21,11.33,36.51,13.33,15.75,4.33,2.2,-18.09,-0.54,35.22,1.47,99.21,48.53,15.54,7.27,2.27,-0.04,21.72,Turn_Right
20.39,35.34,12.27,19.75,7.83,12.74,4.42,-29.67,-23.63,49.51,8.36,65.13,99.17,13.89,1.98,1.09,0.7,13.64,Forward
25.91,9.7,29.81,6.54,18.39,18.77,2.14,1.46,4.52,-34.73,4.38,45.44,92.6,23.73,1.22,2.17,4.39,23.81,Hover
29.12,27.73,44.22,14.38,22.24,25.8,1.37,-23.09,19.26,-69.4,14.41,106.03,39.7,13.59,8.3,1.42,1.48,42.48,Descend
46.81,12.81,45.55,29.41,29.23,0.35,0.05,11.89,-12.63,32.74,12.79,111.38,30.15,16.58,7.1,0.27,0.09,-2.53,Descend
33.68,47.79,47.95,6.26,11.71,28.53,4.85,-19.95,20.26,-68.2,12.05,42.35,32.65,18.47,9.12,-4.69,-3.77,43.06,Forward
24.17,1.63,38.71,19.28,2.4,28.59,4.12,19.04,10.62,-6.84,12.14,60.38,71.63,13.19,9.19,3.09,1.67,21.36,Forward
40.52,10.15,45.32,17.48,29.65,17.95,3.08,-1.78,29.23,-48.47,13.36,117.97,75.32,22.19,3.8,0.1,0.55,35.76,Descend
47.54,12.27,11.88,17.17,18.9,13.93,4.15,3.98,19.48,-30.23,12.98,22.19,29.48,0.57,3.53,-3.94,4.4,44.66,Descend
1.3,20.82,10.04,18.65,28.42,33.74,4.05,-18.8,-17.91,-5.29,13.92,36.48,31.6,9.88,4.7,-3.08,-1.58,41.07,Turn_Left
49.13,11.79,0.52,15.32,3.56,31.45,4.66,-21.2,-3.06,71.31,14.02,51.98,39.11,15.42,6.82,1.62,2.95,11.96,Forward
4.49,24.67,35.4,1.0,10.59,39.34,1.94,7.88,-23.79,32.48,4.47,13.01,48.99,0.47,0.55,-4.23,-2.17,15.18,Forward
40.76,43.65,46.89,27.05,4.45,15.07,2.78,-14.67,-25.82,-59.11,3.29,33.37,92.57,23.42,5.58,3.69,-3.28,23.32,Hover
14.16,35.66,9.51,24.9,25.15,36.3,0.5,-6.84,12.36,68.3,9.65,65.82,12.39,20.66,0.69,2.91,-4.88,25.09,Hover
6.78,29.08,31.92,5.64,26.47,3.77,4.83,-1.23,24.78,0.1,1.85,28.19,67.44,5.48,4.78,-1.94,3.95,2.55,Slow_Forward
22.1,4.63,37.37,12.69,15.29,16.64,4.93,-16.22,28.41,-53.23,3.17,82.67,87.55,8.29,1.28,3.84,-0.55,42.13,Slow_Forward
32.27,34.76,46.4,23.23,6.0,18.78,3.95,17.73,-13.77,4.94,11.59,42.37,75.1,16.93,5.84,3.85,-2.19,35.54,Forward
19.17,8.49,32.41,29.41,4.25,17.8,2.28,26.37,-17.89,-55.63,9.74,11.69,29.51,8.53,3.49,3.38,-0.97,-2.84,Forward
2.92,39.36,48.52,28.56,17.85,25.12,2.49,-4.09,3.61,-23.88,9.76,91.98,52.91,21.42,5.05,-1.92,2.12,44.52,Turn_Right
30.05,12.65,17.36,27.03,15.44,7.06,2.18,25.05,-17.95,54.99,14.26,68.52,91.93,6.21,9.6,1.56,-1.07,44.78,Forward
45.14,20.97,17.63,5.17,21.0,34.7,1.47,22.96,-12.25,28.55,10.01,99.16,20.41,20.46,3.74,-0.49,-2.74,9.49,Hover
19.28,17.65,27.24,27.48,9.5,22.21,2.64,-20.04,20.23,-3.97,6.46,43.86,98.88,11.62,7.33,0.39,-4.12,36.66,Forward
10.97,42.97,19.3,26.41,12.37,36.2,0.28,-19.6,18.63,-49.24,4.2,3.31,22.93,11.33,6.99,-0.9,1.22,4.34,Forward
22.24,6.5,0.27,11.62,1.13,0.4,4.96,-1.36,23.7,-39.21,5.08,6.56,22.82,4.21,8.75,-4.96,4.73,-1.19,Ascend
2.61,28.37,36.64,12.14,18.5,25.31,2.13,1.55,-1.07,86.08,4.17,95.66,83.16,24.58,3.68,-4.9,1.35,36.99,Turn_Right
41.06,7.27,37.64,14.07,12.98,16.67,4.64,-9.53,3.85,-28.27,0.52,49.87,84.55,8.62,1.03,2.73,4.47,20.87,Forward
41.35,35.3,37.4,19.86,27.63,20.35,3.62,-11.22,16.24,20.9,3.92,117.19,13.41,5.12,9.72,4.46,3.78,-6.62,Descend
29.48,45.27,17.38,8.19,19.43,29.83,1.46,-4.12,-15.64,-0.05,12.53,99.81,25.15,0.81,3.94,-2.7,-3.44,35.79,Forward
17.78,21.84,26.21,1.18,12.26,9.32,1.12,11.43,19.39,-85.84,10.92,2.92,95.37,12.34,2.34,0.44,3.79,11.09,Forward
40.03,24.51,18.13,4.67,8.28,8.43,4.98,-24.94,-28.95,80.04,9.33,104.53,35.14,0.81,9.18,-1.94,-4.99,-0.71,Descend
27.82,46.39,1.0,13.48,27.21,28.21,3.86,12.63,17.86,-74.17,13.53,26.33,11.1,11.38,2.31,-0.22,0.1,18.99,Forward
41.33,26.15,28.21,8.82,0.98,21.0,1.26,25.57,16.55,28.57,3.96,58.87,32.86,22.57,5.52,-3.82,0.23,15.86,Ascend
31.65,24.48,6.36,23.05,10.14,9.58,0.35,15.81,-11.89,55.98,8.67,61.23,76.19,12.45,7.68,2.25,2.27,34.19,Forward
39.26,29.0,4.19,3.65,28.33,19.52,3.49,-18.5,13.67,44.77,0.47,8.11,92.48,1.08,7.44,0.16,2.56,16.33,Forward
30.01,34.52,37.82,27.57,19.79,18.54,1.52,-24.75,-17.16,55.67,13.38,15.95,23.96,6.61,0.78,-1.91,-2.68,26.53,Forward
20.82,5.52,0.67,26.91,16.22,27.75,1.11,-0.58,4.57,43.15,6.72,51.34,30.2,1.22,2.42,1.64,3.82,9.47,Forward
47.91,41.09,47.96,27.31,6.5,0.41,3.68,27.38,12.04,-9.8,2.67,77.47,49.74,22.05,8.94,0.11,-3.21,-3.97,Hover
27.15,21.89,25.86,22.32,25.08,23.59,3.4,19.14,12.88,71.33,3.59,32.47,77.35,6.0,5.76,-0.96,4.61,-7.61,Forward
30.33,3.8,49.15,3.66,6.52,24.35,2.41,3.76,28.98,74.24,12.72,63.64,69.28,1.63,7.03,0.33,4.85,7.63,Forward
11.18,39.35,3.09,13.43,7.82,29.9,4.71,-21.42,-19.08,-11.35,1.63,46.12,39.48,24.11,4.32,4.54,1.97,26.77,Hover
31.36,18.97,29.26,4.38,6.16,35.6,3.4,12.83,-1.15,-2.74,13.88,76.01,15.97,12.18,7.58,-4.31,1.49,-9.41,Forward
28.67,5.2,17.6,29.64,5.17,17.78,4.47,18.78,22.81,-2.58,5.6,51.51,32.77,10.14,3.25,4.24,4.79,3.69,Forward
9.4,31.76,42.21,10.32,28.62,13.9,0.96,26.1,3.69,-39.8,3.77,102.34,29.76,23.18,2.7,-3.74,-2.58,-1.67,Hover
3.17,44.03,18.19,17.77,18.26,4.36,1.49,6.73,22.58,-69.31,4.98,118.07,11.89,13.27,9.97,-2.94,1.43,15.43,Ascend
30.3,44.41,13.17,23.49,19.32,13.67,0.53,0.87,-3.96,-42.84,6.13,109.65,97.75,7.04,2.0,4.79,-0.94,31.05,Descend
38.23,47.89,42.91,27.66,28.65,3.02,1.53,7.15,17.72,61.94,8.22,21.06,32.98,19.8,9.82,3.1,-3.32,20.4,Forward
26.27,43.41,18.86,22.79,7.3,32.17,4.86,26.6,22.2,7.75,8.8,55.4,85.29,6.79,9.3,-1.48,-3.72,23.45,Forward
11.49,0.31,1.04,20.4,0.67,32.34,4.81,7.69,20.79,63.04,6.72,55.6,53.64,11.07,7.29,-0.95,2.0,42.04,Ascend
33.39,19.14,19.64,14.25,18.17,16.86,3.8,-14.54,22.28,44.13,6.7,101.02,97.51,20.08,6.03,-2.01,-2.71,15.15,Descend
4.19,40.96,32.8,18.36,15.48,10.61,2.61,8.17,-16.83,-27.25,4.28,43.51,23.46,23.29,0.54,-2.75,0.99,34.77,Ascend
22.2,18.44,12.87,3.28,14.59,4.99,3.91,22.78,-3.66,-56.64,5.76,66.4,19.96,15.15,6.54,-4.39,-2.62,8.91,Forward
8.34,30.16,21.71,26.58,2.33,34.09,2.77,4.02,-19.53,12.1,7.01,73.5,10.22,12.62,7.84,-4.66,-0.46,24.12,Hover
9.39,30.39,3.02,16.54,13.91,35.14,0.03,0.16,-19.17,78.45,8.96,14.27,74.66,1.9,7.46,0.02,2.42,32.26,Slow_Forward
10.27,18.38,29.49,1.68,8.98,10.87,2.51,14.0,-0.73,61.09,1.96,67.4,37.57,15.43,2.13,0.3,0.28,35.49,Hover
19.46,45.24,37.86,27.64,8.6,24.98,3.0,9.66,27.61,47.49,11.46,30.37,88.33,8.16,5.67,2.62,3.71,2.21,Forward
2.75,25.26,20.78,14.93,7.06,10.57,1.34,-26.6,5.51,47.55,10.21,25.59,67.04,12.86,5.73,-4.05,0.26,4.02,Turn_Left
20.01,23.35,21.13,26.12,10.31,9.24,1.02,13.52,21.23,5.0,4.48,30.79,61.97,18.62,6.7,0.15,-3.06,10.73,Forward
25.68,49.88,4.6,25.78,10.92,1.14,1.38,-5.55,26.23,-59.49,6.89,12.82,53.82,16.01,8.39,4.24,3.97,3.76,Slow_Forward
24.27,24.78,10.26,24.56,9.61,23.21,3.12,26.45,-24.81,-38.6,14.2,9.3,33.24,2.42,7.13,3.53,-0.82,19.7,Forward
19.26,9.08,7.9,2.31,29.37,6.25,0.74,28.25,-20.28,14.02,0.31,77.98,15.82,9.93,1.84,0.35,3.67,34.39,Forward
41.99,25.75,24.19,7.79,28.02,0.79,3.6,-3.08,-12.55,-33.06,12.17,112.98,49.92,4.99,0.68,-3.66,-2.68,-1.56,Descend
7.44,40.74,26.56,26.33,17.45,4.46,2.12,28.13,7.01,50.68,7.68,82.87,18.92,3.78,1.8,-3.44,1.36,12.4,Slow_Forward
25.38,38.89,47.46,27.02,29.44,12.76,1.77,-11.35,-26.3,-22.82,9.28,38.11,91.52,5.51,0.88,-0.23,-3.35,29.97,Forward
3.29,39.47,3.85,14.01,29.74,26.87,4.04,10.96,17.2,-69.5,10.27,40.87,84.64,23.02,4.65,1.17,-4.2,28.7,Ascend
3.74,35.46,30.07,13.48,11.0,8.34,2.54,-25.5,-26.17,50.86,6.84,65.43,65.78,17.81,3.2,4.79,4.99,3.13,Ascend
28.78,12.86,26.42,5.67,13.63,35.54,1.9,-21.3,-20.49,35.66,2.88,104.09,50.72,22.7,0.57,3.31,-4.89,26.32,Descend
28.39,43.13,25.91,29.07,28.79,11.75,4.39,21.87,-7.1,-44.43,13.64,25.09,50.88,12.66,1.26,-0.86,0.91,43.16,Forward
43.93,44.69,43.68,6.79,18.45,13.45,1.85,23.63,3.46,86.6,11.1,56.75,51.81,0.03,4.28,-1.5,-4.87,24.44,Forward
27.98,9.87,10.44,6.13,6.78,8.95,4.3,1.96,22.89,-17.43,8.39,60.37,77.09,0.86,9.43,-4.87,0.52,7.99,Forward
48.0,6.7,2.23,19.99,20.84,10.38,2.53,-9.61,27.82,32.48,6.73,111.82,21.36,3.62,9.95,-4.92,-4.0,18.32,Descend
2.63,48.79,33.68,7.66,6.57,3.24,1.05,-2.94,23.08,73.88,7.49,64.8,57.82,19.52,0.98,-0.26,2.88,8.59,Turn_Left
5.08,43.44,17.39,28.19,10.51,12.0,3.07,22.18,-23.58,-61.92,12.35,93.92,83.14,5.04,8.39,-4.31,-2.07,19.25,Slow_Forward
2.39,44.68,1.08,0.82,7.21,34.43,1.43,-17.34,7.87,68.22,0.19,11.45,55.91,2.54,5.06,-3.44,-1.56,36.24,Descend
9.43,44.34,12.72,0.67,7.73,27.63,0.74,-12.31,-3.5,36.7,12.98,39.9,11.24,21.52,6.4,4.8,-2.48,-2.64,Hover
27.16,27.18,15.6,15.39,0.64,35.05,0.44,17.13,-22.45,-59.84,0.7,73.76,32.02,5.71,5.31,2.17,-3.86,12.71,Ascend
32.35,32.39,30.92,14.9,26.48,4.46,1.22,26.12,3.31,29.61,9.24,81.64,70.17,12.56,9.28,-0.48,0.0,24.87,Forward
2.47,27.36,8.79,5.32,9.23,18.39,3.69,-24.42,-8.6,67.42,5.0,106.34,94.08,8.49,5.05,3.58,-0.52,15.58,Turn_Left
47.31,2.75,20.77,15.09,3.05,9.4,4.19,18.23,-9.25,53.82,10.17,71.26,90.44,22.41,2.1,-3.23,0.39,32.99,Hover
42.14,37.33,24.23,12.64,3.07,28.93,4.31,8.7,-24.33,46.91,1.28,35.46,84.04,17.62,7.91,-1.11,1.26,-1.12,Forward
14.97,25.37,23.07,26.76,16.9,38.82,1.36,-16.15,28.73,-60.96,8.34,65.15,95.51,11.35,5.38,-2.05,-4.11,38.1,Forward
4.04,32.46,48.7,0.77,29.79,32.67,3.31,15.35,13.56,-55.69,12.83,85.67,35.19,21.58,1.61,4.95,-0.86,43.81,Hover
8.66,25.23,2.47,29.3,4.78,1.7,1.16,13.67,-13.18,8.59,7.42,94.34,11.12,18.17,4.89,4.01,0.93,9.79,Hover
6.52,24.69,47.56,18.92,3.44,12.87,3.12,-21.48,25.05,14.43,1.27,113.41,41.89,20.22,7.03,0.26,-1.77,-3.74,Ascend
6.34,8.76,29.18,4.98,13.43,1.43,4.44,0.14,26.89,79.85,0.56,23.7,61.93,24.44,3.31,-0.76,-3.09,44.32,Hover
26.02,14.08,39.83,1.88,17.12,1.89,0.21,15.5,18.62,-5.64,9.32,79.65,38.48,5.08,9.16,4.98,1.06,9.3,Forward
12.44,8.11,21.63,16.37,9.18,3.46,4.93,-18.51,9.56,-35.55,1.04,24.84,13.98,5.06,8.57,-2.94,2.18,17.07,Forward
18.04,9.94,22.8,7.43,9.42,11.27,4.14,-2.23,-7.42,-55.66,1.07,38.83,55.65,13.91,5.9,-0.92,2.51,3.35,Forward
49.48,48.65,43.99,9.38,13.02,12.38,3.81,-22.76,-3.94,-80.25,6.38,17.99,27.97,13.32,1.02,2.12,-1.74,-6.95,Forward
34.28,7.83,44.82,7.73,9.77,16.2,3.46,-11.59,-2.7,-77.64,3.14,92.99,75.48,21.73,6.04,2.04,-4.01,-3.1,Descend
47.46,13.61,12.09,19.68,27.5,16.38,3.85,-16.92,26.93,13.35,3.06,109.77,18.03,3.9,4.45,0.74,4.16,3.08,Descend
7.3,29.61,10.12,16.83,1.74,30.92,4.97,0.3,15.61,-58.27,7.21,4.56,96.23,10.63,7.38,4.52,1.88,44.33,Ascend
19.23,30.59,24.91,2.8,7.42,5.91,3.85,-21.53,-12.48,63.29,4.21,97.81,88.9,13.2,3.04,-2.53,4.48,33.8,Forward
27.83,7.87,45.03,16.03,24.35,6.56,1.76,-7.01,7.48,17.36,3.29,29.77,88.65,11.6,6.25,0.69,-3.54,13.13,Forward
4.02,39.73,16.25,23.84,25.1,25.18,3.07,-13.49,5.63,65.68,7.72,58.95,81.09,1.68,5.77,3.1,1.57,7.56,Ascend
0.41,39.3,32.67,2.9,3.79,23.0,1.69,14.76,18.73,-13.06,4.36,90.04,67.02,3.7,5.51,-2.68,-3.04,-2.1,Turn_Left
33.59,12.02,35.47,26.75,29.23,6.41,4.85,11.98,-24.28,17.24,1.2,61.32,14.81,3.84,1.6,3.71,3.66,16.67,Forward
32.16,14.58,38.98,17.56,20.95,34.13,4.5,-24.3,12.08,4.58,10.24,28.52,69.62,14.9,5.15,1.39,0.2,39.89,Forward
20.66,46.91,28.28,28.54,8.54,13.36,2.84,27.21,-10.13,87.6,8.78,108.83,77.22,10.72,5.73,-1.19,0.33,44.63,Descend
24.58,41.32,20.24,4.87,13.95,14.87,3.91,14.68,-22.22,53.43,3.18,71.64,21.77,4.45,9.31,1.48,4.31,39.6,Forward
20.89,34.95,48.36,29.81,9.27,16.99,4.55,6.96,13.91,17.17,8.73,111.82,65.42,18.42,4.88,4.28,-1.96,-6.38,Descend
1.4,4.3,30.64,19.51,4.93,13.11,1.23,-1.34,-10.1,19.19,14.33,101.75,53.1,20.07,6.58,4.88,1.19,-1.31,Turn_Right
16.9,21.03,36.48,17.24,9.09,22.43,2.9,-19.32,13.81,-45.22,14.35,105.31,52.52,5.25,5.91,-2.19,-3.56,-2.21,Descend
9.02,28.05,17.38,15.7,17.61,15.73,2.41,27.72,-20.25,42.26,7.98,44.04,27.95,18.07,2.35,4.09,-1.37,-1.11,Slow_Forward
5.1,9.53,33.56,1.2,24.87,10.6,3.86,-29.53,29.16,86.91,1.47,118.49,76.55,1.59,2.25,-4.61,-3.05,-3.16,Slow_Forward
47.84,22.52,13.04,28.22,11.22,36.21,1.9,11.55,18.2,-66.7,6.87,102.43,93.26,21.4,7.52,-4.93,-2.99,-4.7,Descend
30.05,30.13,12.41,19.5,10.76,12.54,3.55,0.45,-12.65,24.71,0.4,41.18,80.9,24.07,5.47,1.02,1.61,9.27,Hover
36.49,16.5,35.79,3.2,14.31,28.03,2.02,24.15,14.43,3.22,6.23,107.67,43.21,3.9,9.01,-0.18,-2.14,-1.31,Descend
15.91,39.09,26.17,1.12,19.51,14.08,0.56,-7.16,-21.85,63.07,13.64,90.88,98.58,19.65,9.13,-0.31,-2.49,-2.04,Forward
19.78,42.05,34.23,2.0,22.67,17.58,0.54,1.12,9.21,-89.99,7.01,87.29,42.78,2.43,3.32,-2.66,3.08,18.85,Forward
12.0,16.32,13.62,18.48,10.14,9.67,0.6,14.54,-26.42,-65.41,8.26,1.74,31.1,24.03,1.46,0.97,-0.26,1.17,Hover
5.03,41.97,30.02,18.61,17.8,30.17,0.17,-27.15,-10.0,-83.33,2.37,3.69,97.13,11.3,3.77,-4.83,-1.2,-9.66,Slow_Forward
9.12,5.36,22.31,15.24,11.99,29.57,2.67,-26.73,28.71,-60.67,0.23,83.68,81.08,13.38,1.14,-0.66,3.15,28.29,Slow_Forward
39.92,41.92,29.93,9.55,21.63,1.18,3.36,-17.3,-22.74,37.43,14.9,34.16,78.51,19.1,7.92,-1.33,-0.11,8.07,Forward
33.94,7.81,14.69,16.19,5.36,2.69,0.64,-21.21,5.85,-64.86,5.07,7.96,16.97,6.22,1.89,-3.07,3.15,30.54,Forward
27.44,4.33,35.83,15.73,8.08,36.92,3.06,-29.61,-25.76,22.02,4.19,35.03,27.28,9.97,8.73,0.11,-1.82,39.12,Forward
23.86,32.16,40.34,1.07,13.07,35.59,2.99,7.38,10.16,66.28,8.57,100.71,11.67,1.75,4.45,1.9,4.62,40.89,Descend
46.14,23.7,13.14,8.83,26.74,20.39,0.74,17.76,-13.28,-83.77,11.18,57.0,79.9,15.37,3.15,3.13,4.24,-0.22,Forward
3.82,45.41,15.17,2.07,17.41,19.89,2.03,27.43,-11.4,-85.18,3.77,74.25,35.04,19.98,5.26,-0.38,3.24,26.99,Forward
14.17,18.29,33.13,27.05,28.98,32.55,3.78,-3.55,-9.73,88.17,7.86,96.26,21.9,21.3,6.25,-2.6,-2.87,-5.88,Hover
17.63,14.5,34.84,21.89,3.55,5.8,0.09,-13.22,-17.69,31.19,4.99,39.48,26.37,13.41,7.16,-2.9,2.27,15.48,Forward
39.16,25.14,35.26,29.89,14.08,26.25,0.74,21.83,26.5,-64.67,7.21,2.33,67.7,19.15,3.71,0.79,3.18,13.47,Forward
49.63,22.91,34.2,9.41,12.86,19.2,4.98,20.66,24.35,-34.8,2.42,39.48,48.97,3.75,9.84,-1.11,-1.37,1.17,Forward
12.19,17.35,19.76,26.42,18.21,29.81,3.67,7.49,22.2,87.3,7.65,114.84,94.73,18.59,4.51,-1.82,-3.6,32.63,Descend
43.74,34.75,19.86,18.29,24.45,1.5,2.33,-13.61,-23.61,-49.1,0.71,58.39,42.93,0.11,8.43,0.23,-2.3,40.23,Forward
41.57,38.03,12.89,13.87,25.32,23.83,3.15,24.51,-15.99,45.51,12.6,68.81,85.05,4.87,0.83,0.56,0.86,4.2,Forward
11.39,42.68,8.01,7.07,20.27,22.4,4.23,-19.3,6.73,-46.59,9.41,91.49,59.18,15.87,7.89,-2.66,-2.48,3.71,Forward
20.09,48.65,34.69,22.28,19.43,33.68,4.21,-27.38,28.22,-18.28,14.12,14.68,73.48,8.01,5.74,-1.22,1.62,0.76,Forward
20.6,13.48,4.84,27.17,28.5,27.17,1.63,17.8,6.29,68.53,9.0,88.34,25.18,10.27,6.58,2.08,-1.08,27.78,Forward
48.92,35.86,46.9,7.44,11.82,35.24,2.46,3.82,-10.37,-84.88,2.73,36.43,77.41,20.65,4.04,-1.13,-2.74,-6.9,Hover
9.21,19.83,41.37,5.67,25.07,35.52,3.19,-15.21,19.04,-34.7,7.26,47.19,17.71,14.28,5.68,-0.56,1.13,-6.49,Slow_Forward
40.0,33.92,42.9,21.04,27.68,16.5,0.37,10.25,-21.87,-2.31,9.97,33.07,72.2,9.97,9.36,1.4,-4.26,-0.43,Forward
16.84,23.9,45.35,29.32,15.0,5.76,4.73,16.0,22.9,22.59,5.61,19.27,51.9,11.64,4.17,-3.09,1.25,20.02,Forward
36.6,49.69,20.55,22.62,22.01,25.32,2.17,20.67,28.48,-84.92,8.29,44.01,30.57,21.21,1.5,3.67,4.74,3.9,Hover
21.12,36.5,42.37,8.9,11.62,34.99,1.86,-13.07,28.06,-16.08,2.44,12.26,53.23,12.14,7.34,-1.62,2.11,44.3,Forward
29.0,47.63,8.07,12.89,5.19,3.28,4.54,-28.46,-21.14,-28.03,11.66,101.53,87.01,21.88,5.3,1.88,-1.72,11.74,Turn_Right
41.66,41.78,1.28,11.84,17.8,22.45,0.6,0.6,2.98,-85.16,13.64,37.41,23.92,6.18,4.54,-2.03,4.01,15.86,Forward
40.25,45.16,39.29,25.64,6.3,4.87,0.21,21.36,5.1,-26.03,4.72,78.78,25.27,13.34,7.89,1.48,0.28,-6.4,Forward
43.35,40.76,3.92,23.26,14.0,1.37,3.43,-17.53,-18.3,77.7,11.9,36.31,58.06,9.23,5.84,-2.23,0.28,28.8,Forward
3.17,23.07,49.43,17.87,26.25,27.28,1.93,-4.73,2.81,-40.57,1.38,26.07,66.27,14.78,6.5,2.48,-1.22,33.37,Ascend
34.66,12.74,33.8,8.61,3.04,27.37,3.82,-14.61,8.79,15.41,3.7,85.93,47.82,14.39,9.3,-3.95,-4.48,8.38,Forward
7.17,18.64,37.72,28.17,1.4,24.15,0.35,-29.2,-10.26,-36.34,6.93,75.26,33.98,14.28,1.06,-1.93,-2.3,29.93,Ascend
20.91,1.21,12.44,19.77,18.39,34.41,1.92,23.91,-11.06,-70.8,5.8,26.95,16.05,13.19,2.99,0.68,3.18,2.52,Forward
27.52,26.29,33.76,29.13,10.27,3.51,1.18,-21.9,-26.39,-37.85,9.29,73.84,14.48,11.36,9.03,1.33,-2.4,33.89,Forward
20.26,25.35,2.35,17.61,12.83,4.48,3.7,16.01,27.41,-5.26,8.44,1.6,13.67,22.76,8.03,-3.62,-0.88,19.82,Hover
26.08,26.36,41.92,24.73,12.47,34.62,1.14,-9.2,18.22,-36.68,1.31,22.05,91.12,6.7,2.29,-1.8,1.34,11.85,Forward
49.83,48.71,8.65,24.49,3.06,20.28,2.3,-13.34,15.57,22.35,1.98,87.6,21.82,10.85,2.11,-3.98,-2.18,29.61,Forward
6.93,45.59,34.93,10.45,0.61,11.14,4.1,26.46,-28.69,80.84,0.78,49.81,36.56,5.28,8.34,3.34,3.12,23.8,Slow_Forward
33.84,8.25,11.38,28.94,27.0,29.6,4.58,9.43,7.46,-77.53,14.29,25.23,98.73,8.31,5.75,4.84,3.99,19.28,Forward
19.92,18.57,3.61,1.15,6.93,35.81,3.62,11.22,-19.16,39.06,9.68,61.2,93.47,6.22,8.67,-2.16,-4.38,1.61,Forward
6.82,21.31,24.18,23.18,13.07,27.68,2.15,15.58,9.7,-89.77,12.83,56.36,13.86,16.74,9.22,-0.17,0.75,36.72,Hover
8.11,18.15,8.63,28.98,29.17,31.74,2.86,-9.54,7.27,-89.82,8.12,76.44,59.61,17.69,1.16,0.07,-1.51,13.75,Ascend
47.47,39.97,36.53,10.5,24.89,11.52,3.45,3.82,21.12,-66.07,2.91,9.63,67.01,6.92,9.71,-3.36,0.54,14.5,Forward
44.0,26.3,12.03,19.62,3.68,11.76,4.38,-13.79,-14.67,-3.61,9.4,98.5,14.87,24.59,7.31,1.68,0.47,1.07,Hover
45.37,28.69,17.26,17.09,15.5,34.61,4.44,20.07,-28.35,-81.36,7.58,7.93,75.53,7.11,8.43,0.17,-4.9,41.23,Forward
49.58,42.68,28.46,22.96,22.04,24.71,4.66,5.96,24.85,39.99,6.12,55.01,98.91,20.71,6.49,0.14,1.48,20.5,Hover
10.57,40.34,14.39,26.05,21.1,9.6,4.06,-15.4,24.52,-84.73,5.58,85.55,48.64,7.31,3.4,-4.41,-2.84,15.45,Forward
17.9,6.78,19.02,18.29,22.94,21.11,0.74,23.99,-2.65,-0.82,9.75,42.03,50.45,10.33,6.19,-4.2,0.59,43.76,Forward
33.53,35.75,40.82,24.57,13.99,27.53,3.74,4.85,-25.31,31.7,9.27,109.3,69.34,16.62,5.4,4.64,3.95,10.13,Slow_Forward
24.29,21.88,9.12,9.71,5.69,8.98,4.07,-0.3,-0.12,-47.24,2.27,90.87,76.29,13.94,9.35,4.4,-3.08,-8.26,Forward
21.04,14.87,4.29,7.24,14.21,26.3,4.39,-27.93,1.44,14.27,12.24,51.7,81.08,12.66,5.77,-4.82,-2.3,2.62,Forward
18.02,2.69,16.55,13.2,19.61,1.97,4.62,24.59,19.3,-42.88,9.54,22.88,16.98,19.86,0.76,0.4,-4.36,31.06,Forward
29.77,24.47,21.33,20.49,18.45,12.36,2.55,27.14,13.03,-51.46,8.04,6.17,82.06,17.69,7.02,-4.35,-0.08,-1.41,Forward
28.86,17.9,27.22,6.02,2.58,27.06,3.28,3.76,-25.75,57.31,11.23,96.4,87.77,22.85,0.98,2.93,3.7,-1.43,Hover
8.24,12.73,18.75,20.57,2.42,6.23,0.06,-3.45,12.32,-30.08,2.3,24.12,14.07,5.77,9.47,-4.51,0.45,15.07,Hover
23.69,34.79,39.54,12.13,28.98,9.12,2.87,-8.43,-21.86,56.52,13.8,33.09,13.52,0.41,5.12,0.49,-1.48,14.9,Forward
27.76,38.52,2.16,23.97,4.98,35.2,2.37,-13.92,-24.63,-50.96,4.06,2.24,59.58,25.0,9.7,1.19,4.06,15.29,Hover
28.6,12.39,21.7,1.59,9.19,27.07,4.81,4.47,-6.08,-25.94,3.94,3.17,54.71,7.09,0.75,-4.04,0.32,2.06,Forward
10.66,2.66,19.24,20.21,23.15,20.11,4.51,-22.31,-25.36,-71.52,12.22,28.42,98.21,1.07,5.56,0.94,4.74,-0.73,Forward
37.17,42.47,32.45,19.67,12.59,8.67,3.99,25.15,19.76,-0.63,5.01,104.87,36.5,6.18,2.65,4.42,2.5,32.3,Descend
1.45,0.7,48.32,28.26,5.85,13.85,0.29,-19.44,-2.21,-21.31,12.46,93.92,63.12,16.72,6.59,-4.03,4.11,23.21,Turn_Right
17.87,46.87,25.62,21.54,14.28,23.1,2.02,14.73,5.22,-88.93,4.92,92.61,55.6,14.7,5.23,1.85,1.48,7.66,Forward
39.05,31.46,49.35,23.99,17.28,6.47,3.48,-11.59,4.61,-6.33,8.26,99.42,58.22,5.17,5.88,-2.29,4.89,0.84,Forward
28.28,16.23,15.25,27.19,13.86,19.43,0.16,-16.44,28.69,-76.61,3.46,23.21,69.37,4.66,3.92,-2.26,0.25,38.27,Forward
13.21,12.47,1.74,20.41,27.61,16.54,1.19,3.47,24.95,60.65,10.97,117.51,58.38,11.11,0.99,0.44,1.41,-2.49,Descend
34.81,0.65,8.45,9.06,8.9,19.22,4.44,15.91,20.95,-1.14,2.5,28.63,10.63,0.34,1.51,4.28,-3.66,22.11,Forward
28.46,11.93,19.88,26.16,20.01,4.49,0.66,13.6,-7.0,34.21,13.49,18.84,85.93,0.06,8.66,-2.69,4.37,23.56,Forward
39.85,7.06,15.95,22.55,3.81,4.53,0.27,-15.97,-21.29,57.8,5.57,36.06,28.1,15.42,7.18,4.93,-1.65,37.13,Forward
36.8,30.69,5.03,13.02,12.07,38.58,2.91,-10.17,5.51,-80.79,7.07,64.12,30.8,8.13,7.81,-4.09,1.65,-6.88,Forward
30.58,8.49,21.75,21.46,22.36,39.18,4.73,22.13,-3.58,-29.3,0.36,15.81,68.32,0.6,1.67,4.4,-1.39,6.93,Forward
24.51,26.53,17.04,26.1,7.13,17.22,4.17,13.39,-16.47,-85.48,14.64,88.9,53.0,11.5,0.97,-4.82,3.85,43.13,Forward
6.83,29.59,6.31,29.28,17.9,31.62,4.87,12.76,-24.14,-81.07,12.2,45.21,61.7,23.39,0.66,-3.38,-3.9,21.29,Hover
13.21,15.04,14.95,28.59,5.03,26.33,3.77,-13.87,-3.83,-83.19,6.71,68.64,54.77,6.37,5.46,4.76,4.01,12.98,Forward
21.07,1.95,44.34,10.1,3.53,4.94,2.19,17.52,9.05,-3.98,13.8,88.37,47.61,6.28,5.26,-2.34,1.26,7.43,Forward
30.05,2.06,15.24,12.94,15.94,12.08,4.73,-8.49,7.52,-8.88,13.97,108.33,53.5,11.7,1.55,-4.93,4.57,-1.79,Forward
25.78,1.51,35.75,3.73,20.41,12.75,2.14,-5.92,16.44,-78.98,8.0,98.5,22.7,3.71,3.79,3.85,0.04,0.29,Forward
14.55,37.01,30.68,7.8,3.84,23.95,1.76,-12.75,-2.01,-42.77,3.51,64.96,97.24,15.95,5.54,4.14,-0.07,32.86,Forward
0.52,16.04,21.47,26.53,27.57,23.33,2.25,-22.72,-10.7,-45.99,7.31,118.95,61.73,20.98,6.92,2.44,-1.41,3.43,Turn_Right
24.91,39.86,12.1,11.15,7.16,36.96,4.07,-4.78,2.32,-36.61,4.87,64.04,35.81,4.86,8.19,4.4,-1.71,2.09,Forward
14.42,21.7,18.58,18.81,4.04,31.66,4.59,-28.98,28.5,25.34,6.72,64.78,74.16,16.47,6.59,-2.34,-3.77,7.55,Forward
36.78,22.76,29.69,20.15,6.48,34.32,1.79,-2.65,-27.29,35.47,13.67,19.86,89.21,22.2,0.79,1.45,-1.73,31.6,Hover
1.39,25.74,17.67,23.56,5.5,35.68,2.32,13.5,1.72,-28.97,4.23,18.7,36.68,22.58,6.07,2.42,1.09,13.12,Turn_Left
29.32,35.71,10.9,5.89,3.17,32.11,4.49,27.64,-10.24,51.88,12.58,21.08,39.21,13.82,1.34,4.74,-4.16,-8.44,Turn_Right
47.09,13.82,6.0,9.49,24.04,13.52,0.24,-25.28,-23.68,-14.79,14.03,71.43,49.47,3.81,5.87,3.98,-3.14,18.22,Forward
8.89,6.26,44.01,13.73,15.12,8.84,3.92,-13.12,-3.92,4.03,12.08,50.41,29.56,16.48,4.07,-4.41,3.6,5.3,Slow_Forward
23.69,27.89,22.13,11.26,11.96,23.0,2.28,-0.35,8.47,-63.8,7.91,46.92,82.88,18.37,3.22,-1.61,-4.09,15.2,Forward
4.75,16.48,31.34,29.5,28.54,27.68,1.89,-19.78,1.69,-48.08,8.46,16.18,62.58,18.86,5.08,1.15,-2.59,38.58,Ascend
31.36,22.24,24.62,25.13,11.44,15.65,2.24,-22.99,-28.25,40.96,12.29,46.35,15.13,23.36,4.12,3.55,-4.96,0.83,Hover
27.62,32.42,43.65,14.65,5.43,33.98,2.1,-2.86,4.75,85.87,0.67,45.98,99.7,15.38,8.39,-2.2,2.19,8.62,Forward
20.49,24.81,27.44,26.44,8.58,38.43,3.79,4.84,-16.08,36.84,11.04,74.88,61.75,11.65,2.65,-4.92,3.51,41.99,Forward
26.16,31.09,24.14,10.76,7.55,22.91,4.64,19.21,-9.51,-80.24,7.93,47.22,90.09,12.56,1.8,-3.13,3.8,32.53,Forward
44.85,27.3,46.25,23.68,15.21,18.43,2.46,29.87,-11.27,-64.28,5.96,50.83,55.15,8.04,8.45,-0.75,4.0,5.09,Forward
9.98,37.04,36.04,7.1,9.1,33.76,4.17,16.46,21.51,-9.76,11.5,33.43,62.42,1.43,2.81,-4.39,-0.96,-4.15,Slow_Forward
1.32,35.36,5.76,23.28,15.72,1.26,3.66,-16.72,-27.15,41.86,3.99,16.65,50.9,17.94,0.81,-4.58,0.6,41.37,Turn_Left
43.11,26.8,9.05,13.97,20.24,5.42,1.66,14.88,-9.12,-60.13,13.43,36.7,48.05,0.5,4.18,-0.98,1.78,-2.0,Forward
28.94,34.01,39.4,3.67,23.43,33.87,2.94,2.23,-6.31,45.15,10.33,6.09,29.65,1.6,8.28,1.48,4.15,10.06,Forward
44.55,43.7,41.83,8.56,21.45,29.36,3.34,-2.95,7.13,10.05,9.15,25.24,96.59,8.35,4.6,2.11,2.96,8.25,Forward
29.93,21.73,27.35,12.37,6.56,16.82,0.13,26.14,17.34,49.42,7.85,39.67,26.36,23.28,4.97,0.33,-0.11,-3.62,Hover
40.55,20.76,27.81,22.6,3.92,35.59,1.99,12.13,13.66,10.37,3.19,18.33,57.38,12.08,0.95,-0.64,0.1,-4.46,Forward
21.6,38.26,31.67,2.65,16.5,14.25,4.96,10.9,15.16,18.45,9.25,80.13,17.84,5.38,7.25,-4.81,-1.64,5.53,Hover
37.54,29.21,22.07,19.96,6.37,25.46,3.19,-29.29,-18.46,-45.23,10.87,34.41,99.4,22.43,3.77,-2.37,-4.88,10.25,Hover
45.67,3.74,34.07,21.62,3.01,25.48,1.68,21.9,24.7,39.63,0.18,74.25,60.01,14.29,7.42,1.7,-3.56,43.29,Forward
28.69,44.63,5.6,19.79,16.05,7.62,1.26,17.6,-5.15,61.92,5.5,77.62,83.31,9.25,4.4,-0.5,-1.68,19.5,Forward
9.2,1.73,48.07,22.94,10.14,11.61,1.06,-12.06,-29.33,66.83,12.49,54.23,60.66,17.89,5.51,-2.36,1.06,40.0,Slow_Forward
13.59,37.47,37.56,5.76,22.81,36.67,2.01,-12.47,10.09,-84.7,9.48,54.44,82.45,11.03,6.1,-2.71,2.14,-2.93,Forward
10.09,37.99,31.63,17.82,9.77,7.58,0.97,-26.79,6.24,22.43,9.23,70.19,58.1,18.25,2.37,-4.83,3.91,3.12,Forward
12.49,47.66,15.95,28.26,29.37,7.19,0.68,-26.95,-22.44,88.12,3.43,32.23,50.05,5.46,3.29,3.25,0.55,-1.04,Forward
15.46,2.9,8.22,18.52,22.88,19.34,1.83,10.12,27.59,15.64,9.48,3.53,51.03,3.75,6.06,3.78,-1.06,10.63,Forward
27.85,29.92,20.59,18.53,2.2,3.96,3.04,-18.83,3.69,-59.17,11.79,77.76,10.21,11.52,8.32,-1.34,1.91,40.46,Forward
29.48,21.51,33.15,22.22,15.51,35.82,0.74,25.41,-1.84,67.97,6.03,73.41,43.36,7.99,9.63,2.01,-1.08,6.17,Forward
21.44,16.67,31.76,10.33,17.1,4.28,0.23,20.54,-6.11,-42.42,2.73,57.69,95.67,15.13,5.48,-4.35,-3.92,22.76,Forward
30.85,4.7,19.26,21.16,21.01,24.78,0.18,-9.07,-17.41,-81.9,1.16,105.22,70.8,19.72,1.2,3.89,-4.96,40.36,Descend
4.26,28.22,30.74,27.53,15.19,13.79,1.34,-7.2,27.17,-12.51,7.59,61.53,92.74,22.54,9.58,4.07,2.08,17.65,Ascend
4.57,24.06,40.72,0.82,14.76,32.23,0.96,-10.36,12.13,-71.95,10.26,37.12,28.02,19.01,4.5,-3.43,3.99,19.02,Forward
8.76,5.41,1.51,26.17,11.35,23.72,2.7,-24.46,4.06,-69.26,2.44,85.91,54.2,8.54,1.47,2.81,1.78,20.39,Slow_Forward
26.0,30.7,22.64,6.95,8.51,15.72,2.28,-28.11,7.87,-6.61,6.32,115.53,13.1,18.18,9.74,-0.27,-4.72,5.42,Descend
10.86,36.95,37.98,13.95,28.41,39.36,1.63,-2.87,20.43,20.28,8.53,88.69,70.93,13.25,3.16,1.81,-2.81,13.01,Forward
14.31,38.41,27.4,25.64,9.87,2.93,4.17,26.58,8.14,72.97,2.34,109.15,80.56,22.65,6.74,-0.25,4.46,36.61,Descend
20.14,45.29,32.64,24.81,2.37,23.24,2.53,25.03,-23.12,36.95,4.05,14.41,77.3,17.67,1.87,-4.21,2.1,11.99,Forward
40.63,20.59,25.93,26.81,5.43,39.59,0.47,18.59,11.84,61.67,9.13,15.4,17.81,3.76,7.34,3.4,2.37,13.04,Forward
0.89,47.66,49.6,28.24,25.79,27.73,1.49,7.72,3.89,-15.88,10.88,19.4,32.28,1.95,9.77,-4.14,3.06,-3.62,Turn_Right
32.54,43.3,2.92,13.69,17.81,29.67,4.87,21.37,27.98,-32.65,9.54,84.64,69.02,13.6,9.86,-1.4,4.13,15.49,Forward
33.51,14.97,24.65,19.86,23.47,1.57,4.89,0.9,14.02,16.71,10.7,47.38,78.31,9.13,1.7,4.86,-0.61,-5.43,Forward
39.97,8.13,4.75,12.02,24.36,1.15,1.28,-19.19,-9.36,35.19,8.72,57.85,34.68,4.2,7.8,-0.73,-0.7,4.7,Forward
46.65,21.88,8.16,10.85,24.79,1.73,0.84,11.05,-21.88,12.29,12.54,32.17,46.56,19.94,6.81,3.2,-4.77,43.87,Forward
1.2,20.21,19.28,13.23,16.74,39.67,2.48,25.24,-1.06,-42.39,12.4,88.6,41.61,9.39,8.11,-3.31,4.37,39.77,Turn_Left
7.86,28.87,7.95,22.42,5.73,39.19,2.41,-28.82,10.76,-23.45,11.94,101.6,10.41,2.15,3.67,3.3,-3.69,24.17,Hover
44.33,29.25,48.19,15.29,4.87,13.58,2.06,-14.91,-19.36,-9.31,8.63,20.07,61.89,6.56,4.32,-0.39,-0.49,29.2,Forward
23.03,37.55,47.35,24.51,17.43,11.85,2.65,-14.07,8.97,-87.45,14.91,23.94,70.22,16.92,3.75,0.1,1.0,3.07,Forward
28.32,25.59,16.94,22.48,11.31,6.09,1.17,-24.06,19.54,68.37,0.59,41.39,34.88,16.2,7.78,4.69,4.94,-2.08,Forward
33.22,5.42,32.06,1.1,16.96,13.37,0.58,-16.47,-20.58,2.05,2.93,34.34,71.9,6.56,8.19,3.86,-1.01,20.3,Forward
34.02,42.94,26.78,19.09,15.21,14.99,2.86,-6.96,12.35,45.19,12.13,64.25,31.85,8.53,2.87,-1.52,1.69,39.39,Forward
46.6,15.63,40.82,13.38,18.26,30.01,4.66,26.39,-25.9,-59.06,12.39,90.56,74.4,1.25,5.94,4.49,4.53,35.78,Forward
49.85,48.57,31.45,13.97,1.45,34.69,0.7,21.62,-29.52,10.2,12.28,95.4,51.15,23.83,1.7,-3.97,0.71,22.4,Ascend
36.06,6.07,0.21,24.64,1.47,29.95,3.53,26.76,-28.04,76.7,13.09,25.81,88.47,8.18,0.63,-4.74,0.34,44.16,Ascend
14.5,47.92,38.21,16.65,21.79,25.97,2.2,-22.77,7.89,-51.43,6.34,21.89,59.03,23.24,6.3,0.33,0.73,3.64,Hover
44.01,4.73,37.39,26.63,6.2,30.71,1.48,-28.32,28.4,-27.75,13.98,44.28,26.62,20.35,8.48,2.7,3.18,32.18,Hover
2.65,11.71,25.58,21.53,19.74,29.62,4.27,-23.41,16.28,-20.1,3.14,18.58,83.98,8.38,9.11,-2.79,-4.57,5.6,Turn_Right
11.71,2.52,45.17,16.81,16.62,19.19,2.29,24.86,-14.74,-21.01,14.05,11.92,79.99,17.35,6.39,-4.2,2.6,43.59,Forward
44.89,35.31,45.44,22.76,29.46,13.63,2.92,-20.55,-25.7,18.11,8.35,29.87,17.58,11.84,8.18,3.46,-3.28,4.55,Forward
12.96,42.54,26.29,1.63,25.14,11.53,2.22,4.36,7.0,-19.12,2.46,47.88,14.32,24.42,4.34,4.86,2.67,10.11,Hover
11.19,21.82,30.48,1.3,12.69,27.27,0.42,-16.35,-29.81,31.33,11.04,70.95,22.27,15.96,8.82,1.94,3.0,16.2,Forward
7.08,46.44,49.83,2.96,18.68,38.38,2.98,-28.76,17.56,-2.78,4.44,87.07,86.08,12.98,7.86,4.75,1.26,7.69,Slow_Forward
42.98,29.6,15.08,13.41,3.96,23.37,2.1,-24.92,-15.41,-61.63,3.31,27.51,38.83,15.95,3.43,3.33,-0.61,5.15,Forward
25.1,31.57,16.37,7.45,11.9,36.53,0.44,12.59,-12.05,80.74,2.58,98.42,55.43,5.51,6.17,-2.48,2.32,15.88,Forward
33.81,42.3,9.3,29.54,22.15,0.86,2.98,-19.06,-9.36,-46.89,0.44,5.01,64.27,7.66,0.99,-3.9,-4.81,34.9,Forward
12.11,14.98,44.81,16.5,18.87,31.84,0.06,-16.25,15.81,11.24,11.47,53.84,76.91,17.82,1.89,3.09,1.49,32.55,Forward
37.95,17.84,37.28,20.04,14.79,34.19,1.05,-7.36,-14.06,-79.08,7.3,76.34,84.7,2.09,9.49,1.6,-2.68,14.44,Forward
38.05,45.32,5.46,8.73,5.71,25.35,3.91,9.43,-12.93,75.35,14.68,35.66,56.43,7.56,0.59,3.13,1.6,7.21,Hover
15.77,45.07,49.09,9.99,24.19,37.38,0.2,-1.84,2.46,77.04,6.59,82.36,47.42,15.49,2.43,2.18,-3.62,-2.77,Forward
20.65,48.83,36.6,10.4,8.56,23.72,3.24,26.68,-2.22,-24.38,12.65,104.18,27.63,24.89,1.82,0.05,-3.2,37.83,Descend
10.64,45.11,42.56,21.11,24.7,9.85,4.75,-3.95,27.33,-68.22,14.52,11.63,64.68,23.14,7.14,4.41,-0.48,38.72,Hover
48.83,6.54,2.6,14.47,18.54,8.86,0.86,-18.05,-14.2,48.6,0.34,61.99,59.49,20.81,1.5,2.54,0.3,-6.33,Hover
32.35,41.22,25.35,15.77,11.5,22.37,2.09,2.17,-24.49,-42.79,1.58,3.23,36.2,12.52,0.69,-4.91,-0.84,31.18,Forward
46.74,20.61,34.99,17.96,1.7,36.29,2.88,-2.95,2.46,36.11,5.22,34.27,50.16,20.12,9.34,2.04,1.11,38.61,Ascend
15.31,49.54,27.24,23.18,7.36,3.17,2.26,17.23,-18.93,74.73,13.05,17.3,76.57,13.97,8.79,0.44,-4.47,30.5,Forward
39.14,23.72,33.4,3.17,26.73,24.29,3.11,26.11,-5.18,16.24,12.57,75.29,66.44,11.46,3.91,-3.62,-3.07,8.68,Ascend
38.34,27.78,40.93,23.42,24.63,30.86,2.03,20.18,-18.77,65.02,5.5,30.59,53.36,5.59,1.45,-0.65,-4.96,13.59,Forward
34.64,26.58,18.84,17.12,17.46,4.88,0.75,-6.66,22.86,-49.56,3.0,34.61,34.51,23.77,6.94,0.24,0.66,6.53,Hover
48.29,16.22,42.46,20.24,14.26,4.94,0.45,-17.03,-10.35,73.88,12.03,25.47,70.12,14.96,8.89,-0.32,1.91,19.85,Turn_Left
19.8,3.94,8.31,10.16,19.59,14.84,3.72,24.87,16.49,-49.2,8.95,30.01,66.49,16.88,9.76,-0.66,-0.16,38.94,Forward
6.71,44.8,13.69,12.58,14.25,11.17,1.2,-6.84,26.92,-49.36,0.47,27.79,51.24,3.53,1.74,1.31,-0.39,26.93,Slow_Forward
33.65,40.17,2.36,7.32,19.51,8.17,4.24,16.21,26.43,68.38,12.06,84.05,31.47,10.77,6.2,1.59,-0.74,15.21,Forward
36.52,7.15,18.35,29.39,9.57,8.19,3.72,29.37,1.49,9.88,14.35,114.74,25.74,24.12,4.59,1.98,-1.64,37.32,Descend
28.84,38.88,19.12,15.16,25.24,5.49,0.26,4.65,29.0,53.9,0.63,59.34,40.55,18.94,1.99,2.61,0.88,-9.95,Slow_Forward
10.5,31.37,40.3,29.88,21.21,24.55,1.01,-1.21,9.36,54.45,4.29,72.45,91.78,22.07,8.18,3.33,-4.94,5.1,Hover
25.32,20.58,32.73,14.95,10.23,27.62,1.47,11.99,-22.29,26.45,12.29,98.35,77.85,9.9,7.93,0.74,0.95,13.98,Forward
15.75,12.85,21.95,6.98,25.0,28.21,2.98,-18.36,23.3,-55.97,8.77,57.66,90.2,1.66,9.66,-4.27,-0.1,22.59,Hover
21.49,43.01,32.68,15.47,14.88,21.43,4.05,-0.71,-1.88,34.58,14.84,36.94,85.83,8.79,1.31,-1.35,1.26,44.76,Forward
32.33,35.07,2.83,1.67,5.65,38.13,0.31,-11.26,-20.84,-78.55,13.73,114.17,51.3,9.4,2.77,-4.96,3.54,25.17,Descend
37.31,27.48,9.18,27.19,2.79,35.26,1.26,-20.15,17.49,-53.88,2.67,108.83,57.74,7.53,8.36,0.95,3.29,10.98,Descend
11.76,30.56,31.42,24.65,21.14,38.32,1.89,6.61,7.46,25.72,10.11,27.22,25.26,13.17,4.26,4.75,3.07,29.87,Forward
20.39,4.74,32.14,21.91,26.02,15.74,0.93,4.54,22.93,73.41,9.8,84.67,74.88,4.8,5.02,3.27,-0.89,44.13,Forward
13.6,23.8,38.75,18.49,24.32,35.15,2.73,15.67,19.64,48.9,1.66,78.01,47.98,23.44,6.31,-0.14,-1.1,23.62,Hover
10.09,9.85,20.27,17.61,19.84,30.59,2.4,22.38,-10.79,-30.16,1.34,78.31,24.51,22.69,4.38,2.08,-2.93,9.34,Hover
39.21,10.58,36.18,29.9,4.67,13.8,1.59,-16.78,-14.62,58.27,8.54,99.84,18.58,6.54,0.84,2.42,-4.68,27.52,Forward
45.48,33.13,34.26,8.7,3.27,4.53,2.59,16.78,14.03,83.99,6.04,81.22,72.65,16.29,6.24,0.95,0.05,15.53,Forward
18.64,45.58,48.18,23.5,10.68,27.4,1.79,-7.96,4.4,-30.25,8.18,62.64,53.4,12.53,2.67,3.86,4.75,19.47,Forward
37.61,20.31,10.91,17.65,25.72,5.72,1.72,7.73,-25.81,-56.37,3.58,101.68,10.81,6.25,9.7,-1.78,2.52,42.54,Descend
44.87,10.55,27.67,29.29,28.87,11.96,1.33,21.01,-19.1,-54.45,8.35,32.52,84.21,22.43,7.06,1.73,0.47,14.01,Hover
42.34,32.51,30.17,24.92,7.62,20.16,2.71,-14.63,-20.92,-17.94,5.75,81.83,65.75,5.78,8.49,-4.35,-2.02,7.26,Forward
9.3,43.59,49.93,29.96,22.98,27.29,2.23,6.06,5.39,-80.58,13.31,84.48,13.45,15.62,9.57,-3.62,-3.78,24.91,Forward
47.82,37.47,10.22,17.86,17.43,37.07,0.99,-1.18,-24.85,-2.2,4.59,104.57,37.42,8.38,1.1,4.38,-2.36,21.26,Descend
18.96,43.46,26.26,6.53,1.44,23.85,0.07,17.43,-17.54,41.81,13.06,119.8,75.02,20.65,1.91,0.43,0.34,11.85,Ascend
17.09,26.92,17.44,15.36,16.52,26.96,0.76,11.83,2.72,5.48,5.85,67.35,15.31,15.51,8.18,2.54,1.24,6.65,Forward
3.31,37.64,26.39,21.48,24.28,12.61,0.22,16.18,-22.02,84.61,8.67,58.65,76.26,20.81,8.91,3.69,-1.34,18.89,Ascend
24.41,7.18,11.76,23.34,8.65,27.59,2.16,-12.72,-15.1,-6.89,4.3,72.48,55.44,8.69,0.55,4.34,-3.95,-1.01,Forward
5.63,17.54,2.57,0.52,26.97,17.68,1.13,12.26,24.41,-87.61,12.14,79.38,80.46,0.28,9.48,-4.1,-2.37,4.73,Slow_Forward
12.58,19.6,28.71,15.4,7.47,34.32,2.11,6.35,11.83,-5.38,12.65,85.85,86.97,5.54,4.82,2.02,-2.43,36.79,Forward
15.98,25.66,16.93,7.44,2.76,15.88,1.65,-2.6,-11.59,77.38,12.14,34.47,79.1,20.36,4.89,1.3,0.35,40.0,Hover
40.48,46.47,9.26,26.31,5.22,18.89,2.69,-7.3,22.64,-72.74,9.6,58.96,17.03,7.92,8.85,1.0,-3.97,11.63,Forward
43.8,43.74,16.33,5.01,25.19,17.47,3.62,-10.1,-14.98,-49.87,4.57,45.14,51.43,7.99,3.25,-3.55,-2.12,35.88,Forward
15.26,6.9,2.65,20.16,12.81,32.5,2.4,-29.42,5.34,38.8,9.55,5.61,38.69,11.24,6.04,2.73,-1.56,-4.32,Forward
42.96,8.8,47.53,8.35,24.01,38.16,0.32,-19.83,-7.89,-37.06,14.39,73.53,55.76,6.87,3.67,-1.84,0.27,1.9,Forward
42.89,18.01,29.14,11.02,16.17,13.29,0.1,-26.46,15.13,47.74,9.73,105.1,96.92,20.18,1.58,-2.78,-2.01,22.81,Descend
38.28,14.68,40.78,28.25,14.68,19.16,1.07,20.9,-7.7,-14.52,14.35,110.66,21.2,8.04,3.91,2.07,-3.5,27.28,Descend
7.51,30.82,21.27,7.59,24.3,28.33,2.13,21.61,-15.07,53.29,4.57,62.57,87.9,15.1,2.14,-2.85,-4.75,3.85,Slow_Forward
34.58,45.16,45.19,3.3,12.99,35.85,0.23,20.77,6.46,9.28,12.69,92.14,99.18,11.28,5.45,-0.01,-3.27,41.69,Forward
47.26,48.12,24.27,2.54,24.16,19.9,1.65,19.08,14.72,-75.16,10.78,85.78,99.1,7.18,5.53,-1.82,3.25,24.29,Forward
34.19,32.75,28.78,15.39,3.47,4.62,4.44,-16.72,2.18,-20.5,12.29,28.24,81.7,6.63,4.65,3.23,-1.5,40.68,Forward
16.71,41.94,24.69,19.43,19.27,14.94,0.46,-0.49,12.98,-30.02,10.66,8.49,51.9,12.55,2.15,4.54,0.39,-4.18,Turn_Left
25.13,26.36,36.72,10.16,21.23,22.15,4.74,24.47,-4.68,55.81,7.21,89.99,26.02,5.27,1.63,3.25,-0.1,22.09,Forward
32.36,10.57,28.42,20.86,27.02,16.88,4.28,15.59,17.73,22.48,10.3,34.64,64.74,8.64,1.49,-1.03,-2.24,8.8,Forward
25.63,26.33,13.73,2.3,7.12,7.71,4.16,-29.89,5.1,49.93,13.98,66.38,64.93,0.98,1.57,-3.37,3.43,37.66,Forward
6.17,27.84,7.45,25.79,18.32,1.77,4.32,-2.43,-18.23,-23.01,6.26,63.36,38.48,19.76,3.3,1.98,4.39,-9.26,Slow_Forward
15.74,37.17,30.38,24.59,13.28,27.59,0.41,-29.36,23.45,34.51,14.28,98.33,65.51,1.09,0.52,4.04,-2.88,32.19,Forward
40.16,11.15,24.56,29.57,11.79,39.71,0.76,-13.16,20.21,-78.26,0.74,77.71,20.49,21.81,1.09,-0.99,3.07,-0.98,Hover
43.1,18.54,4.98,28.13,3.65,36.79,0.68,-3.85,27.83,-83.39,0.21,101.81,67.06,1.18,4.97,-4.59,2.56,38.95,Hover
7.04,18.33,19.9,11.01,4.46,27.43,0.57,23.57,4.14,-38.26,7.41,90.52,90.71,21.2,2.24,-3.76,3.38,15.43,Hover
47.63,47.98,25.84,12.28,25.19,33.71,1.65,9.26,10.54,49.27,12.73,119.98,52.49,16.1,3.0,-1.17,-0.91,-0.53,Descend
16.58,22.31,41.38,22.51,22.62,10.45,4.15,-8.25,21.81,6.14,3.72,103.8,78.81,12.65,3.86,-0.01,1.86,34.98,Descend
33.18,37.8,3.99,4.46,11.78,25.01,1.27,-0.56,-26.84,-16.41,10.4,26.12,67.21,3.62,0.88,-2.09,-3.1,17.67,Forward
37.64,37.59,17.56,9.76,24.94,2.71,1.23,19.04,24.73,71.39,8.2,115.41,10.28,6.42,2.59,-0.13,4.68,-6.62,Descend
40.63,13.42,41.17,4.0,2.88,28.38,3.38,-12.02,-13.73,-0.47,4.36,41.48,20.98,17.25,7.88,4.59,2.23,-8.2,Forward
47.3,28.68,32.49,13.92,18.93,38.8,0.49,6.9,-26.58,20.41,4.29,73.33,79.74,12.8,3.74,-4.23,-4.23,3.95,Forward
15.78,44.74,14.64,16.78,26.11,34.47,1.81,-14.27,-15.74,87.45,1.1,113.02,13.64,12.86,2.27,3.04,3.78,29.25,Slow_Forward
42.95,23.86,42.3,6.73,25.25,21.52,1.48,-1.2,5.18,4.03,8.04,26.49,96.06,3.33,2.38,-0.45,4.59,13.88,Forward
6.76,47.27,24.77,1.29,11.5,31.61,4.24,-28.52,-27.13,51.03,6.75,103.02,90.47,11.88,9.85,1.54,-1.66,18.95,Slow_Forward
35.31,10.88,25.02,21.72,22.48,37.77,2.58,21.14,-29.95,-15.51,4.34,114.43,42.61,14.76,1.91,4.69,0.39,-2.51,Descend
37.15,3.89,48.83,1.09,13.11,8.88,3.24,-27.1,8.36,-83.46,14.56,102.6,37.93,3.06,9.1,-0.4,4.92,29.61,Descend
33.95,44.59,47.37,29.22,25.28,31.79,0.65,-16.54,-2.8,60.2,12.28,98.48,65.16,24.36,1.27,-4.04,-0.49,9.87,Hover
12.77,42.41,18.05,7.04,16.16,11.01,4.65,-9.99,20.66,79.99,7.87,32.49,65.06,20.75,8.81,3.28,1.66,8.42,Hover
43.68,49.63,7.2,20.09,23.06,35.11,1.62,7.51,-14.55,-11.81,7.83,49.44,18.01,7.94,5.32,-2.35,-0.48,22.0,Forward
8.61,34.03,16.42,13.33,2.82,4.2,3.54,13.2,-13.16,0.65,2.9,91.48,29.38,14.08,6.28,4.05,-4.24,32.1,Slow_Forward
2.87,46.85,1.72,2.26,17.91,7.38,4.77,-25.17,-25.35,-13.66,9.74,15.06,67.28,13.97,2.84,-4.18,0.1,-8.67,Turn_Left
35.93,41.38,1.23,14.43,16.73,28.91,2.55,-27.39,2.31,89.44,14.3,106.72,82.07,2.67,9.04,-2.72,3.27,-7.31,Descend
23.88,42.25,19.9,15.74,18.49,7.24,2.54,17.94,-8.05,72.6,13.47,26.02,27.28,10.95,6.08,4.68,-4.58,-4.72,Forward
42.49,28.54,47.06,25.71,21.02,6.57,0.6,12.73,-9.62,-82.6,1.27,68.21,73.17,5.19,6.92,3.8,-0.59,36.53,Forward
19.29,19.24,43.59,22.1,27.58,22.35,1.96,19.89,-2.54,50.22,0.8,13.5,88.34,8.33,5.79,-2.81,3.22,37.05,Hover
8.58,46.74,25.67,2.84,23.68,33.45,4.26,10.59,20.98,18.15,14.42,23.04,20.6,23.6,1.69,2.76,-1.47,25.11,Hover
41.85,21.72,28.35,6.67,6.98,10.96,0.68,15.06,-23.69,-85.47,3.0,70.67,49.52,13.78,8.44,-4.14,4.77,-7.48,Forward
27.54,27.03,0.5,9.7,24.86,33.69,4.59,-7.26,1.42,-9.95,8.26,76.52,86.55,1.67,2.24,-3.42,-1.17,31.3,Forward
9.62,22.42,10.93,3.93,4.1,32.38,3.34,5.41,-18.21,-63.05,1.12,33.1,43.36,16.81,3.27,-3.18,2.83,37.72,Slow_Forward
36.08,28.33,1.43,13.98,18.85,23.29,2.11,18.32,-17.26,67.15,12.65,15.17,34.25,24.97,6.86,-4.57,-2.54,40.34,Hover
25.65,23.63,37.78,29.54,26.54,25.97,2.74,-19.67,-14.6,-87.71,1.77,66.4,77.11,4.19,1.39,-0.15,-1.68,34.14,Forward
30.29,2.59,7.45,15.68,3.48,1.91,0.76,-4.63,-2.44,67.16,9.66,101.04,46.07,17.07,9.37,-1.09,2.21,14.67,Descend
23.15,44.13,43.48,22.39,25.57,14.88,1.1,14.43,-0.34,79.35,0.85,24.97,73.57,20.61,1.68,0.9,-4.43,15.23,Hover
41.47,22.33,32.24,20.65,24.06,10.76,1.44,1.96,22.29,-76.86,2.35,83.3,21.38,21.1,6.84,1.89,-4.06,17.34,Hover
41.51,29.53,11.63,25.57,15.36,6.26,1.93,10.9,23.53,39.57,7.68,46.92,59.82,17.69,6.53,0.95,-2.33,16.06,Forward
35.53,7.13,8.05,6.86,9.61,15.77,4.58,-12.43,5.2,8.8,0.69,113.23,44.15,22.75,7.13,-2.22,-2.49,18.28,Descend
5.45,0.37,31.46,22.74,12.46,14.39,1.84,-28.06,-13.12,81.77,2.93,10.83,99.76,0.8,4.62,-4.17,-4.34,-5.52,Slow_Forward
41.97,12.42,45.06,26.5,29.08,29.24,2.62,-28.25,19.11,53.67,2.04,5.76,63.23,1.6,4.13,2.32,4.72,34.8,Forward
33.62,35.29,35.97,5.56,6.45,24.04,0.82,26.57,17.57,34.99,0.61,15.79,71.39,3.36,9.79,-1.91,-2.06,-9.84,Forward
34.91,5.14,17.56,10.73,17.6,36.55,3.68,26.67,17.88,76.59,14.56,94.11,21.79,1.08,8.26,-2.53,2.23,-8.29,Forward
18.28,45.46,29.45,29.12,2.96,6.07,2.81,-17.32,-29.02,-61.14,6.75,110.81,99.28,3.0,5.11,1.91,-1.07,-8.54,Descend
43.99,10.91,15.68,23.53,6.93,2.67,2.21,-21.15,15.23,-22.33,12.88,98.87,14.63,20.42,2.23,-0.58,4.91,39.51,Hover
36.32,10.39,49.96,8.84,23.02,21.52,4.74,-28.91,21.16,61.73,5.37,86.42,16.38,22.41,8.96,-2.95,-3.6,44.75,Hover
5.81,9.24,37.49,17.14,9.43,0.34,4.45,-16.12,6.3,-71.71,0.64,7.85,16.82,8.4,6.66,2.67,-1.26,6.35,Forward
20.51,0.9,30.8,12.43,29.58,31.57,3.3,-9.94,15.07,78.38,10.43,26.44,88.35,23.93,1.79,3.06,-0.68,-3.1,Hover
44.34,38.64,21.28,14.95,15.27,20.39,4.61,-15.53,16.57,44.13,0.58,112.31,75.57,10.46,2.24,4.85,2.17,-8.96,Descend
2.55,43.78,30.98,10.98,15.74,19.68,2.83,17.84,0.4,-10.92,8.29,75.11,97.57,4.3,5.64,-0.32,-0.04,39.6,Turn_Left
48.08,30.79,17.21,8.74,1.57,14.69,4.14,14.97,18.82,-29.03,2.09,56.73,15.99,17.03,5.28,-4.63,2.5,9.67,Ascend
34.02,9.57,1.64,20.41,28.72,15.19,2.05,-25.14,17.54,-63.43,10.06,78.63,72.25,10.51,4.39,0.17,3.41,17.08,Forward
31.64,14.41,19.88,23.47,5.64,17.42,0.44,11.84,24.97,-73.14,13.39,22.25,57.99,0.49,4.56,-4.77,-2.11,10.64,Forward
13.67,23.9,46.54,26.28,16.38,0.94,4.97,1.24,25.28,-13.75,14.34,107.25,67.52,24.16,2.14,4.48,3.04,39.89,Descend
12.59,47.73,31.39,5.08,12.17,3.62,0.84,-22.07,1.78,61.76,7.92,79.1,56.16,14.95,2.93,-3.25,-0.08,35.79,Forward
47.11,12.52,4.38,24.77,12.76,20.35,1.27,14.37,-28.11,5.73,7.99,57.08,70.78,15.33,5.18,4.25,-4.23,39.29,Forward
15.05,36.64,44.27,8.02,19.48,6.26,0.82,-24.84,-28.85,-8.79,0.57,55.43,91.64,24.57,1.11,4.5,-2.03,13.64,Hover
38.82,22.08,13.59,13.11,20.03,31.22,1.69,-19.37,26.34,-32.57,11.55,98.86,62.87,20.84,3.85,2.75,3.03,1.92,Hover
19.78,15.03,12.34,27.09,5.05,11.2,1.45,-21.05,-9.76,-61.75,14.34,37.64,90.68,9.07,2.5,-4.13,-1.11,23.11,Turn_Right
7.13,22.9,15.0,13.91,15.24,4.19,3.01,26.34,-7.35,88.22,6.57,17.32,80.39,1.05,2.16,0.58,-4.07,1.61,Slow_Forward
0.73,3.75,28.94,6.31,23.82,9.64,4.98,11.89,-1.81,-85.37,11.91,23.09,87.84,5.56,1.89,-1.46,1.38,7.89,Turn_Right
27.3,39.97,27.33,5.22,13.58,14.48,0.27,-5.32,-14.05,-33.87,11.96,10.66,69.33,8.79,1.83,3.2,3.5,41.98,Forward
48.79,12.32,24.67,14.45,5.39,1.7,3.89,19.33,5.42,48.49,11.79,61.44,56.67,24.01,2.02,-1.98,-3.67,37.91,Hover
18.58,36.33,35.93,23.0,9.74,5.92,0.65,-17.04,17.08,3.7,11.38,81.59,16.26,22.22,4.05,-0.49,0.43,14.04,Hover
17.99,3.6,15.96,29.92,6.77,13.16,0.11,25.87,-14.56,-33.51,3.23,112.14,85.14,0.54,1.46,0.74,-2.92,7.64,Turn_Right
17.34,47.76,39.15,23.73,4.21,12.63,3.2,11.82,14.58,88.69,11.27,90.35,31.78,24.68,9.02,-4.65,-1.62,21.84,Hover
26.12,9.81,8.93,26.37,11.64,32.08,4.37,3.57,10.32,21.45,2.17,70.39,13.3,6.43,5.23,1.09,-0.86,31.96,Forward
22.15,44.16,39.17,22.56,16.46,33.78,0.89,17.68,1.54,-36.87,10.69,103.81,56.72,19.38,5.3,-1.56,-4.95,0.68,Descend
44.02,40.51,33.26,26.92,2.65,7.98,1.71,8.69,-10.47,62.63,0.05,107.17,66.93,2.91,2.51,0.29,-1.44,39.88,Descend
25.37,48.4,34.22,2.75,18.31,5.22,0.85,23.23,22.37,-62.97,13.78,85.77,69.56,5.51,8.74,-3.75,-1.91,0.31,Forward
25.49,24.0,24.18,27.93,29.79,25.48,4.53,19.75,-5.83,-6.56,12.41,7.7,70.27,12.64,8.37,-1.64,1.68,23.56,Forward
7.09,36.42,33.42,12.19,28.94,32.24,1.36,-18.13,-7.52,61.13,10.24,35.72,68.84,17.59,0.83,0.82,3.8,20.24,Descend
49.14,18.66,4.17,27.69,24.96,38.56,2.23,-15.62,8.48,87.06,1.42,41.01,82.74,8.63,7.46,0.72,-3.95,8.09,Turn_Left
12.65,9.38,42.61,2.73,8.36,0.57,4.47,-26.09,25.22,-21.05,12.37,119.69,79.24,21.83,2.25,-3.42,-0.17,20.88,Descend
3.85,22.27,2.97,21.6,1.16,16.72,2.77,-16.79,0.48,-65.14,13.13,56.24,83.16,23.5,5.78,-0.85,-2.23,38.4,Ascend
33.22,8.45,7.61,22.2,25.09,29.44,4.66,-9.39,13.36,12.05,10.32,91.66,51.42,3.06,8.77,0.2,4.88,8.17,Forward
29.85,49.11,28.92,29.91,2.14,33.19,4.63,-28.27,-2.59,79.92,14.64,97.84,15.65,17.96,9.37,-4.19,2.8,38.69,Forward
20.87,4.99,37.02,23.18,6.57,2.77,2.31,-11.1,-16.87,29.81,1.39,78.74,67.56,3.3,2.25,0.99,-3.82,-6.55,Forward
21.23,29.54,4.0,11.79,16.56,27.32,2.92,16.29,-22.56,18.39,10.63,3.17,28.92,8.52,9.43,-2.68,-1.31,19.36,Forward
39.3,31.4,46.05,16.94,5.76,11.77,1.16,20.42,-21.82,-34.33,7.87,3.3,87.36,20.49,1.16,4.2,-3.89,6.11,Hover
9.95,27.0,48.69,11.31,25.1,3.26,4.95,-29.47,-28.72,19.14,2.18,98.43,74.95,8.41,9.14,-2.31,2.87,41.17,Slow_Forward
41.05,33.18,30.38,6.28,23.43,19.72,1.4,-29.57,3.17,69.24,9.88,88.97,78.93,22.68,7.84,2.87,-0.13,-7.41,Hover
32.51,5.99,24.17,7.83,22.8,6.58,3.92,-21.22,-22.13,-22.41,11.99,64.8,35.78,10.29,9.18,0.82,1.47,-8.97,Forward
21.06,27.84,37.12,7.05,24.58,29.56,1.57,22.35,21.94,-46.43,2.47,30.62,66.97,7.74,3.98,1.85,0.75,34.53,Hover
23.01,14.5,16.55,16.69,6.98,29.73,1.57,-1.84,28.97,-3.43,11.9,11.32,57.53,24.73,9.44,4.02,-3.17,30.68,Hover
12.98,47.02,24.76,27.23,22.0,33.73,0.53,28.97,-0.25,-22.29,1.39,20.55,34.16,11.04,8.28,3.48,-4.87,-1.47,Forward
37.66,38.15,45.82,27.43,10.98,15.29,2.8,23.24,-3.02,-5.41,8.87,70.06,83.1,18.52,3.62,-3.72,3.7,41.81,Forward
25.74,48.63,47.79,2.12,20.17,0.83,1.23,23.41,-9.12,-72.77,11.98,65.95,59.5,14.99,3.72,4.34,-4.08,38.06,Forward
16.18,2.07,46.37,2.86,4.1,10.61,0.75,-22.29,8.28,-29.48,2.19,113.01,27.17,5.06,3.89,-3.61,2.91,3.36,Descend
29.88,14.4,13.27,7.73,21.31,18.87,1.14,-1.49,6.48,58.78,8.57,114.92,37.47,12.51,6.09,-1.84,-3.09,27.64,Descend
49.79,9.93,11.78,8.02,29.18,27.85,1.26,29.62,-9.4,-17.94,6.37,69.54,30.44,1.94,2.23,0.23,3.53,13.57,Turn_Right
21.88,0.76,15.02,3.3,1.79,15.47,2.53,-21.06,-9.41,84.22,9.11,101.13,38.12,17.72,4.62,4.33,0.94,20.84,Ascend
46.05,12.27,22.18,11.96,3.27,21.58,1.94,4.45,8.69,37.59,6.36,97.66,26.94,12.97,1.14,1.27,-1.01,33.51,Forward
17.38,34.0,15.85,17.84,4.15,21.11,0.39,-9.34,3.27,-24.11,3.76,90.53,43.4,3.06,3.9,3.75,1.58,24.69,Forward
2.93,11.71,18.84,17.56,13.2,6.85,2.68,-6.73,13.11,-44.7,3.81,53.04,72.46,19.17,6.83,4.42,-2.26,-4.82,Turn_Right
10.37,25.55,31.11,16.53,9.08,25.04,3.94,23.45,26.48,33.37,12.97,47.34,96.34,20.11,6.1,2.48,-0.81,23.34,Hover
21.05,44.41,38.17,10.49,24.3,17.74,2.88,5.27,16.78,-35.56,2.35,32.43,28.95,18.35,3.51,-0.18,3.24,0.2,Descend
11.14,34.75,36.83,21.34,14.48,32.37,4.87,15.53,-11.74,76.84,1.85,112.51,36.98,8.23,2.94,-1.12,-4.91,14.52,Descend
0.21,19.85,40.76,24.88,14.79,27.72,0.5,10.39,15.55,-69.06,1.46,100.3,10.19,18.08,3.61,-2.25,-2.66,11.6,Turn_Right
45.77,18.75,1.8,10.72,21.65,4.73,4.11,1.74,-3.0,-84.83,1.11,22.08,30.28,14.44,1.16,0.07,2.41,-5.4,Forward
42.23,22.9,2.58,3.02,11.18,19.7,2.53,17.5,16.66,-50.22,0.22,31.04,47.66,13.6,2.95,-4.52,2.19,-4.55,Forward
37.17,9.02,39.51,9.24,10.92,28.19,2.61,28.24,23.19,19.19,2.41,70.18,51.56,16.22,7.23,-2.72,-3.36,33.32,Forward
8.56,31.77,26.75,4.55,22.83,3.75,2.6,28.01,-15.0,60.29,2.89,50.22,33.97,15.75,2.2,-1.42,4.83,21.68,Slow_Forward
6.19,18.33,28.99,14.29,23.51,31.76,1.63,17.37,-15.68,-59.38,4.05,26.45,23.53,19.98,1.81,3.53,1.76,43.55,Slow_Forward
3.57,42.65,2.82,5.1,0.92,9.11,1.63,-0.76,-4.04,15.25,1.86,95.15,60.68,24.65,8.54,-1.24,-1.29,42.33,Ascend
36.26,37.88,12.91,14.15,4.74,20.27,3.16,-20.21,-26.91,-64.05,1.41,1.18,46.83,18.16,2.75,-2.6,-1.49,0.48,Forward
46.45,30.6,31.99,7.02,6.79,37.64,0.23,-27.33,11.14,11.37,8.12,41.85,48.36,11.04,2.89,2.83,0.23,37.05,Forward
21.64,18.34,42.99,22.29,10.87,22.98,2.95,-16.11,14.98,-86.73,10.78,111.59,90.55,11.54,4.9,4.43,-4.64,7.93,Descend
6.13,10.65,45.87,1.31,9.1,17.13,3.63,-9.58,-9.27,10.41,9.45,91.53,60.53,0.73,4.98,2.75,2.15,-0.53,Slow_Forward
25.72,38.85,25.12,16.87,20.22,0.57,1.79,-22.21,-2.08,3.92,8.35,48.75,44.95,4.0,2.27,-3.74,-4.32,14.85,Forward
17.57,24.42,27.36,5.5,24.93,5.6,1.09,-16.51,5.42,-82.29,6.61,111.52,32.84,5.7,5.78,-1.8,1.53,5.69,Descend
18.87,11.39,41.69,0.53,6.17,23.27,1.07,-24.99,-25.58,34.1,9.51,108.2,48.57,24.76,7.11,1.03,3.02,17.97,Descend
31.14,9.92,26.97,26.14,17.11,19.9,0.42,1.42,12.68,13.01,13.53,7.26,87.57,19.08,5.1,-3.04,4.05,25.63,Forward
35.99,8.44,25.94,20.31,11.35,14.74,0.46,-22.42,1.6,22.16,9.41,16.22,96.86,3.54,9.01,1.37,-3.52,6.68,Forward
5.71,38.9,45.27,3.42,15.42,36.95,0.84,14.57,7.46,5.36,0.91,47.08,43.95,12.46,9.92,-2.64,2.45,19.93,Slow_Forward
1.97,11.6,39.54,20.09,18.81,13.5,0.11,-10.04,13.43,39.96,8.56,111.6,28.81,5.34,5.52,0.43,4.83,24.41,Turn_Right
49.72,26.43,45.47,18.54,26.86,21.62,1.34,10.32,10.53,4.5,7.86,101.46,92.31,7.44,9.74,2.07,-4.32,23.89,Descend
11.79,22.69,11.07,14.46,6.17,22.88,1.54,22.95,-24.28,76.01,6.78,6.68,23.0,15.11,6.64,2.87,-4.72,40.85,Forward
2.88,29.06,26.31,12.87,3.07,21.24,4.98,-24.84,16.96,79.83,8.53,61.97,36.76,14.98,5.52,3.01,-2.88,25.67,Turn_Left
9.66,43.88,42.16,26.67,19.0,19.26,4.96,29.34,6.6,40.8,10.09,86.71,28.37,21.8,8.77,2.75,-2.95,8.29,Ascend
2.14,43.41,5.74,7.73,12.13,13.68,0.94,8.71,12.89,74.12,0.56,33.83,60.92,4.11,9.68,-3.63,-1.81,-4.8,Turn_Left
19.71,22.66,39.77,12.25,5.31,36.38,1.07,-26.8,-14.31,76.17,7.2,86.98,46.78,12.44,9.99,4.89,4.24,16.77,Forward
40.16,0.97,9.31,10.21,3.95,18.2,2.46,-11.16,-16.71,-42.84,12.26,45.0,35.84,14.97,7.71,2.72,1.83,21.68,Forward
17.19,21.44,40.44,23.25,16.99,21.28,0.75,23.17,19.57,88.91,7.96,33.61,79.11,23.26,5.11,-3.96,-4.89,20.6,Hover
22.32,30.39,30.68,27.54,9.36,26.36,2.53,5.77,-6.58,-41.86,1.02,47.72,69.77,12.91,3.31,1.98,-0.05,20.26,Forward
33.84,27.98,9.82,25.57,29.92,2.99,2.0,-12.77,4.52,-86.66,11.63,114.15,99.6,8.52,5.8,-0.3,3.76,10.64,Descend
25.54,32.64,23.77,24.03,12.47,31.32,1.63,26.43,3.1,83.2,14.12,108.73,38.08,7.3,7.89,-0.72,0.34,42.68,Descend
43.1,7.87,34.16,29.61,6.76,20.65,4.11,17.24,5.11,-49.73,12.78,109.76,86.08,5.4,0.75,1.77,-3.06,23.71,Descend
43.33,32.4,31.77,21.07,19.05,26.39,4.14,14.13,-25.83,15.14,5.44,110.17,37.23,24.06,3.04,-3.32,4.54,2.23,Descend
0.69,9.3,21.48,22.66,7.71,30.95,4.94,23.31,-11.85,84.72,8.02,22.21,10.81,15.07,3.87,4.99,-1.93,-9.65,Turn_Right
38.95,37.58,44.99,29.49,15.08,35.0,1.12,16.19,-26.01,-81.1,8.87,107.63,23.58,7.59,7.91,0.44,-1.5,21.36,Descend
23.14,17.09,26.06,0.71,14.74,15.87,4.44,-12.8,-1.19,-41.52,10.74,26.26,55.76,18.63,6.33,0.95,-1.44,31.05,Forward
49.44,35.55,25.39,19.2,13.88,32.51,2.69,5.03,24.13,19.59,9.99,100.74,82.9,7.23,4.54,-0.75,-1.05,-3.98,Descend
24.26,2.58,3.3,22.3,23.98,10.58,2.96,20.54,-6.65,47.26,2.99,65.49,15.17,12.6,9.23,1.06,2.09,15.65,Descend
49.35,20.51,46.12,27.58,6.89,26.52,4.48,-19.15,16.95,55.33,12.65,29.56,84.88,0.65,5.61,1.64,-1.85,43.47,Forward
37.78,35.31,9.02,26.57,27.18,4.38,4.71,-20.22,-12.77,69.09,12.74,48.42,74.45,21.16,7.38,-1.55,-0.35,17.19,Hover
12.58,11.5,26.51,25.34,23.84,1.1,3.64,-20.46,21.38,-59.68,6.07,52.57,13.11,23.91,6.73,-0.38,-2.37,36.94,Hover
27.01,39.81,40.22,28.4,10.33,4.1,1.75,-18.34,-4.83,-23.39,1.96,88.25,19.57,21.64,8.66,-2.44,0.08,-2.27,Hover
49.61,31.61,10.93,16.35,5.83,12.98,2.45,-23.81,-8.69,38.57,9.13,73.12,16.81,4.28,8.22,2.72,4.47,14.86,Forward
42.91,29.46,26.46,0.7,8.75,1.53,3.08,20.26,11.85,38.76,5.36,98.2,71.11,20.63,9.9,2.37,-2.1,9.44,Hover
5.05,17.81,12.19,0.83,10.31,25.33,4.14,19.1,0.77,-34.55,11.12,48.22,60.49,8.68,4.1,3.11,3.16,-8.45,Slow_Forward
35.38,24.23,38.03,16.57,16.93,12.87,3.29,-20.92,-9.76,-35.24,4.73,89.49,42.3,23.41,2.07,2.03,-2.81,18.66,Hover
17.41,29.95,28.3,13.34,1.87,29.53,1.83,12.33,-26.51,-32.28,3.94,95.34,17.95,7.48,7.72,-4.8,-3.55,11.93,Ascend
0.55,23.73,42.83,13.81,27.47,2.12,2.1,7.62,-20.0,70.57,13.02,8.51,45.37,2.24,8.81,-3.09,-4.09,23.64,Turn_Right
20.29,34.98,44.75,12.31,3.41,8.9,0.26,-13.43,16.34,73.71,9.24,45.7,71.4,21.32,1.02,-1.11,4.8,20.06,Hover
11.89,21.8,32.51,27.57,8.74,16.5,4.62,-16.36,25.24,-87.33,1.29,106.43,18.41,2.92,3.66,-2.66,0.7,14.94,Descend
40.98,10.27,36.32,11.1,3.72,15.49,0.45,-14.96,-19.87,-31.5,10.34,84.89,87.09,13.54,8.17,0.32,0.14,-4.44,Forward
17.0,10.85,27.55,25.76,8.07,5.5,2.9,13.84,4.17,-19.43,11.29,50.8,15.66,9.4,6.99,3.98,-4.93,14.35,Forward
41.41,0.49,19.34,27.13,25.21,39.77,4.36,-10.84,-27.95,86.83,3.53,22.77,64.74,18.92,7.68,2.38,-0.16,43.41,Forward
0.23,15.19,32.48,15.24,18.65,11.59,2.11,-13.32,-12.55,79.95,14.51,12.5,27.02,18.72,5.66,-2.33,1.63,5.08,Turn_Right
15.53,37.5,45.43,13.68,7.21,28.92,4.0,-28.65,-3.07,23.1,5.59,28.29,18.25,19.4,4.13,-1.02,-0.9,11.17,Forward
12.21,39.75,20.95,22.95,26.22,9.04,4.02,24.49,14.15,-81.76,14.11,30.12,41.95,1.58,8.21,-4.48,-3.71,36.28,Forward
11.83,10.28,15.86,21.39,24.12,35.15,0.31,15.16,-27.35,-55.58,4.4,45.11,70.02,21.46,5.77,-4.94,-2.32,18.6,Hover
3.6,47.96,19.54,10.19,22.73,15.69,2.07,-1.63,16.87,-11.84,9.14,22.05,20.89,11.66,5.39,-0.75,2.14,-9.89,Slow_Forward
9.52,25.22,21.88,3.53,25.51,36.07,3.46,26.58,-17.84,82.63,7.76,18.38,52.81,5.48,7.48,2.28,-0.25,19.67,Slow_Forward
27.87,45.87,3.86,8.31,18.78,13.87,2.12,-12.39,15.57,-72.95,14.88,101.44,46.55,7.47,2.31,3.61,-0.21,37.96,Descend
14.71,35.4,25.02,4.37,15.29,0.64,2.73,10.48,7.53,52.44,6.13,30.7,48.47,22.57,6.07,-0.69,-4.62,27.97,Hover
20.99,36.18,24.82,9.19,11.53,20.83,2.98,-11.69,-9.63,-55.59,2.69,67.83,94.91,0.15,3.39,-3.2,0.29,31.64,Forward
18.97,4.44,29.5,8.22,7.1,21.13,0.76,-11.13,13.43,1.41,12.5,24.72,41.41,20.04,0.7,-2.39,-0.75,-7.9,Hover
43.82,11.16,18.27,19.31,16.94,5.06,2.07,20.68,-15.82,48.05,0.63,59.52,99.25,23.1,7.61,-0.55,3.8,-0.15,Hover
45.28,0.64,30.73,28.66,26.74,9.63,0.15,17.22,-16.82,34.65,13.27,33.93,58.46,6.25,5.01,1.5,-1.19,22.18,Forward
24.75,35.86,43.94,20.73,18.02,31.4,0.76,-12.35,-26.3,49.63,1.66,11.33,85.82,20.55,9.08,0.43,1.09,-1.58,Hover
16.64,17.35,47.78,27.84,27.63,1.76,2.57,-25.12,-6.42,56.45,8.58,117.88,41.4,4.03,5.25,3.41,4.36,31.46,Descend
5.52,39.38,29.26,23.63,11.03,19.73,2.87,-8.54,-24.14,-34.97,10.7,55.48,17.63,0.41,0.6,-4.81,0.66,2.48,Slow_Forward
47.68,17.08,2.32,21.97,21.01,21.36,0.74,15.6,-4.83,-24.47,5.04,47.77,17.6,15.11,4.38,4.92,-4.7,7.49,Forward
3.2,41.0,48.47,12.71,19.64,27.64,3.78,-23.97,-29.41,56.83,12.67,24.7,61.67,16.16,2.13,4.29,-3.98,-7.71,Ascend
15.02,6.71,35.35,10.08,20.28,1.79,1.87,10.33,-20.69,-83.04,8.91,59.95,93.69,3.75,9.25,-3.5,4.67,13.44,Forward
15.04,8.83,16.93,25.47,19.53,23.55,4.6,23.39,25.94,2.6,5.93,76.59,16.41,12.81,4.74,-4.52,0.52,4.06,Forward
16.16,17.18,7.53,27.21,7.04,0.42,1.94,-19.25,17.73,75.67,4.88,37.25,72.02,9.64,5.35,1.18,-3.11,-8.18,Ascend
8.38,20.54,7.34,13.83,4.74,10.83,0.76,21.73,-15.83,69.3,1.68,58.17,60.69,1.91,3.97,2.21,0.68,-2.64,Slow_Forward
39.2,17.57,8.55,0.77,29.37,20.14,3.79,-26.92,13.1,54.77,9.61,29.21,68.7,12.69,5.46,-0.25,4.57,11.58,Ascend
6.3,38.23,2.47,23.88,1.84,36.48,2.84,10.01,10.11,-86.12,5.46,63.8,29.4,14.63,1.29,-2.22,-4.55,8.83,Ascend
31.82,5.03,45.13,8.91,14.3,5.33,1.94,17.46,-19.38,69.78,4.81,94.68,16.35,5.43,4.86,1.39,0.27,37.35,Forward
6.37,17.69,27.13,0.79,13.04,7.02,1.79,-3.31,-7.74,74.1,14.25,8.17,16.73,18.49,6.8,1.36,-3.64,6.65,Slow_Forward
3.71,41.89,35.06,24.25,11.12,26.87,0.76,-17.78,24.82,29.46,4.09,62.62,32.21,1.82,4.04,-3.52,-0.53,12.84,Ascend
45.49,3.53,41.44,15.76,23.57,15.18,1.71,25.48,14.32,-36.2,13.15,48.52,29.23,13.77,4.23,2.99,1.55,12.47,Forward
9.67,47.13,39.62,20.71,22.49,25.05,0.16,-28.8,15.62,-1.81,14.62,9.81,21.37,7.58,8.46,2.5,-0.41,22.94,Slow_Forward
41.1,49.32,44.15,27.48,27.2,39.9,2.52,3.3,3.83,47.27,12.34,112.92,33.82,10.9,5.6,-4.15,4.63,39.65,Descend
27.32,4.61,48.37,16.46,12.17,39.48,4.48,-7.63,9.93,56.35,0.29,31.92,58.06,22.34,6.08,-0.38,0.85,27.1,Hover
4.08,14.71,22.07,15.34,17.14,14.34,3.98,-2.34,0.52,-28.2,13.03,68.19,95.46,16.75,3.32,-1.07,4.64,36.11,Ascend
47.78,18.75,47.53,9.07,26.82,20.31,0.15,2.19,14.45,-31.31,3.2,45.34,93.0,3.72,5.09,-0.38,-1.86,0.29,Forward
12.5,38.86,36.22,9.5,29.82,36.22,4.41,2.08,13.96,42.51,5.3,33.26,34.45,22.16,1.01,-0.39,-4.79,36.17,Hover
43.01,29.88,3.72,24.0,29.09,3.96,2.27,-17.78,-28.14,33.54,14.87,63.73,15.96,9.32,4.59,0.24,-3.45,28.51,Forward
8.61,32.29,34.15,13.75,21.68,18.26,0.96,10.78,7.91,2.38,6.07,82.99,99.61,8.53,8.13,-2.23,-4.28,6.22,Slow_Forward
42.73,37.92,34.4,5.32,4.73,15.29,3.76,-28.85,7.79,-14.35,9.82,94.48,52.88,12.54,2.03,-0.3,2.39,39.25,Forward
0.86,6.08,45.31,3.29,1.18,12.01,1.62,-28.73,-25.96,28.29,4.66,76.44,98.05,5.13,7.76,-4.01,-3.1,26.58,Turn_Right
25.69,41.69,18.77,14.45,24.84,39.77,1.27,-1.29,-5.38,-84.16,5.54,63.63,58.39,22.86,4.06,-3.23,2.57,15.73,Hover
38.52,35.34,29.33,14.22,25.31,29.42,0.81,2.51,23.93,-76.38,8.96,93.49,89.77,11.7,0.76,-4.12,0.38,28.74,Forward
46.75,28.95,0.81,19.78,22.52,15.73,2.44,-13.51,27.21,13.16,14.22,62.58,50.25,9.85,9.56,-3.14,-2.83,-9.63,Forward
45.48,44.51,16.74,14.4,8.76,33.21,0.48,3.1,16.93,-52.15,4.24,116.93,65.98,4.27,2.22,-4.96,1.13,7.79,Descend
41.02,35.08,3.3,4.73,19.37,19.74,3.93,0.97,-20.91,49.46,3.71,63.68,58.22,20.07,3.68,-4.62,-4.89,32.72,Hover
44.43,10.24,26.19,15.48,9.83,34.95,2.36,-9.05,-7.52,49.03,0.39,38.75,29.79,23.82,5.07,2.97,-1.65,37.25,Hover
10.12,21.6,40.91,27.25,13.79,10.88,2.24,9.11,-19.05,37.79,3.03,54.12,78.74,21.74,9.52,-3.01,2.85,34.01,Hover
14.35,24.8,10.48,5.2,11.78,9.18,0.02,27.48,9.13,72.65,3.94,59.31,14.93,4.04,6.02,0.2,2.49,30.22,Forward
14.59,2.95,26.47,20.85,27.45,10.12,4.09,-0.55,16.39,-64.65,0.94,34.73,42.62,18.79,9.1,-1.3,2.91,17.37,Forward
18.98,47.74,10.36,18.02,7.41,21.68,2.47,17.16,23.03,-43.34,8.45,19.89,88.29,5.1,5.86,-1.71,0.88,0.43,Forward
19.79,6.6,6.21,22.58,17.54,11.87,2.21,-15.14,21.64,-44.59,1.9,52.33,55.24,0.97,2.45,3.57,0.73,-3.91,Forward
27.32,34.93,25.65,4.94,11.15,6.14,3.81,15.72,-24.05,50.83,7.67,107.75,16.99,12.11,5.86,-0.14,-0.93,40.82,Descend
8.16,25.41,4.14,28.28,20.06,39.79,0.32,8.93,-22.46,3.84,2.83,31.41,28.68,16.76,1.45,0.17,4.49,1.59,Slow_Forward
34.62,1.48,29.45,18.82,17.15,36.05,1.84,8.38,24.58,-44.52,14.04,44.06,19.87,3.11,1.61,-0.41,4.49,3.49,Forward
8.54,46.25,1.76,25.49,27.76,25.51,2.88,23.58,20.63,-65.44,4.61,91.17,34.99,15.14,1.6,-2.31,-4.91,29.7,Slow_Forward
15.65,42.62,5.51,7.77,3.5,35.69,2.31,-16.0,-2.38,70.74,1.39,10.79,24.88,21.09,0.62,1.83,4.62,31.57,Hover
25.27,26.31,27.59,22.31,7.01,37.44,0.92,-7.89,-4.2,34.58,12.54,99.18,74.08,5.23,1.94,-4.53,3.71,12.45,Forward
39.86,11.6,29.65,23.54,23.11,27.14,1.5,-25.02,3.17,5.13,6.03,86.71,69.35,10.69,3.85,-2.19,1.06,-5.87,Forward
37.03,6.26,1.64,12.22,11.38,20.89,1.51,13.57,5.8,83.78,12.3,66.42,22.16,12.47,1.19,1.62,-1.75,16.65,Forward
32.35,18.3,28.75,11.83,5.39,35.32,4.96,20.63,-14.75,62.93,4.69,25.93,50.05,20.78,0.56,-4.67,-0.79,34.7,Hover
7.96,12.92,41.96,19.9,15.35,22.84,1.64,-5.65,-5.78,-57.94,7.5,12.03,36.63,19.28,1.57,-4.74,3.48,38.51,Slow_Forward
27.44,25.43,36.17,3.26,19.74,5.33,1.03,-8.59,7.18,1.46,6.68,28.57,40.35,19.23,9.39,-1.27,-3.52,25.76,Forward
4.55,48.33,6.73,22.2,1.82,14.86,4.11,9.52,-17.62,-2.51,8.37,91.62,61.84,16.98,5.49,-2.49,1.21,27.65,Ascend
18.99,28.83,29.71,1.77,9.1,18.0,2.11,-25.46,29.93,61.97,6.02,112.09,90.88,15.44,4.63,2.01,-2.69,-8.69,Descend
20.79,44.52,33.68,6.12,24.38,37.43,2.22,-12.37,-13.02,-63.16,7.45,88.81,90.76,12.72,5.13,2.56,-1.22,1.72,Forward
2.18,32.61,2.05,20.09,15.85,26.47,2.75,-8.03,3.14,-8.68,10.19,63.79,47.17,9.24,5.77,-4.64,-4.95,31.09,Turn_Left
13.84,23.87,42.8,3.4,1.54,35.05,2.98,1.12,3.25,24.58,6.22,114.13,45.39,12.83,1.52,-0.64,4.69,19.18,Ascend
47.79,42.76,45.33,29.17,8.82,30.38,2.96,-1.41,-2.91,80.15,10.27,99.6,56.62,21.34,6.06,4.43,-3.91,22.28,Hover
47.69,23.67,42.55,26.12,19.35,12.6,0.18,-17.48,-15.51,71.87,10.71,79.04,52.67,14.26,8.43,-1.87,2.63,34.57,Forward
17.75,43.46,41.27,18.98,6.38,28.83,4.1,2.45,3.92,6.09,11.23,5.51,15.56,24.64,5.83,-3.03,0.62,26.82,Hover
2.35,14.72,37.3,24.66,24.91,8.05,0.98,25.55,-24.54,19.21,7.06,35.24,62.09,3.56,8.89,0.21,3.28,13.09,Turn_Right
9.12,6.61,31.74,26.68,20.46,16.5,1.47,-28.37,-6.78,63.43,0.06,37.68,62.63,11.03,1.81,-0.49,0.16,43.57,Slow_Forward
19.73,42.79,34.0,8.15,14.41,32.3,0.88,10.82,-16.54,43.99,11.3,42.32,50.53,5.01,8.35,-2.8,4.84,3.3,Forward
47.4,29.45,40.36,25.56,27.51,24.59,3.84,7.48,-22.55,68.28,13.64,47.34,47.26,9.13,6.79,-2.73,1.07,8.7,Forward
7.23,44.48,33.19,6.25,12.06,33.07,2.92,25.47,25.53,71.27,9.79,112.78,94.51,19.74,6.23,1.87,1.16,26.72,Slow_Forward
38.22,46.9,16.52,12.69,7.43,10.41,3.78,8.72,12.0,59.87,7.87,89.28,64.07,20.62,6.09,-1.77,4.21,2.76,Hover
5.61,2.87,18.92,16.97,20.01,30.07,3.27,7.49,-19.87,-88.31,8.39,83.34,83.47,0.79,1.63,4.86,-2.42,10.93,Slow_Forward
49.07,25.15,44.87,21.56,17.41,8.33,0.53,16.19,26.96,-34.03,9.61,51.76,95.85,23.83,6.6,-2.1,-1.37,28.02,Hover
19.2,18.87,1.05,1.39,10.39,21.95,1.51,-13.93,-17.04,-17.37,14.98,41.17,82.91,21.8,4.29,0.48,1.65,8.59,Hover
38.81,31.37,35.0,9.07,10.64,17.51,2.54,5.74,-15.86,32.02,0.93,15.23,94.87,22.62,1.1,-4.27,-3.59,-6.85,Hover
17.26,39.72,47.75,18.45,12.25,22.39,1.53,1.17,-22.0,-34.77,0.32,54.97,78.34,9.42,2.45,0.39,3.1,20.8,Forward
31.46,14.17,35.37,11.04,9.09,5.68,1.04,-3.69,13.67,-31.76,14.46,25.44,25.31,12.42,4.7,-0.39,0.92,32.36,Forward
9.76,27.93,49.7,23.36,21.45,14.64,4.35,-25.23,4.25,-17.96,6.61,47.53,30.42,4.21,9.93,-1.51,2.55,30.86,Slow_Forward
7.47,35.49,34.44,19.72,19.72,26.78,3.74,-12.44,-26.5,81.96,9.19,19.61,27.45,9.92,4.59,-0.7,4.9,24.16,Slow_Forward
46.92,6.89,1.91,7.41,13.5,22.47,1.73,-13.2,-28.48,-11.31,11.3,41.94,38.99,3.15,1.92,-3.22,4.77,32.09,Forward
45.9,40.74,41.39,4.8,12.24,22.09,3.83,13.46,1.96,-64.68,11.13,6.11,41.95,21.58,9.07,3.2,-0.52,0.96,Hover
44.4,30.38,14.37,19.06,11.27,20.58,3.14,25.24,9.09,-88.86,9.71,1.72,83.01,14.53,0.83,4.22,-2.19,30.37,Forward
31.35,47.49,22.41,13.79,8.86,37.77,0.03,-16.15,19.37,-47.41,7.08,104.52,42.48,3.4,1.7,3.37,1.34,-7.25,Descend
40.45,17.11,15.74,5.48,3.03,37.4,1.91,-25.52,-1.3,78.99,8.64,77.31,75.45,21.98,5.0,3.05,2.11,30.7,Hover
3.64,5.59,13.57,10.13,8.41,14.6,1.46,30.0,10.59,81.9,10.94,70.93,91.34,2.01,1.38,0.48,-2.05,-7.21,Ascend
16.87,25.42,21.68,9.44,9.98,14.27,1.1,11.47,14.02,5.22,12.76,62.14,20.31,23.17,5.93,-1.66,-2.19,32.43,Hover
15.82,4.47,19.06,3.69,16.66,22.33,1.27,23.19,6.78,26.35,1.91,87.48,10.02,2.64,2.0,-3.28,-2.85,38.67,Forward
31.86,48.48,31.74,16.63,23.33,4.1,4.71,-21.37,-8.87,53.27,4.17,88.6,89.98,17.95,6.68,3.2,4.09,35.6,Forward
17.93,2.13,40.69,23.03,12.17,12.33,2.44,18.05,-22.09,-79.94,5.96,112.29,31.44,16.13,1.62,-4.57,-3.98,9.17,Hover
7.6,37.72,15.0,17.48,28.37,9.47,4.24,18.8,8.85,-22.62,9.98,30.08,23.81,19.57,8.2,-3.19,-2.54,43.63,Slow_Forward
29.9,26.35,10.84,24.88,24.91,9.17,1.08,-20.91,16.12,25.6,5.94,94.44,36.57,14.12,7.47,-0.98,1.24,18.51,Forward
40.76,18.56,33.41,4.26,29.55,25.65,0.88,-20.32,-18.61,71.69,3.58,118.95,26.74,8.75,9.29,-3.05,-0.32,10.86,Descend
19.23,3.48,33.58,13.35,26.35,15.56,4.45,-12.27,-0.31,40.83,0.5,4.45,81.43,6.86,1.15,0.83,-3.79,22.03,Forward
6.79,31.18,45.08,18.48,18.69,7.1,2.48,-16.99,-6.17,-26.99,12.64,45.5,67.11,23.64,5.78,2.24,-2.1,6.77,Hover
10.0,29.34,0.99,20.44,18.16,35.54,4.48,28.52,-17.66,73.8,6.28,52.89,25.06,11.03,7.23,4.09,-0.92,-0.19,Slow_Forward
12.03,14.19,42.68,21.03,4.32,35.0,0.32,-8.22,-15.28,29.63,4.94,98.8,62.52,21.05,9.08,-2.9,4.59,-1.02,Hover
15.13,45.53,26.15,22.0,21.81,34.54,4.58,15.68,-15.74,59.44,7.96,2.64,28.73,18.08,5.08,-2.2,-1.04,-0.68,Forward
32.21,15.34,31.14,19.72,18.21,15.81,2.08,18.3,-4.86,-20.61,1.84,72.24,27.78,16.4,9.54,2.17,-3.84,2.56,Forward
30.13,22.6,4.75,3.28,15.45,2.56,0.79,-6.84,-6.57,-89.61,5.96,107.22,63.59,24.27,1.66,-2.83,4.72,38.76,Descend
34.86,27.28,21.74,21.01,20.95,4.54,3.42,10.96,3.25,-60.09,11.28,18.57,69.82,14.14,4.62,-1.16,-0.66,12.26,Forward
18.25,5.19,11.52,21.88,13.6,11.26,3.99,-23.53,-24.41,76.89,11.04,14.75,41.16,18.33,2.91,2.53,-3.6,-9.99,Forward
41.24,46.62,12.86,29.81,15.95,9.03,0.25,-6.18,4.88,-84.04,11.58,119.97,78.71,21.24,1.98,-1.24,1.11,6.71,Descend
10.36,18.85,25.3,20.95,12.25,35.0,4.94,28.04,-28.69,17.29,7.01,99.29,85.35,1.15,3.22,-3.54,3.09,44.79,Ascend
23.56,4.22,40.66,20.76,21.66,39.46,3.49,-19.89,-14.56,-16.36,5.53,83.99,92.47,24.91,6.81,-2.31,2.11,30.49,Hover
40.09,19.49,37.24,15.69,26.36,32.72,1.61,-6.86,0.13,-12.68,12.47,48.48,66.35,6.55,5.09,-4.19,-1.88,17.71,Forward
9.17,30.09,29.63,26.1,25.3,29.28,0.76,17.43,11.22,-17.85,2.6,102.62,29.8,17.56,2.22,1.74,-2.61,-3.0,Slow_Forward
5.67,25.78,27.06,29.91,23.69,23.67,1.97,9.93,16.28,-77.86,10.88,110.81,77.36,23.84,0.8,-4.54,3.83,15.06,Hover
44.21,34.79,21.48,23.48,0.91,30.87,1.11,7.89,-27.87,-67.98,13.32,88.16,19.71,19.08,9.27,0.74,-3.06,25.18,Ascend
17.28,2.96,48.64,18.57,27.4,37.9,2.48,21.2,2.25,-78.67,4.29,48.37,26.31,5.74,3.48,4.5,2.57,40.53,Forward
34.26,14.37,28.1,2.83,8.61,24.17,3.91,-28.25,-8.73,-80.3,2.97,70.44,84.95,9.06,1.71,3.6,-4.77,17.06,Ascend
1.46,41.0,12.85,21.94,26.7,6.44,3.3,16.27,11.69,-74.59,7.69,12.72,91.97,10.35,1.89,-4.27,-0.8,20.15,Turn_Left
34.56,4.18,11.66,21.4,6.31,6.81,2.19,22.95,-12.97,35.39,3.25,19.8,16.0,14.66,2.91,2.14,4.85,21.22,Forward
15.94,42.8,30.65,23.38,13.47,23.48,0.6,-29.03,14.62,-69.44,13.06,94.18,38.09,15.07,2.69,1.9,1.34,42.29,Forward
2.98,4.78,26.24,4.17,22.61,13.54,4.79,3.54,6.13,-42.93,3.67,4.49,66.63,19.7,3.16,-2.02,-1.89,8.64,Turn_Right
30.57,41.76,0.58,19.79,19.39,36.44,1.36,-9.08,17.38,28.25,4.71,6.85,94.48,21.49,2.64,-3.91,2.0,37.33,Hover
12.19,18.17,41.54,9.22,12.77,24.58,1.4,-26.95,29.06,-69.79,13.33,61.45,61.37,2.24,4.59,3.54,-1.47,13.72,Forward
19.46,30.69,35.27,22.93,20.52,27.16,3.23,-4.94,24.52,73.85,3.08,21.29,83.89,6.83,7.77,0.54,4.39,30.75,Forward
4.21,7.81,33.16,7.59,16.69,0.53,3.85,8.64,5.6,-4.05,13.27,35.95,93.05,8.59,0.76,1.98,-2.65,16.57,Ascend
7.53,3.5,3.63,20.68,8.63,20.1,4.92,25.14,23.63,83.35,3.15,48.46,56.71,0.33,2.31,-0.42,-1.8,20.49,Slow_Forward
15.04,10.95,18.23,9.2,19.57,17.42,4.85,7.23,-20.81,-55.35,13.68,63.15,76.64,10.44,7.26,-2.78,1.89,8.1,Forward
4.67,6.57,46.78,0.77,6.53,28.32,4.57,21.4,-27.42,-84.49,4.76,34.74,69.62,8.97,1.91,-2.4,2.95,12.81,Forward
45.56,15.76,43.16,19.18,20.97,15.49,2.18,-22.71,1.99,16.25,3.69,58.54,70.42,13.13,7.54,0.35,0.76,18.89,Forward
0.5,25.82,14.42,3.84,0.59,39.07,0.84,-17.37,28.46,-30.83,7.16,45.11,56.54,2.5,5.39,-2.65,-2.11,23.24,Turn_Left
24.3,29.52,8.02,19.95,16.69,26.91,2.93,28.22,12.58,13.03,5.54,10.64,66.09,10.35,8.88,-1.01,0.73,10.37,Forward
6.34,39.54,22.56,27.81,12.33,26.5,0.1,23.24,-11.69,-4.74,3.03,104.19,59.89,14.94,0.6,-4.26,-2.81,35.88,Slow_Forward
15.52,32.88,17.92,29.09,9.44,36.8,0.99,-15.89,10.13,-7.71,5.08,34.48,67.4,20.1,7.95,4.96,-4.43,29.55,Forward
46.32,30.52,34.17,7.46,15.71,39.81,0.02,7.26,-27.61,63.21,10.7,73.52,55.47,19.16,5.94,1.17,4.2,14.83,Forward
8.25,20.71,48.33,24.37,19.54,8.15,0.91,-8.24,-1.76,-55.47,12.48,68.81,30.02,10.12,4.95,-3.54,-0.19,30.42,Slow_Forward
48.3,23.8,18.28,10.93,28.98,32.48,2.38,-1.88,-15.76,-0.07,12.31,24.7,72.43,9.74,1.88,-3.7,-0.2,-9.63,Forward
10.45,20.84,3.3,27.06,25.08,6.74,1.97,21.65,-27.05,-15.12,11.35,4.57,44.56,0.94,2.72,-0.17,2.45,22.65,Descend
37.13,42.14,44.9,23.73,21.66,18.44,1.85,14.14,-15.01,31.28,0.08,102.97,21.5,2.07,7.97,-4.75,0.6,18.9,Descend
27.42,11.65,2.09,2.68,14.63,4.28,4.16,-15.69,13.35,-80.98,6.4,60.23,86.62,21.81,1.92,-0.88,-0.46,18.3,Hover
44.25,0.48,47.65,12.51,12.07,25.05,3.38,-11.04,3.07,5.3,2.53,50.32,26.32,20.15,5.51,4.45,2.95,23.19,Hover
27.79,32.64,33.3,10.45,1.46,18.9,4.68,-12.62,-28.59,-3.86,1.1,91.79,58.66,0.53,2.47,3.23,-0.25,34.13,Ascend
26.82,10.28,47.1,23.66,11.09,25.26,2.23,16.84,-5.42,85.24,11.04,4.95,74.9,22.07,5.15,4.3,4.13,-7.47,Hover
9.93,44.53,10.14,12.6,25.53,27.22,1.37,-0.59,15.13,46.05,11.9,92.06,68.29,15.35,2.92,-3.89,-1.94,-1.81,Slow_Forward
8.48,42.98,2.23,20.7,11.83,24.89,0.62,27.04,27.28,-62.1,12.22,49.66,24.48,20.05,3.84,-1.29,-4.66,-9.47,Hover
45.84,4.02,24.51,18.27,14.12,11.97,3.36,19.0,22.46,1.66,13.35,66.64,27.47,12.56,8.12,0.55,-3.51,3.08,Forward
16.53,5.5,22.64,29.28,8.52,33.53,4.21,-17.33,-29.91,51.07,8.85,90.54,23.4,3.77,0.85,2.2,3.19,43.77,Forward
18.73,24.86,16.71,28.16,8.59,22.2,0.93,17.16,-16.88,4.42,14.97,66.07,16.53,8.92,9.28,-1.08,4.26,10.54,Forward
38.04,30.54,47.89,13.12,2.33,19.75,4.39,0.36,-17.54,-25.79,7.26,8.35,35.49,11.25,3.53,-1.81,-4.25,21.72,Forward
17.07,13.89,41.16,21.85,18.61,39.49,2.64,-14.78,-5.21,-22.2,13.25,87.7,57.17,18.85,6.16,-1.95,4.09,44.46,Forward
47.61,35.9,33.15,24.97,13.72,11.56,0.73,-8.2,8.75,-23.94,1.69,94.57,25.57,20.32,2.61,2.89,4.44,24.5,Hover
36.95,29.83,8.31,27.02,18.38,21.26,3.22,28.33,-20.82,-86.41,2.23,55.97,97.38,18.54,3.91,-1.18,2.54,-0.59,Forward
29.95,16.38,36.77,2.51,16.63,27.39,2.61,-0.96,24.94,41.51,8.86,53.25,72.89,11.92,4.87,-4.84,2.61,34.28,Forward
44.07,1.46,36.41,9.41,24.07,5.27,0.15,13.18,16.63,19.96,1.86,30.98,62.51,16.59,7.04,2.7,-4.98,20.36,Forward
2.67,37.56,21.37,9.95,22.65,14.36,2.0,-1.37,-4.84,-41.64,1.13,77.66,71.33,7.39,8.79,-3.39,-2.77,44.74,Turn_Left
13.0,10.89,46.25,13.32,23.26,32.13,3.93,-7.71,5.04,23.4,2.94,105.96,49.24,24.7,8.73,1.28,-2.85,31.53,Descend
23.36,41.76,8.52,5.49,15.23,9.7,2.78,17.79,2.51,-34.43,11.81,79.06,52.29,4.21,3.7,-4.71,0.81,44.71,Forward
11.5,21.13,13.51,15.14,10.94,19.88,1.42,20.9,4.93,-46.19,13.91,92.79,89.98,18.09,1.34,-1.13,1.57,38.99,Forward
37.25,28.94,3.35,20.06,28.04,25.34,4.64,-25.69,21.61,43.41,5.0,100.66,74.97,3.87,9.29,-0.44,4.02,0.02,Descend
45.98,43.67,39.81,15.17,2.1,26.95,1.2,-13.26,-17.99,55.64,14.62,27.91,62.94,7.02,0.79,4.73,-0.12,31.14,Forward
21.3,43.21,31.16,20.14,5.0,29.21,1.27,0.47,11.02,22.63,12.14,48.85,95.52,18.72,8.87,-4.12,0.01,17.4,Forward
17.24,18.7,15.88,2.46,12.88,34.68,1.78,-11.01,-23.58,51.15,3.39,52.88,69.64,18.23,0.75,2.52,-4.46,-2.86,Forward
48.09,10.6,8.36,26.34,18.61,15.9,4.47,17.01,-2.45,-24.17,8.79,67.51,45.88,3.11,9.78,4.65,4.97,21.23,Turn_Left
22.35,38.8,2.2,28.2,0.74,28.35,2.54,-23.12,8.15,-77.08,14.73,6.85,14.27,16.96,0.61,-2.23,4.46,-4.85,Ascend
24.55,21.77,8.5,18.73,21.72,29.37,3.41,17.87,-29.25,18.88,12.73,71.02,45.16,5.1,0.66,-2.74,-4.28,31.91,Forward
17.71,9.76,22.77,26.5,16.98,12.22,4.88,7.07,-23.52,-43.92,5.45,11.53,93.23,24.32,5.33,4.52,0.58,9.87,Hover
45.5,45.24,12.51,4.38,14.8,38.74,3.92,-12.64,-24.52,49.95,4.59,96.98,14.02,15.08,6.83,-0.1,-1.52,34.49,Hover
28.53,10.07,13.1,24.02,12.99,34.65,0.87,-9.33,-7.52,-25.54,12.29,115.6,26.61,0.09,3.85,3.23,-0.72,27.53,Descend
38.16,1.49,43.8,4.01,15.82,11.81,3.94,-19.03,7.32,30.72,8.24,35.48,82.79,5.21,6.26,2.95,1.52,38.31,Forward
40.63,1.21,25.85,12.54,5.27,27.1,3.74,-14.85,29.76,9.52,2.45,61.29,42.85,5.74,8.54,-1.74,-0.8,0.22,Forward
17.22,31.19,36.52,10.05,3.71,28.8,1.17,13.04,-14.76,57.15,4.92,98.96,26.73,6.18,8.06,-3.13,-0.04,25.48,Forward
21.8,33.15,1.98,17.77,9.04,17.43,1.63,-7.45,-21.84,59.81,9.93,38.44,83.41,13.93,8.9,2.03,-2.27,37.51,Forward
42.45,15.69,18.39,9.39,21.43,34.59,3.55,11.25,-5.11,-77.71,2.3,19.78,60.26,5.14,2.01,0.01,-4.18,2.53,Forward
18.29,16.14,24.06,19.3,17.85,27.7,1.2,0.85,-21.24,-36.88,10.48,88.95,59.36,10.32,2.63,-0.1,2.55,33.08,Forward
39.74,17.11,9.48,11.34,14.66,26.43,1.05,-21.28,-28.53,66.76,10.65,84.11,36.44,4.33,6.08,0.46,-1.22,5.67,Forward
47.06,34.07,6.19,25.89,17.36,9.07,3.52,-0.06,3.84,-17.28,4.06,68.82,70.76,16.67,7.37,-4.74,3.87,34.85,Forward
31.24,3.1,43.54,19.2,17.0,16.49,4.4,15.39,22.77,2.68,5.97,113.39,87.56,14.22,1.52,-4.95,4.45,18.35,Descend
37.13,46.47,46.98,6.85,9.56,17.53,0.38,-12.14,21.65,-57.0,14.03,114.66,77.52,15.72,2.17,-1.86,-4.12,26.64,Descend
40.29,11.28,4.12,10.42,3.37,29.43,2.24,8.88,-23.95,9.48,11.24,103.52,65.12,24.19,9.27,-1.76,1.84,10.33,Descend
42.28,49.98,17.58,25.5,26.96,24.85,3.04,-18.06,-21.15,-42.37,11.82,35.87,41.55,9.98,0.75,2.19,3.2,35.42,Forward
19.87,8.74,47.92,11.9,18.2,3.71,3.38,-21.86,-0.53,59.26,7.74,27.82,86.93,5.39,4.32,-1.74,1.47,-3.23,Forward
2.75,38.62,4.34,16.31,21.08,12.52,4.98,-8.39,-7.94,-53.96,3.2,100.45,60.95,24.97,2.5,-1.4,-1.71,0.64,Turn_Left
20.21,11.33,32.25,19.64,14.19,19.08,3.42,-6.65,12.18,-25.23,8.87,78.51,90.06,1.45,7.86,0.5,-2.15,-5.06,Forward
33.75,4.23,48.62,10.76,22.82,29.55,3.1,15.66,-0.3,-72.89,11.58,48.14,32.88,20.26,8.7,0.92,-0.38,42.23,Hover
22.63,43.77,48.92,9.17,17.74,29.82,4.95,-2.4,-28.79,15.84,0.06,49.76,68.89,4.05,2.85,-1.67,-2.41,15.65,Forward
37.5,42.97,23.67,14.52,2.09,19.77,0.31,-25.13,-12.93,79.55,1.71,102.55,94.17,16.62,6.1,0.58,3.96,16.26,Descend
17.98,20.3,8.3,6.84,26.76,4.94,0.38,8.04,24.09,-58.83,7.11,20.43,43.67,11.84,8.51,1.18,-4.51,6.58,Forward
31.81,35.18,10.26,8.88,9.51,11.93,2.81,-1.84,0.69,-86.45,6.56,113.33,95.61,20.98,6.19,-2.39,-3.87,15.83,Descend
9.48,27.94,44.5,2.33,4.57,10.41,1.8,-10.1,17.88,-13.96,14.73,76.35,45.32,18.28,6.21,-2.64,1.07,2.93,Slow_Forward
37.52,42.68,45.6,9.47,3.1,31.31,0.49,18.13,-5.86,44.71,1.38,95.17,49.39,4.31,4.42,3.9,1.58,42.34,Forward
27.38,15.89,30.47,9.96,21.75,7.45,1.54,-20.74,10.62,85.52,4.86,45.13,82.58,16.63,6.7,1.47,2.36,4.49,Forward
10.36,26.28,38.36,28.87,21.27,18.76,3.38,24.79,-19.86,-80.77,12.23,70.84,33.47,5.43,9.62,-1.89,-2.24,40.9,Forward
14.74,24.37,37.05,17.9,21.15,26.93,4.4,-9.96,14.19,51.47,9.19,90.25,73.53,4.23,3.35,0.51,-2.06,16.85,Forward
37.48,17.82,33.16,23.73,27.51,38.6,0.48,-2.34,17.19,-23.64,8.42,52.78,36.86,2.1,2.41,2.07,-0.86,14.04,Forward
24.23,44.59,41.4,1.84,10.79,39.97,2.71,25.75,-24.59,-62.33,11.12,59.06,63.44,2.84,9.6,-4.77,-2.66,34.21,Forward
10.96,8.46,34.33,3.64,17.05,38.13,1.49,15.67,-19.0,-55.39,0.6,70.27,79.84,17.6,1.07,4.2,-1.23,17.2,Forward
48.37,7.65,26.79,24.53,18.78,28.81,3.34,-25.54,-2.23,76.3,14.21,8.55,12.35,24.8,8.48,2.17,1.97,4.68,Hover
35.81,28.93,12.0,18.89,29.39,29.93,2.75,4.7,8.25,55.68,2.87,103.72,17.96,16.89,9.14,-1.08,-0.01,13.93,Descend
47.87,32.94,37.25,6.13,9.71,30.44,4.63,-11.38,8.25,-33.89,1.23,104.13,94.09,17.71,2.58,4.32,4.67,14.18,Descend
21.47,9.89,23.78,12.44,28.71,34.55,0.2,0.51,10.09,79.23,5.08,34.49,83.42,19.57,4.54,-4.44,0.8,6.23,Forward
23.86,19.66,14.88,16.39,4.89,38.09,2.36,14.58,12.86,-71.05,10.54,105.7,88.93,22.23,1.67,2.54,-1.71,13.12,Descend
44.92,47.34,40.14,25.39,23.04,17.99,0.97,-0.23,0.35,-31.94,3.47,89.68,49.5,6.69,3.99,0.26,-3.18,-3.39,Forward
26.35,12.48,34.9,2.28,19.17,16.84,2.69,-25.74,4.49,27.53,0.75,58.5,74.47,15.11,4.84,1.65,-2.8,41.71,Forward
35.42,33.48,46.88,18.1,24.6,18.58,4.27,1.8,-29.5,89.9,0.86,42.38,99.84,5.42,5.34,-0.29,-4.84,25.2,Forward
12.76,37.06,8.44,21.65,1.35,26.49,4.56,-28.55,-20.0,-6.18,3.85,48.53,48.93,13.14,1.66,-3.53,-0.58,0.63,Ascend
22.45,22.52,32.53,29.35,2.8,31.09,2.0,-9.1,-0.09,55.93,2.03,64.6,86.21,5.22,4.33,-2.39,4.6,33.42,Forward
6.35,46.89,12.36,24.31,2.56,34.86,4.06,-1.32,14.74,74.86,5.59,50.09,17.14,1.6,6.44,-0.37,2.77,4.65,Slow_Forward
10.46,36.89,45.2,8.65,17.99,18.41,1.41,8.68,18.54,-88.27,2.6,51.01,58.95,2.21,5.25,4.19,-1.99,22.79,Forward
0.25,23.0,5.16,21.43,18.29,14.73,0.04,0.37,13.74,-37.99,5.16,25.17,39.99,24.41,8.49,-4.32,2.99,40.29,Hover
2.16,28.55,32.88,23.02,27.23,39.34,4.28,-20.88,-0.82,-71.94,6.67,85.23,57.08,0.15,9.54,-3.95,4.32,32.09,Turn_Right
48.87,34.69,39.6,22.03,14.29,9.51,0.61,25.93,-13.12,49.69,11.14,73.54,20.27,17.25,8.26,-3.47,1.73,-3.29,Forward
12.27,29.69,17.87,24.69,2.51,9.11,0.1,9.02,-3.32,12.07,3.41,119.04,43.09,22.18,0.95,1.32,0.12,20.02,Descend
33.23,43.96,47.72,27.16,6.68,28.7,1.78,-10.98,-29.44,-72.8,7.13,17.81,16.89,9.84,2.54,-1.34,-3.64,28.92,Slow_Forward
41.99,17.97,42.57,3.4,0.74,7.43,1.9,27.96,5.88,-14.27,12.23,14.53,50.78,17.7,1.33,-3.51,-4.2,1.11,Ascend
27.62,15.13,14.87,3.59,23.41,16.16,0.4,22.95,-25.53,2.51,14.8,62.4,49.76,8.72,4.62,-3.78,-2.81,-4.47,Forward
7.83,10.85,0.58,23.99,24.56,11.91,4.07,-21.39,-21.28,35.6,8.36,19.09,39.67,13.22,7.38,1.74,1.63,-1.86,Slow_Forward
36.46,2.08,14.97,7.94,29.94,7.0,2.03,9.33,7.56,50.31,6.48,73.66,95.35,23.39,0.81,-0.37,-3.45,42.98,Hover
30.09,2.34,14.21,2.23,12.66,23.31,2.45,3.6,-29.2,-74.18,9.47,24.34,17.46,1.06,3.04,3.73,0.33,36.48,Forward
36.62,43.53,44.52,12.34,1.07,15.13,1.33,-18.43,4.41,-2.22,7.29,58.48,84.24,6.68,1.39,-0.96,-0.63,37.19,Ascend
38.53,33.98,48.36,24.69,7.42,18.65,2.56,-15.99,8.3,-61.0,2.47,73.75,41.94,2.65,4.4,1.56,1.29,3.54,Forward
48.78,33.09,3.71,4.23,17.84,8.08,3.84,3.83,17.3,45.59,6.89,55.51,27.94,12.4,9.29,2.96,-4.48,20.7,Forward
28.76,30.81,23.67,20.32,28.88,30.78,4.53,-10.72,-25.92,28.38,14.69,39.08,34.53,19.26,4.42,4.54,4.8,16.82,Forward
17.21,42.49,27.51,0.61,3.56,12.79,4.85,20.09,-29.82,40.14,9.61,94.1,91.17,24.41,6.53,3.69,1.9,35.89,Hover
32.49,24.12,4.83,3.74,4.09,13.91,2.14,-24.14,16.01,-76.5,4.25,102.7,84.24,3.89,4.18,2.75,2.22,13.2,Descend
3.61,43.55,19.0,10.85,21.2,10.31,4.95,24.84,-12.6,1.86,14.21,34.09,11.42,1.1,7.45,-0.87,-4.84,19.58,Forward
44.89,18.1,15.99,2.97,20.18,17.55,1.48,20.43,23.23,61.3,5.83,97.79,23.26,3.46,7.56,4.83,-4.21,21.96,Forward
6.15,46.35,26.9,25.45,7.89,18.7,0.04,14.32,-18.9,38.4,5.85,47.6,70.75,24.22,1.81,-2.35,1.88,10.42,Hover
16.53,34.99,33.13,25.99,24.49,21.33,3.84,-14.25,5.13,65.11,9.25,59.03,38.57,8.0,6.71,1.61,-3.9,-8.13,Forward
40.82,13.01,35.23,22.79,4.3,38.71,0.9,12.9,-23.44,-52.9,8.53,28.58,92.72,6.68,4.17,-3.69,3.95,17.24,Forward
29.95,28.29,7.01,7.65,27.81,36.22,0.27,-3.67,-5.84,-38.36,4.36,75.46,80.79,18.38,8.67,1.06,1.21,17.13,Forward
19.8,26.74,40.68,15.94,6.43,24.49,4.62,8.03,22.92,-10.57,7.01,13.01,88.75,3.02,2.0,1.9,-4.29,-7.75,Forward
23.78,7.07,33.99,5.93,2.9,1.84,3.96,-11.25,6.5,4.19,4.99,71.4,27.36,8.73,9.03,-4.1,1.14,16.75,Forward
42.76,29.64,44.48,8.8,10.52,24.61,0.52,20.15,11.38,-44.61,11.07,118.78,23.56,3.62,5.36,-2.05,3.03,18.11,Descend
17.13,15.88,22.58,15.72,6.04,3.86,3.89,-27.57,-16.44,-21.38,1.84,90.66,93.87,24.36,2.93,1.42,3.01,-2.6,Hover
43.51,2.81,44.72,22.18,16.04,28.5,4.22,11.49,25.37,33.67,11.25,107.51,46.38,7.13,3.68,1.02,-0.99,-2.08,Descend
4.59,47.44,43.32,3.29,20.76,15.79,4.53,19.72,7.41,26.17,2.42,56.24,47.41,6.73,0.55,1.68,-0.4,41.51,Forward
38.88,32.15,22.03,9.25,14.98,33.56,2.72,8.79,-23.65,-70.11,4.59,17.91,71.61,15.86,9.52,-3.76,2.36,0.47,Forward
42.41,43.87,19.18,27.84,19.99,37.72,3.52,-18.48,-29.07,87.43,5.0,35.33,45.77,0.42,2.64,0.15,3.74,7.17,Forward
9.25,33.87,46.65,13.16,11.27,16.86,3.81,-12.9,-29.04,11.29,14.86,6.83,88.77,16.34,9.14,4.28,2.94,6.37,Slow_Forward
21.63,17.98,35.82,28.2,1.32,18.58,3.45,0.89,-26.93,-2.96,8.85,60.72,96.32,11.35,8.6,4.54,0.96,26.17,Ascend
8.44,25.73,46.43,29.75,29.23,23.73,3.24,-10.23,24.7,84.1,11.66,78.31,39.93,4.6,3.82,-3.73,2.25,25.31,Slow_Forward
35.39,33.85,39.89,16.04,24.67,8.13,2.74,-29.71,-8.5,-64.74,8.33,51.51,28.73,12.16,2.5,3.94,1.52,40.2,Forward
26.86,48.02,30.54,9.0,2.67,37.12,2.4,-27.56,-12.11,7.86,14.75,68.02,16.78,24.97,4.55,0.76,0.77,12.15,Hover
31.84,12.83,5.97,23.83,13.75,17.49,4.98,16.07,-5.01,54.91,2.66,39.16,29.29,20.97,9.37,2.53,4.2,32.9,Hover
9.99,43.77,14.72,5.2,19.23,6.92,1.69,-24.98,-5.43,-18.2,9.07,11.22,22.55,24.35,8.62,-3.49,1.48,10.76,Hover
10.74,46.22,48.45,7.94,6.12,30.58,0.45,25.68,-15.69,42.53,11.96,52.41,12.62,23.15,5.14,2.38,-1.18,3.2,Hover
2.27,33.59,16.11,23.65,17.55,9.0,3.83,-3.44,-24.49,71.85,9.43,66.19,14.2,20.51,5.68,-4.29,4.74,39.02,Turn_Left
16.24,46.58,4.84,13.29,16.24,6.0,1.08,15.49,-23.48,-42.9,13.45,117.93,55.84,8.37,4.38,1.33,4.5,16.6,Descend
28.08,20.01,35.44,6.45,6.64,22.65,2.67,-22.47,5.95,-46.54,9.01,42.33,73.7,18.25,9.48,1.68,2.81,11.48,Forward
42.93,47.66,36.75,19.71,4.67,26.96,0.49,25.59,-6.19,-25.08,12.4,81.65,98.49,9.79,9.89,1.65,-4.67,39.81,Forward
33.41,35.2,14.42,22.12,22.89,22.91,3.1,-27.97,24.15,-14.68,2.64,98.89,24.01,10.74,3.25,-4.41,2.29,41.67,Forward
21.88,2.29,15.02,4.19,10.02,26.36,4.72,-27.47,-2.18,-70.01,3.93,40.91,72.84,21.83,9.52,-1.16,-4.7,14.83,Hover
47.67,45.36,23.55,8.67,7.7,4.89,3.62,-26.72,0.21,-48.37,6.66,111.66,59.86,5.13,9.53,2.44,-4.26,-8.92,Descend
36.02,24.33,1.29,7.03,22.27,19.2,1.08,-23.8,25.69,67.18,12.77,41.32,53.03,7.41,5.0,2.97,-1.47,-8.21,Forward
46.52,23.12,39.51,11.71,22.21,14.47,4.86,-0.79,0.1,11.99,6.4,116.41,74.97,23.26,4.44,-0.84,-1.84,23.5,Descend
26.47,28.41,15.99,23.02,8.65,38.94,1.54,17.3,0.12,-41.79,9.41,1.26,31.48,17.49,8.76,-3.38,0.64,36.86,Forward
13.09,7.64,42.72,21.55,26.24,2.27,2.19,-12.9,-8.21,79.85,5.94,76.47,38.02,1.62,9.46,-0.01,-2.56,38.14,Forward
2.83,23.56,40.17,20.04,20.8,12.14,2.5,14.75,12.62,49.38,12.09,95.0,44.62,3.04,4.32,1.5,-3.01,39.56,Turn_Right
36.36,41.59,33.14,0.69,10.7,37.69,4.95,16.44,-6.47,-24.76,3.0,34.33,26.42,14.49,5.18,4.2,1.67,34.41,Forward
6.24,0.97,16.38,4.69,13.11,39.34,0.35,24.5,5.3,47.78,8.91,14.93,53.08,19.97,3.68,1.81,-0.57,37.97,Slow_Forward
15.28,13.79,25.91,7.09,21.94,33.05,3.49,-21.04,-3.16,17.29,8.67,3.9,21.87,19.82,2.48,3.23,-4.47,36.29,Forward
26.72,0.32,22.35,8.52,6.74,3.32,1.82,-21.87,1.72,33.09,6.05,9.85,38.63,10.62,9.96,-2.35,-0.58,36.21,Forward
28.31,20.9,17.08,4.82,14.33,22.59,0.4,-22.67,19.62,-32.14,10.58,65.62,20.18,6.46,2.29,3.33,2.59,8.01,Forward
30.11,36.47,42.44,12.6,19.78,16.18,4.68,-8.44,-5.18,-52.29,0.43,100.86,13.23,19.69,8.23,1.12,-4.33,11.65,Descend
8.48,39.98,24.28,2.72,16.42,32.32,2.95,-0.64,-16.2,-44.36,12.62,8.51,41.97,23.6,4.5,0.49,4.16,7.44,Hover
19.11,47.27,41.67,22.63,18.45,2.48,3.77,-2.3,4.22,-74.93,5.22,14.47,65.58,11.1,1.29,-2.33,-0.24,-1.5,Forward
30.94,30.5,5.44,23.74,16.61,8.13,1.21,-14.58,26.25,-5.21,11.9,1.61,23.67,3.43,3.59,-2.96,0.12,8.26,Turn_Left
48.5,12.88,7.22,17.44,6.38,19.72,3.81,7.32,11.59,-16.88,4.58,34.59,99.41,15.24,1.29,0.44,-2.01,39.91,Forward
36.44,46.22,48.87,3.15,12.6,6.56,4.14,-9.7,-11.5,-89.54,2.82,110.63,34.69,1.79,9.83,3.91,1.47,43.41,Descend
46.15,38.81,29.47,26.76,16.19,27.8,2.16,-8.04,27.78,64.15,5.84,33.88,12.04,15.29,3.02,-2.65,-4.79,-1.72,Hover
38.16,28.81,25.59,28.99,23.51,32.88,2.86,-23.67,-9.44,32.74,11.96,53.46,12.52,4.32,7.59,-2.21,2.39,26.41,Forward
29.67,34.84,26.25,6.47,19.79,28.27,4.86,5.53,29.0,-9.59,10.55,22.3,69.99,12.9,4.54,4.48,-4.01,43.18,Forward
9.76,46.23,10.92,21.29,13.08,17.78,4.24,9.32,-18.48,84.06,6.02,14.84,70.29,15.64,6.95,-4.73,-0.55,1.37,Slow_Forward
33.4,35.68,35.99,25.34,29.24,35.17,2.23,15.48,29.98,79.3,14.07,22.7,91.24,11.17,2.92,-0.15,-3.53,36.2,Forward
31.24,18.55,4.42,16.43,3.68,5.77,3.33,24.24,-25.45,-72.88,6.13,26.04,18.18,20.68,1.39,0.29,-3.31,6.31,Hover
30.2,35.71,28.75,10.04,6.6,10.64,3.92,15.96,12.79,20.73,5.26,16.5,43.87,9.37,8.18,1.76,-0.36,12.57,Forward
24.59,2.21,28.62,14.62,10.57,19.73,0.13,-15.86,14.43,57.06,2.17,95.19,90.03,3.88,7.31,-3.06,-4.35,40.39,Forward
26.53,19.44,45.73,15.61,7.24,2.74,2.95,-15.86,10.77,-58.87,1.05,57.79,81.79,11.6,1.54,0.71,-3.5,-6.8,Forward
16.86,20.43,26.4,12.32,18.95,4.1,4.92,24.91,16.66,-66.97,5.25,65.23,31.01,24.09,7.44,-3.91,0.44,14.67,Hover
26.06,8.51,7.03,27.93,1.67,16.08,4.74,17.41,-1.69,-43.24,1.38,45.58,90.1,22.0,6.18,-2.33,1.96,17.81,Ascend
10.04,1.35,28.72,22.44,5.73,37.77,4.16,16.93,-26.75,-39.66,6.94,26.08,71.27,7.78,2.13,-4.85,-1.41,39.55,Forward
40.3,6.84,4.75,7.62,9.15,36.36,0.54,13.18,-8.53,83.7,12.9,12.17,33.79,6.07,8.34,-0.47,3.66,21.56,Forward
9.45,32.8,10.35,17.77,20.66,18.8,4.97,-13.97,8.54,50.49,7.14,10.04,14.03,12.08,7.14,-3.25,-3.39,41.98,Hover
4.43,40.15,1.75,20.82,26.34,5.94,3.05,20.84,8.77,-79.25,7.21,23.03,54.77,16.38,5.31,-4.03,0.61,7.48,Ascend
21.93,49.41,25.76,4.63,24.06,7.37,1.12,-21.43,-18.29,51.57,3.8,102.17,74.18,23.17,2.2,-1.56,-4.11,17.15,Descend
32.98,17.45,4.41,11.07,5.87,15.29,3.37,-9.0,-14.82,-59.46,2.49,26.77,34.18,15.33,5.63,-4.21,-3.33,-8.75,Forward
22.0,30.05,23.58,27.21,17.18,8.64,4.28,-9.21,-0.8,-25.7,3.33,43.22,25.19,20.9,2.05,1.64,4.09,44.38,Slow_Forward
13.98,46.87,46.66,17.23,1.39,3.59,0.57,3.61,13.72,-32.67,8.52,69.16,16.78,17.4,2.25,-2.99,4.93,2.83,Ascend
28.0,8.52,36.04,6.9,9.66,27.05,4.58,-2.19,21.17,-40.97,8.88,61.86,85.78,2.54,2.79,2.1,4.97,41.08,Forward
17.48,35.94,4.06,4.12,24.28,23.38,4.6,-2.41,-24.81,-34.42,3.3,80.23,14.93,22.29,6.72,3.4,3.0,12.01,Hover
46.66,37.8,11.37,15.79,13.97,11.86,0.08,3.21,25.54,45.76,5.98,24.12,64.85,4.99,6.96,2.41,-3.0,-0.91,Forward
46.15,4.63,33.75,16.66,4.92,31.22,4.5,-5.07,25.66,-42.02,8.53,63.36,78.69,9.17,1.19,2.63,-2.14,13.09,Forward
25.22,43.09,44.76,10.37,13.44,31.11,4.73,-15.0,-29.52,54.13,11.41,92.36,80.24,21.01,6.68,1.44,-4.11,7.82,Hover
16.53,40.69,1.84,19.1,6.34,19.79,0.2,9.85,0.38,-73.62,4.8,47.11,68.83,24.48,0.83,-1.24,-4.46,42.35,Descend
36.91,1.86,40.66,2.53,12.1,4.13,1.48,17.44,5.23,17.13,4.07,116.66,68.75,7.77,9.1,-1.51,2.33,32.41,Descend
2.03,4.74,28.18,4.78,14.89,36.76,1.87,-1.26,3.22,65.34,10.96,69.78,52.67,9.58,7.9,0.69,0.4,1.41,Turn_Right
23.84,2.65,27.4,16.62,10.81,26.85,1.75,8.97,6.95,-75.73,7.71,81.3,47.5,12.14,7.38,-2.52,1.61,19.71,Ascend
16.95,16.87,47.9,2.32,28.14,10.11,3.8,2.12,0.2,24.28,12.85,55.63,22.36,12.45,2.77,-1.55,0.8,26.85,Forward
46.04,25.56,37.43,26.49,17.09,24.54,1.8,-26.46,-12.37,2.09,3.17,103.08,58.18,18.76,9.88,-3.45,-4.88,21.86,Descend
0.8,26.71,42.54,4.69,25.37,16.38,4.78,-4.61,-24.26,-30.25,11.56,54.73,16.39,20.43,9.28,2.8,-1.8,40.42,Turn_Right
27.73,13.53,17.83,20.38,22.94,25.52,4.98,-29.41,-17.5,-71.88,2.43,113.13,52.14,24.78,5.15,2.36,1.91,-3.79,Descend
37.09,45.6,27.81,12.04,20.0,19.11,1.59,9.71,14.42,31.77,8.77,37.59,75.78,20.11,0.83,0.03,3.61,-7.78,Hover
24.35,18.54,30.85,12.29,15.16,19.57,2.55,0.49,-15.54,-34.31,4.25,104.03,49.86,7.49,5.36,-1.3,-3.46,23.66,Descend
4.45,2.47,16.21,23.06,0.56,29.51,2.79,-22.39,19.78,-28.99,1.52,77.08,55.75,8.95,1.96,1.97,-3.82,30.99,Ascend
48.63,15.15,28.6,15.23,18.6,24.66,2.9,2.53,-5.79,39.17,9.25,96.09,85.8,15.45,6.13,-4.15,4.59,34.52,Forward
26.0,26.65,11.99,21.91,11.0,3.47,1.88,23.91,-5.13,80.16,7.6,5.49,68.19,17.17,9.87,-4.52,4.67,1.61,Forward
30.79,20.53,7.34,15.4,3.97,2.9,0.84,-9.57,22.11,-29.95,7.29,34.0,21.48,2.25,7.69,2.0,2.5,0.46,Forward
11.98,13.84,18.82,17.99,13.62,12.41,0.28,28.94,-17.14,44.41,8.89,101.8,58.86,8.59,3.56,0.5,-4.41,36.12,Descend
24.28,6.74,37.02,22.94,22.2,17.38,0.54,27.56,-18.62,82.19,5.59,38.88,42.81,5.07,4.24,2.33,1.3,8.56,Forward
21.57,40.99,45.83,18.42,28.87,11.23,4.51,17.12,29.12,-72.39,10.05,85.81,28.61,12.7,9.47,-2.2,-3.72,26.28,Forward
3.93,49.81,22.99,18.66,11.54,26.16,1.41,18.83,2.44,5.26,1.96,119.07,68.32,4.22,1.55,-3.92,3.45,-1.71,Ascend
5.49,16.61,32.21,23.78,16.51,8.05,0.39,-5.37,-18.57,-87.99,10.72,22.08,44.79,14.52,8.96,-0.7,-1.97,34.05,Slow_Forward
41.91,19.2,5.33,28.5,25.61,28.25,3.12,-5.85,-20.05,58.53,8.7,50.69,79.06,11.68,1.21,-0.73,-0.25,42.85,Forward
12.14,30.98,45.24,11.61,10.35,30.99,0.39,27.26,21.7,-38.36,7.3,20.65,62.79,10.1,4.44,2.59,-3.13,43.44,Forward
9.91,35.98,28.52,17.52,4.7,5.24,0.36,-8.03,5.99,-30.1,1.91,19.36,19.38,16.22,7.58,-3.78,2.25,18.55,Slow_Forward
25.34,19.72,39.06,3.05,8.82,26.14,3.11,-24.19,-23.1,33.71,4.17,76.33,41.53,10.41,4.25,4.46,0.02,3.16,Forward
38.48,45.27,39.76,11.08,27.02,38.47,2.96,-20.84,23.21,52.05,4.43,23.77,34.29,9.98,5.93,-4.44,2.06,-2.24,Turn_Left
3.28,28.09,12.97,12.66,5.2,7.96,0.22,12.62,-3.37,-18.0,3.51,58.44,23.5,16.28,5.16,-1.87,-1.8,3.52,Ascend
28.93,22.63,26.55,25.14,10.21,36.4,2.31,-7.02,29.36,29.79,14.31,117.38,82.02,1.43,6.24,2.03,-1.23,24.19,Descend
6.14,32.4,48.03,15.65,14.21,24.36,2.18,-18.04,-13.09,82.14,13.73,40.64,44.07,10.81,2.12,2.17,3.97,13.97,Ascend
2.02,47.65,4.66,22.07,25.49,23.76,2.74,18.83,1.73,69.64,8.19,104.96,65.19,4.89,5.99,0.67,-2.46,16.26,Turn_Left
2.83,39.77,34.22,1.06,28.16,2.36,3.69,-0.68,-19.61,36.23,3.09,48.17,89.38,0.96,9.88,-4.29,4.03,16.09,Turn_Left
41.74,2.19,48.12,14.2,13.06,30.01,1.42,4.06,-3.62,79.75,13.67,32.28,58.87,0.87,2.34,3.56,-4.24,33.64,Forward
6.08,16.75,15.17,27.09,27.99,19.29,2.17,-20.76,-19.41,67.67,11.24,41.01,33.23,4.19,1.14,1.35,-3.41,35.72,Slow_Forward
2.45,23.63,43.1,7.12,5.26,28.93,3.97,-18.43,-11.57,41.22,0.58,16.19,81.16,10.85,4.22,2.59,1.63,-9.23,Turn_Right
22.01,15.86,46.7,1.43,5.13,32.42,4.61,-22.45,-13.81,75.1,7.36,81.8,49.22,14.17,4.06,-1.14,4.94,40.5,Forward
42.23,35.07,37.4,13.29,28.5,21.09,4.46,0.87,-13.01,57.13,9.07,61.57,60.75,19.9,1.69,-2.57,4.34,11.36,Forward
13.27,41.35,11.72,21.28,15.54,10.77,2.39,16.54,28.19,0.41,1.0,74.05,91.19,15.19,5.93,2.2,0.08,3.24,Forward
21.2,36.62,16.83,13.91,5.98,5.92,2.61,13.94,-27.69,0.41,0.75,37.07,54.03,13.0,4.66,3.16,0.28,44.78,Forward
2.19,49.47,1.98,14.07,14.9,6.67,2.65,-14.33,-0.19,-88.42,6.95,78.76,40.12,0.91,8.45,3.13,0.73,-3.26,Turn_Left
22.56,13.77,41.61,20.26,23.6,34.72,4.34,21.09,7.75,-84.56,0.03,20.59,75.47,7.45,4.52,2.17,2.92,7.66,Forward
28.97,43.77,42.51,8.0,24.89,5.21,4.2,-23.66,9.65,44.32,0.7,78.64,22.02,17.31,9.86,-3.61,0.51,39.89,Turn_Right
28.63,38.38,31.71,22.68,25.99,15.57,1.56,-23.16,15.27,9.86,2.48,10.66,92.24,6.76,7.91,-2.78,-3.82,16.16,Forward
16.75,18.24,17.76,5.02,17.3,13.57,0.82,20.96,15.66,46.97,13.65,48.63,92.4,14.86,5.13,0.0,3.38,40.92,Forward
15.91,36.76,4.03,12.17,26.07,34.66,1.9,-15.33,27.33,80.94,11.49,73.56,62.15,15.1,5.75,0.07,3.85,3.28,Forward
5.51,5.38,37.7,19.85,15.55,19.26,1.45,12.49,15.34,-8.54,6.76,102.78,23.89,7.63,8.73,-0.11,4.18,12.41,Slow_Forward
18.47,39.51,36.38,24.94,18.41,39.86,4.75,-29.46,19.42,-74.08,7.19,97.68,50.69,14.29,7.85,3.26,-0.79,-7.16,Forward
5.15,26.71,45.65,23.85,22.88,29.56,1.34,-24.38,1.94,22.78,10.29,63.71,48.1,2.85,6.75,-3.75,-2.79,14.98,Slow_Forward
38.38,14.76,36.58,21.79,13.05,34.08,0.91,6.56,9.46,-72.05,7.12,106.12,36.85,18.17,3.03,2.92,-3.81,-9.97,Descend
48.32,32.86,41.47,11.09,2.67,4.22,4.5,-19.06,-1.31,21.83,0.96,61.2,25.76,0.56,4.4,-4.78,0.25,7.43,Forward
48.51,32.15,37.35,4.11,10.83,10.35,0.44,-28.31,-13.41,4.99,11.08,62.54,33.73,0.88,7.98,-1.77,-2.23,29.33,Forward
43.28,10.63,31.61,6.9,18.91,5.68,1.31,-1.98,-11.2,38.2,0.87,86.75,60.0,21.76,6.46,-3.03,-0.73,29.83,Hover
30.12,1.71,21.46,26.01,6.17,18.71,2.2,-10.17,-8.37,-26.83,7.29,105.46,71.71,14.51,9.59,0.27,-4.01,13.53,Descend
35.1,21.79,45.13,25.79,4.88,28.82,2.98,18.14,-9.56,-64.1,12.93,72.72,98.16,4.07,8.79,0.24,-3.01,-9.29,Forward
14.4,28.56,32.62,28.57,9.15,7.01,1.65,19.13,1.99,-47.48,1.76,113.36,29.42,15.04,4.56,0.07,-0.62,-2.8,Descend
31.61,43.85,20.04,2.74,1.45,5.47,2.49,6.87,-15.14,33.05,10.6,28.68,28.36,9.25,3.29,-2.11,-3.21,3.31,Ascend
22.89,46.43,4.36,16.34,22.43,24.7,1.0,-12.42,1.0,-3.93,0.69,110.99,20.53,6.75,1.68,0.22,-2.75,-9.09,Descend
24.2,26.53,14.68,19.64,8.13,9.44,2.88,-2.3,24.97,7.35,14.9,27.38,94.51,20.28,4.37,2.06,-4.8,1.94,Hover
37.94,37.74,27.28,21.46,4.17,19.33,2.05,12.14,-5.64,-31.86,10.23,63.64,44.37,11.93,2.65,-1.06,-4.27,18.8,Forward
14.24,22.08,13.93,19.49,21.12,2.33,4.25,-25.84,-16.64,60.61,14.53,95.73,93.16,7.34,0.66,4.29,-3.84,-3.09,Forward
16.04,37.35,11.22,23.22,25.37,27.32,2.08,-10.05,-9.19,89.9,10.02,96.39,90.05,23.59,1.81,-4.32,1.57,37.65,Forward
46.25,10.4,26.46,11.1,1.09,21.79,2.22,19.34,22.61,-33.8,3.63,34.1,13.96,4.13,4.8,4.87,-3.5,-6.7,Ascend
3.0,18.68,8.66,5.79,7.39,26.0,2.96,-5.64,26.5,39.36,13.9,118.32,35.18,3.55,8.98,2.61,3.81,32.67,Turn_Left
24.38,31.78,40.06,6.54,28.38,11.23,0.62,7.48,23.2,-59.2,9.4,10.59,37.23,2.43,3.55,0.93,2.85,14.55,Forward
45.66,1.1,24.32,0.85,11.86,11.36,0.79,-24.22,-12.76,43.64,8.64,5.14,34.96,3.11,4.69,-2.97,3.17,23.71,Forward
30.6,36.18,28.78,10.83,28.19,32.11,3.95,16.62,-6.73,-12.45,6.44,101.14,48.28,6.32,4.15,1.27,-1.48,16.59,Descend
27.41,41.81,7.54,3.21,8.59,28.83,1.37,-23.97,28.5,18.96,4.27,98.46,54.94,17.46,4.01,3.02,-4.42,13.55,Forward
12.64,20.08,16.36,9.98,6.93,23.32,3.43,21.69,-10.57,-47.24,7.95,85.83,78.24,16.8,7.37,-2.46,-4.24,27.42,Forward
17.3,22.51,20.62,19.03,6.82,25.24,0.5,-23.6,-21.73,63.3,5.49,102.24,34.09,19.09,5.31,-4.6,1.9,2.49,Descend
42.63,42.59,40.45,26.89,3.01,4.03,4.11,23.45,-13.07,-58.8,12.81,17.37,36.89,14.39,4.38,-0.57,4.23,16.77,Forward
28.05,38.83,38.55,25.27,26.94,34.29,4.94,-8.17,27.84,77.15,0.43,12.39,63.87,12.32,9.46,-1.96,-3.25,34.41,Forward
25.83,14.55,11.3,7.95,29.41,30.87,1.87,7.47,-5.05,-78.98,7.95,116.36,26.13,10.8,3.12,-2.14,3.64,-1.47,Descend
5.16,16.33,30.89,4.46,28.66,23.74,2.53,20.79,26.03,-38.16,12.55,75.28,52.59,21.87,8.41,2.25,1.53,-4.9,Hover
1.0,34.01,12.32,6.2,25.63,36.77,2.22,-29.39,-23.76,11.33,0.41,110.46,32.59,8.59,5.39,-3.52,1.77,23.2,Turn_Left
48.19,28.25,49.41,29.14,25.48,6.99,4.47,-14.06,15.96,64.52,4.23,108.87,27.82,22.29,4.7,1.51,1.98,43.0,Descend
18.97,8.28,47.62,16.71,20.0,27.56,0.06,24.5,-24.4,13.86,0.77,78.72,81.61,6.89,1.1,-4.39,-4.38,13.61,Turn_Left
30.24,15.63,28.25,5.88,24.87,38.53,3.27,-6.71,-18.15,-51.1,8.93,75.79,73.64,3.93,8.66,4.2,1.04,34.8,Forward
4.17,45.02,35.01,25.3,6.65,12.61,3.27,12.38,6.97,64.63,4.75,43.83,32.48,6.38,3.07,0.86,-0.17,15.86,Ascend
34.22,34.47,40.11,12.16,11.94,0.91,1.92,-21.6,-3.93,17.31,14.4,18.74,47.37,12.48,6.95,4.31,3.37,2.91,Forward
46.64,49.3,36.11,27.03,19.4,29.47,1.1,10.7,10.0,-48.18,9.24,82.71,23.88,23.15,8.81,3.68,-0.72,16.68,Turn_Left
28.87,38.4,35.05,8.19,26.31,0.58,1.21,-25.61,28.4,11.13,8.43,98.33,14.79,4.43,5.59,3.7,0.1,14.3,Forward
6.48,47.11,47.94,12.1,19.98,34.94,4.0,13.04,-26.84,31.55,13.76,65.81,62.67,14.5,6.59,-3.8,0.8,3.88,Slow_Forward
29.17,10.97,29.9,15.4,25.25,2.54,0.34,-10.57,-18.5,32.49,3.35,7.05,42.72,5.44,3.73,1.96,0.87,9.42,Forward
38.36,38.62,31.89,26.83,14.48,26.21,2.82,-2.05,8.41,40.32,8.43,18.25,28.65,16.94,7.4,-1.0,-1.0,11.57,Forward
20.44,1.21,42.49,26.13,21.66,15.27,1.54,-20.02,23.79,71.23,8.14,13.13,20.31,11.63,6.74,-0.41,-3.34,37.26,Forward
44.02,33.6,33.56,17.44,29.41,8.37,1.33,7.67,17.86,58.47,1.23,79.28,71.2,18.34,4.73,-2.21,-2.49,6.91,Forward
32.5,23.57,36.7,7.04,5.03,35.96,2.53,-9.75,-2.07,19.39,13.98,68.21,34.43,21.4,6.53,-3.6,-0.88,40.88,Hover
44.98,17.47,11.86,12.4,27.84,29.93,4.49,-7.0,14.73,-84.21,10.5,56.51,91.67,8.37,3.0,-1.94,1.2,-9.26,Forward
31.25,43.15,18.69,29.28,15.91,13.82,3.09,9.13,-17.51,44.91,13.32,65.67,27.35,23.45,6.75,0.5,-0.45,-2.94,Hover
6.74,42.74,7.54,18.43,19.47,11.58,3.95,-19.27,-29.18,85.49,14.74,33.84,31.94,11.71,6.89,-0.9,2.92,-8.51,Slow_Forward
15.62,1.31,25.39,23.54,26.4,29.52,3.01,21.12,4.2,-35.0,7.19,96.76,86.66,23.42,4.73,2.04,0.75,32.22,Hover
10.25,30.55,22.9,13.77,12.58,33.51,3.49,14.36,18.79,19.24,12.05,40.1,61.52,5.77,2.87,3.39,-1.57,-3.15,Forward
45.46,18.52,49.86,16.19,12.85,28.72,2.17,4.66,-3.99,48.36,8.66,77.67,19.75,22.43,8.13,-2.89,-0.03,21.57,Hover
38.07,20.9,30.64,13.15,16.05,25.71,4.63,-22.3,4.15,25.04,14.66,47.51,59.45,8.34,7.66,-4.44,-1.41,32.78,Ascend
33.88,41.64,39.36,21.24,1.06,9.35,2.51,11.23,-4.67,76.06,3.71,9.59,37.73,18.77,1.04,4.91,-4.7,16.91,Ascend
15.19,15.63,16.83,25.62,15.15,34.16,2.76,-28.91,0.84,-4.8,0.21,31.58,76.32,24.2,5.2,3.83,-2.19,-4.61,Hover
9.37,47.16,41.61,15.47,9.09,30.06,2.63,18.26,23.06,5.73,2.79,115.85,17.0,22.8,1.38,-2.35,-0.49,36.06,Hover
37.87,9.15,30.83,14.69,27.87,20.84,1.59,-11.77,-1.31,-83.12,1.92,23.67,92.61,11.59,3.54,-3.37,-2.45,1.34,Forward
23.81,33.2,34.91,10.54,3.09,20.61,1.16,-22.97,-29.55,72.04,6.55,13.49,53.04,8.62,4.51,4.51,2.2,-4.81,Forward
11.44,33.67,14.86,5.72,14.05,22.9,0.38,-20.13,17.99,-42.79,1.16,35.65,76.09,15.32,2.18,-2.68,3.62,32.21,Forward
30.91,12.76,27.52,28.21,28.45,33.18,3.59,27.79,7.06,86.12,3.3,105.47,73.42,17.65,4.95,-2.78,-2.03,-8.47,Descend
2.21,16.37,31.78,9.82,27.08,29.77,1.45,16.43,13.82,-53.62,1.44,37.42,26.04,13.51,7.21,-3.9,-4.76,23.98,Turn_Right
16.44,41.77,29.54,24.12,21.19,34.29,1.95,-15.73,24.07,-44.38,7.3,50.67,89.21,21.21,4.65,-2.12,3.76,13.12,Hover
23.53,38.14,45.78,21.6,17.89,20.44,4.6,27.81,-12.83,-2.77,4.0,37.9,30.94,1.46,2.72,3.41,0.77,13.89,Forward
7.57,16.59,44.93,23.83,8.78,25.1,2.84,-21.59,0.18,28.89,7.07,118.69,27.15,14.99,4.44,0.7,-4.94,34.24,Slow_Forward
49.24,26.79,48.56,28.13,11.33,34.23,0.49,14.01,6.15,-10.68,1.33,119.99,56.86,13.13,6.13,-4.08,-0.0,-7.43,Descend
10.61,3.27,33.44,18.89,3.16,9.52,4.0,9.4,-9.28,-26.67,7.75,58.45,98.61,0.98,9.4,4.67,-4.03,30.79,Forward
6.69,10.6,48.6,26.99,23.69,17.93,1.29,19.29,20.76,7.22,1.95,94.39,38.21,0.32,5.24,0.39,1.74,28.8,Slow_Forward
10.34,24.39,41.66,5.45,10.05,24.94,2.77,-7.1,11.85,82.49,1.49,27.19,96.8,15.15,8.93,-0.83,0.34,38.91,Forward
38.5,4.48,13.69,18.99,20.2,36.63,2.55,-5.89,14.0,83.15,4.65,45.54,49.16,2.95,9.85,2.84,4.13,21.74,Forward
21.39,42.2,21.49,23.28,11.05,0.93,1.2,7.47,18.48,-30.95,13.12,81.84,85.12,19.21,5.81,0.6,-1.05,-1.19,Forward
28.36,35.96,12.07,8.51,14.2,8.74,0.59,-6.11,-14.51,32.43,11.83,35.07,57.7,23.73,1.9,3.96,4.24,-7.44,Hover
1.25,47.19,0.41,22.35,16.87,9.61,1.06,-27.52,14.74,39.94,14.39,27.74,28.47,4.44,8.82,2.02,3.36,14.31,Turn_Left
1.91,34.73,9.56,23.47,24.15,13.27,0.5,13.78,16.43,27.62,6.9,110.75,89.2,19.96,8.69,1.68,2.52,29.61,Turn_Left
22.4,47.03,0.4,25.02,6.73,11.49,1.39,8.46,20.54,-69.66,4.69,30.07,16.48,14.79,8.75,-1.62,-0.62,-7.67,Forward
40.87,27.81,36.05,9.73,12.26,23.73,4.99,-4.58,-0.69,7.11,14.56,8.05,71.45,11.2,9.53,4.9,-0.86,3.65,Forward
44.28,30.09,21.39,20.61,4.34,35.46,2.02,-11.83,0.25,47.39,5.73,90.38,84.77,16.26,3.13,1.52,-1.05,32.39,Forward
4.52,48.85,15.77,9.48,2.73,25.59,4.32,-10.76,-24.11,-53.85,0.14,29.95,84.88,20.06,3.67,-0.58,-4.48,2.67,Forward
27.01,32.18,38.13,22.3,18.34,9.89,2.75,14.46,21.13,-27.32,12.3,54.57,68.98,24.27,7.03,-3.52,1.06,10.96,Hover
45.68,1.73,41.66,14.16,6.08,34.59,3.34,13.75,2.01,-53.32,2.54,14.28,32.59,16.51,5.86,0.56,2.98,31.08,Forward
19.52,36.25,48.77,18.13,2.26,25.39,0.79,19.14,5.67,69.65,10.77,9.15,57.85,18.67,8.75,1.66,2.44,13.67,Forward
41.51,45.29,32.17,12.77,26.96,8.99,1.38,15.73,-22.71,64.54,0.23,55.79,66.66,15.19,2.92,-1.29,0.83,32.42,Forward
6.86,39.82,23.18,5.28,16.26,14.66,2.56,15.48,6.11,-59.54,1.66,41.11,90.07,14.13,6.75,-4.35,-1.43,4.86,Slow_Forward
46.78,29.27,15.4,5.75,4.47,31.66,4.41,-14.89,-27.48,46.9,7.25,61.21,24.37,1.62,9.43,2.98,1.95,42.69,Forward
37.62,33.63,11.27,2.79,2.08,29.64,0.22,-23.9,25.39,-24.48,1.02,115.93,51.84,3.88,2.55,1.54,0.29,-4.84,Descend
47.08,49.51,10.8,18.73,4.04,23.19,2.54,15.71,21.81,33.51,13.33,49.48,39.98,9.48,3.42,1.85,3.4,31.33,Forward
33.9,4.71,20.58,25.53,14.4,6.05,0.26,-24.08,-18.34,-1.19,11.25,72.72,48.49,16.24,4.37,-2.55,-2.27,-5.92,Forward
18.3,33.43,49.59,1.11,20.22,32.19,2.29,28.93,5.63,-5.04,4.92,12.61,26.47,1.89,1.33,-3.69,-3.98,36.48,Forward
46.92,14.31,0.24,2.45,19.42,12.51,3.15,22.51,6.16,68.63,8.96,106.42,29.57,13.61,2.18,-0.48,-4.97,-2.49,Descend
13.92,32.08,10.02,14.0,4.76,30.93,3.73,2.01,18.21,24.65,10.73,96.9,79.29,0.33,4.13,-2.59,2.43,22.26,Forward
16.74,30.46,9.58,22.26,19.19,26.01,0.7,-8.87,15.42,-47.56,11.33,63.17,53.05,19.15,1.21,2.81,0.99,8.35,Forward
35.1,7.84,35.91,5.15,12.44,10.79,0.84,1.61,29.59,-70.06,5.94,22.82,56.27,16.67,3.95,0.32,-4.4,23.26,Forward
38.31,10.5,17.75,8.51,14.21,8.73,2.36,14.06,-8.95,78.01,13.48,51.69,90.77,13.02,2.82,-3.68,3.4,-7.37,Forward
46.48,31.16,22.97,7.34,24.14,5.5,4.99,15.38,-22.52,-62.39,14.13,36.39,31.6,14.28,8.71,-3.04,-0.23,38.47,Forward
10.4,6.59,7.6,12.27,10.31,9.91,1.79,-25.58,4.41,42.13,2.94,119.35,39.63,23.32,6.28,3.87,-0.39,29.28,Descend
39.94,13.41,20.37,7.14,4.84,6.57,2.14,18.29,15.84,-0.75,13.67,59.41,37.78,22.67,9.04,1.32,1.85,9.01,Hover
36.98,41.8,5.34,10.9,26.27,24.8,2.17,8.49,-12.85,-64.79,10.69,51.25,69.33,19.82,2.43,-0.99,1.35,15.88,Forward
3.38,16.49,26.75,21.99,6.76,24.07,0.41,-27.57,-15.83,49.8,13.32,21.12,60.62,8.41,1.28,2.21,-2.61,24.44,Ascend
19.48,24.51,5.08,18.52,9.17,23.57,3.87,-11.21,18.15,72.81,6.37,29.45,52.44,2.68,3.86,3.09,1.45,23.98,Forward
14.28,47.07,39.57,2.89,21.34,25.78,1.27,0.64,15.22,-68.13,9.92,85.68,70.12,8.04,1.04,-3.86,3.58,25.19,Forward
15.36,11.51,28.42,19.31,20.66,32.65,3.52,-18.69,-17.8,-77.92,3.53,64.65,53.55,18.8,8.89,3.42,-1.08,-1.48,Forward
49.15,19.6,36.25,14.57,24.11,36.57,2.38,-20.69,22.16,62.97,11.27,43.61,83.44,15.28,2.29,4.47,-2.1,33.62,Forward
32.21,30.4,21.04,28.07,5.92,9.45,3.06,-29.14,-21.92,0.17,8.73,36.34,46.92,17.64,1.84,-4.1,-4.4,15.28,Forward
35.94,37.82,19.2,9.03,10.89,23.63,0.28,24.69,-23.45,31.42,7.21,24.89,90.15,2.63,7.98,-1.76,1.05,34.01,Forward
48.84,45.1,5.09,21.92,4.21,3.41,4.45,-26.63,-8.93,-10.53,10.39,5.03,20.77,3.96,7.27,-3.32,2.55,41.07,Forward
18.98,45.79,26.29,22.06,16.46,5.07,1.23,-8.04,23.19,-15.76,8.29,117.28,18.46,16.61,1.04,-0.7,4.68,-4.32,Descend
40.13,38.88,25.82,7.03,9.13,26.28,3.35,-17.65,11.73,-36.06,11.48,90.62,69.01,9.3,5.34,-2.8,1.12,9.58,Forward
21.84,11.57,23.51,27.15,20.82,19.62,3.99,14.46,-6.32,11.33,12.88,111.42,45.07,9.23,4.76,-1.38,-0.52,19.2,Descend
43.5,1.44,37.08,14.99,0.51,30.41,2.7,12.43,-20.56,-61.23,12.01,50.09,51.01,9.82,4.18,-2.58,4.35,-2.58,Ascend
9.2,19.31,41.66,20.53,2.26,17.2,1.69,18.37,12.81,39.1,4.61,104.46,72.64,19.9,1.7,-4.96,-3.21,4.25,Slow_Forward
47.39,7.25,37.59,4.8,13.26,5.37,4.89,7.01,5.95,8.9,14.64,31.49,29.31,17.48,7.98,-4.81,2.08,-7.29,Forward
11.09,35.58,7.36,8.11,28.77,34.92,1.4,5.5,29.26,62.55,9.75,61.67,13.95,2.65,2.78,0.15,-1.73,27.47,Forward
16.45,33.12,31.18,17.79,26.78,3.59,4.74,-5.57,15.93,75.78,4.85,25.1,49.5,8.61,4.85,0.14,3.61,17.3,Forward
37.86,2.39,4.2,9.91,29.82,7.8,0.79,8.18,-23.87,72.11,0.64,92.67,90.53,16.85,8.87,-4.64,2.45,-8.28,Forward
19.81,41.86,34.79,15.24,12.8,11.3,1.95,-23.09,13.69,18.22,14.82,60.21,50.57,24.4,3.52,1.99,-1.66,6.7,Forward
30.49,12.59,19.22,11.53,1.87,39.81,0.7,11.07,-14.55,-32.63,8.99,64.82,61.48,22.81,0.84,-4.73,2.75,12.45,Ascend
22.34,21.72,6.8,19.4,9.53,16.85,0.02,-23.77,27.71,-25.71,3.41,103.28,28.75,6.21,8.95,-0.13,3.9,8.84,Descend
37.17,33.46,43.13,14.87,20.44,20.22,1.31,21.7,-28.84,27.46,7.37,88.97,51.77,1.65,5.19,-1.05,-2.48,-9.0,Forward
11.57,21.59,30.78,0.64,4.49,30.86,0.45,0.34,-15.7,38.15,5.96,115.99,53.26,14.33,5.22,3.83,0.72,5.82,Descend
3.11,22.18,17.87,19.67,9.35,25.57,4.93,1.82,-0.06,-60.97,14.27,49.23,31.16,10.16,5.74,0.76,-0.8,-5.54,Ascend
15.14,3.47,1.73,12.95,2.16,33.7,3.81,5.09,-25.26,89.63,7.39,55.91,24.74,4.58,2.21,3.22,4.26,-9.68,Forward
23.82,20.19,26.96,10.58,14.51,19.61,0.03,16.56,-9.36,-70.65,7.27,74.23,41.52,16.29,7.29,4.98,4.72,9.43,Forward
8.57,38.29,46.18,3.28,6.66,38.9,1.13,-1.29,-0.17,19.28,11.92,54.94,13.5,4.01,2.7,-3.23,-3.96,11.26,Hover
17.87,45.78,29.9,7.0,3.19,31.93,3.35,-4.34,-3.18,5.58,5.86,50.93,24.98,8.79,3.36,-4.37,0.49,40.3,Forward
20.12,20.79,48.59,7.1,12.63,16.23,2.0,-12.7,-2.36,16.38,2.95,41.53,75.82,19.86,6.5,2.74,0.31,-2.94,Forward
3.06,21.29,7.0,28.09,10.86,15.44,4.16,-22.32,22.74,6.08,11.53,99.99,68.42,17.11,7.62,1.32,3.69,28.52,Ascend
29.25,35.19,28.5,13.26,16.36,37.2,2.53,-18.58,0.32,-79.58,13.65,64.49,38.15,15.18,7.44,1.34,2.79,4.5,Forward
44.24,47.15,39.95,1.74,22.6,27.47,3.27,-29.97,26.46,89.27,0.69,73.28,59.6,23.27,1.29,-1.84,-2.13,17.37,Hover
7.76,13.5,26.37,4.6,3.82,24.97,2.99,22.17,-21.14,86.63,12.9,25.28,84.64,3.14,7.67,-3.98,0.22,13.69,Hover
29.97,22.12,4.74,2.83,23.84,30.39,3.19,15.9,-13.18,4.38,6.57,30.96,85.52,17.27,6.8,2.21,-1.22,16.62,Forward
33.3,39.84,29.23,17.87,1.28,22.57,1.16,-16.88,9.39,-52.5,4.34,41.44,68.89,2.93,6.25,0.43,-1.47,31.94,Ascend
21.08,30.56,30.66,6.01,13.57,6.62,1.87,-29.86,-13.01,-57.07,0.59,56.38,21.16,3.41,9.69,0.01,2.31,-8.98,Ascend
35.11,5.71,36.49,15.21,17.83,12.97,0.26,-0.47,-9.16,-79.73,3.08,6.23,24.66,12.66,3.79,2.36,0.99,8.1,Forward
20.65,31.46,38.11,11.42,28.73,22.45,2.94,-5.25,24.06,20.13,4.99,106.72,36.25,0.6,6.99,4.89,-3.01,8.72,Descend
25.33,9.5,38.58,24.21,17.43,1.02,2.3,16.56,2.31,-3.92,1.06,108.54,70.36,12.52,5.95,2.4,1.21,-4.79,Descend
0.57,25.61,33.24,9.95,5.18,17.66,3.81,-5.83,-9.92,-15.06,2.83,79.74,33.22,0.24,4.19,4.35,-0.36,-9.41,Turn_Right
34.65,26.55,10.95,14.02,15.77,30.31,1.04,21.85,16.6,4.54,11.05,38.61,51.8,15.06,7.99,-1.01,-1.59,29.55,Forward
33.13,43.83,20.33,21.78,12.18,6.82,2.19,-24.25,-25.76,67.11,10.3,46.85,84.3,7.8,4.33,3.98,-4.33,38.55,Forward
2.11,23.23,38.85,13.28,14.64,2.86,0.91,-8.05,3.82,-77.27,11.55,88.35,90.26,2.08,5.81,2.27,4.29,7.1,Turn_Right
18.54,14.12,47.68,23.9,6.31,33.49,3.07,26.04,-24.02,7.94,2.48,35.07,85.47,19.52,5.83,-1.28,3.62,25.92,Forward
48.96,11.7,4.13,20.02,15.27,24.81,4.24,-29.3,-19.39,36.18,0.65,73.46,20.48,9.75,5.36,0.09,-1.96,44.73,Forward
21.15,43.74,26.87,12.61,4.93,7.31,3.83,-6.55,-26.25,84.72,7.03,108.85,91.97,11.1,4.85,-2.98,0.56,-0.97,Descend
25.2,8.72,15.76,15.37,22.45,32.31,4.72,-14.42,24.1,43.14,5.14,49.84,71.57,9.36,2.09,-4.19,3.65,5.22,Forward
45.51,21.41,11.42,29.03,18.02,26.43,4.86,1.91,-27.11,8.66,11.65,70.86,65.69,2.09,2.79,-0.33,0.19,34.99,Forward
35.92,9.52,25.39,20.02,2.82,13.56,3.86,-13.27,0.98,48.02,8.08,111.5,32.28,11.5,1.67,4.93,-3.58,-9.82,Descend
29.19,38.71,30.38,27.2,26.74,15.23,1.44,22.19,-16.5,89.47,13.97,41.53,93.54,16.64,7.37,3.7,-0.25,22.6,Forward
39.93,23.82,0.69,5.77,18.68,6.49,1.1,26.23,-6.98,69.97,0.92,91.4,11.56,22.58,7.57,-4.83,-1.86,16.29,Hover
43.25,17.69,39.05,14.76,9.83,33.46,2.24,20.95,-0.38,-73.96,5.46,90.86,17.4,19.1,6.57,4.7,-0.42,29.64,Forward
22.95,18.18,41.03,27.31,1.85,20.51,4.97,-6.09,-3.0,13.47,6.08,111.49,23.83,1.98,9.22,-0.31,3.48,19.09,Descend
23.86,42.64,48.28,10.02,19.15,22.41,2.07,29.4,14.89,51.57,1.89,103.17,72.47,4.15,3.02,-3.21,-0.91,18.39,Descend
19.43,27.78,9.2,29.05,11.52,35.37,1.0,14.1,24.71,30.94,8.75,90.11,66.06,1.12,8.3,4.15,2.99,29.07,Forward
48.34,35.95,29.81,3.36,27.27,0.93,4.72,-8.66,-11.98,-14.95,0.6,76.75,95.02,2.98,2.27,4.25,-2.67,20.25,Forward
34.92,44.87,21.45,27.13,1.53,2.96,1.94,-24.38,-28.53,-31.96,10.69,29.7,41.41,12.01,1.14,3.47,0.94,44.24,Ascend
4.34,45.11,16.87,13.63,1.65,6.71,3.46,10.02,23.64,22.86,0.56,80.81,41.29,5.49,0.5,1.21,-0.74,28.39,Ascend
43.18,16.56,28.37,2.68,28.5,1.49,3.94,13.71,28.73,-15.77,13.1,33.9,70.26,16.2,6.02,-2.63,4.73,34.38,Forward
24.13,47.63,39.16,26.45,28.96,26.43,4.22,-22.65,-4.0,-19.44,0.98,53.36,25.67,0.81,7.9,-2.59,-4.99,13.24,Forward
3.62,1.44,1.35,7.93,1.32,25.47,4.11,2.98,-2.65,60.61,6.85,85.45,51.76,21.43,8.32,4.66,-1.36,42.69,Ascend
27.58,18.97,48.48,1.16,21.62,8.67,4.18,29.23,-21.35,-33.18,2.33,81.31,11.39,16.94,4.97,-2.21,3.13,14.66,Hover
20.97,44.81,40.53,4.51,7.03,6.23,3.34,-10.43,-1.47,26.09,2.0,48.74,63.28,24.23,1.06,-0.78,-1.08,9.04,Hover
43.91,13.88,37.61,19.94,21.19,6.08,2.03,-11.89,-11.8,67.22,10.82,22.74,80.56,23.82,0.84,2.53,-2.82,41.66,Hover
10.36,13.8,38.07,29.35,26.13,38.14,3.34,24.2,29.66,21.92,11.61,58.61,28.34,17.32,9.21,3.23,3.53,10.74,Forward
41.36,15.27,19.58,3.79,3.47,27.83,4.19,-22.96,-18.91,-1.3,11.09,33.13,37.65,3.95,1.38,-0.89,0.92,10.11,Forward
27.97,30.69,37.63,14.13,7.54,23.54,1.76,26.01,-7.28,-83.65,6.06,31.4,21.87,5.55,7.95,-1.04,0.57,20.6,Forward
2.92,22.03,19.46,5.83,1.21,13.1,1.49,16.77,6.99,32.68,14.86,39.89,65.41,6.94,1.16,-1.43,-0.99,36.72,Turn_Left
48.6,36.39,44.96,22.48,1.79,17.49,1.73,-6.55,-9.29,89.55,5.1,85.04,60.76,10.67,2.24,-1.12,-3.42,8.16,Ascend
25.73,44.77,9.03,3.98,1.37,3.85,2.76,-24.99,-1.53,55.52,3.68,60.18,84.38,14.27,2.05,2.58,0.76,35.62,Ascend
14.69,33.78,14.76,7.58,24.12,39.93,0.27,-28.85,28.41,24.2,14.95,45.41,97.33,17.06,3.13,-4.38,0.05,-1.04,Forward
23.58,10.38,27.66,6.29,9.3,30.28,3.9,-7.45,0.48,-5.55,14.66,108.17,98.53,1.89,4.35,3.0,-0.98,-0.51,Descend
42.92,46.65,16.1,16.8,15.05,24.97,0.7,12.32,24.62,-49.62,8.88,85.11,19.65,15.26,1.68,-2.85,-4.23,14.8,Forward
15.38,13.37,21.33,26.26,23.74,23.63,0.67,-0.75,-27.42,34.58,3.14,59.86,59.78,1.48,9.75,-3.39,1.51,4.48,Forward
9.8,7.66,24.72,15.58,15.1,20.32,1.0,14.32,-22.81,-58.09,3.58,51.13,81.07,20.68,0.52,-3.79,1.32,16.64,Hover
6.63,4.68,42.85,2.22,13.16,10.52,2.89,10.23,26.67,69.67,7.81,98.45,69.31,1.01,7.84,-2.64,0.59,-9.31,Slow_Forward
15.03,28.26,26.25,17.12,0.84,9.29,1.43,4.37,-22.28,-26.28,11.64,21.58,90.73,9.75,5.5,3.34,-3.69,5.22,Ascend
39.05,5.87,18.25,24.03,17.26,22.12,1.85,28.05,14.19,-18.04,1.16,80.03,49.75,10.5,1.31,0.38,-1.97,42.11,Forward
23.69,7.11,12.54,4.4,4.18,3.09,4.66,13.7,-3.24,-51.11,10.32,3.5,48.44,14.26,1.64,-2.31,-0.3,38.36,Ascend
11.53,15.14,20.55,2.64,23.06,3.26,4.24,24.88,-5.6,-3.3,1.55,1.83,12.35,2.39,6.1,-3.14,2.34,-8.42,Forward
8.48,14.23,25.88,6.04,8.1,22.56,4.26,-15.47,9.55,32.48,12.66,111.88,11.41,23.33,3.49,2.7,-2.77,34.24,Hover
16.77,30.29,37.36,22.51,20.39,36.82,2.89,12.82,13.66,-35.5,7.98,62.16,72.34,9.58,4.78,0.05,3.01,14.41,Forward
47.01,40.87,6.23,17.95,19.56,36.6,4.33,5.87,25.92,36.33,14.85,38.5,52.43,9.9,5.72,-3.8,-1.81,34.93,Forward
17.28,38.12,11.24,16.45,18.69,0.73,3.9,25.46,-14.59,21.7,11.29,95.57,69.42,6.08,5.95,-1.25,1.66,5.41,Forward
49.41,13.27,19.11,7.86,8.38,4.56,4.77,0.63,11.88,-22.97,7.46,118.19,31.44,19.52,6.03,-0.55,4.37,20.26,Descend
24.36,12.42,18.15,10.3,8.38,23.45,0.33,-13.22,-9.46,-33.7,2.12,5.1,87.68,0.19,1.17,-1.46,2.14,44.24,Forward
9.12,48.3,19.71,28.99,25.96,33.98,0.15,-6.91,13.06,65.04,8.14,5.52,91.26,2.66,7.53,-2.35,-4.31,7.98,Slow_Forward
44.58,0.61,39.72,7.6,0.88,38.19,0.88,-16.87,-21.47,-87.85,1.72,102.72,69.61,11.77,3.29,-1.71,-1.24,38.66,Ascend
23.13,44.01,16.34,27.1,5.85,34.47,4.65,-16.8,-2.55,38.86,13.58,67.25,35.0,24.21,1.59,2.39,0.78,38.25,Hover
35.54,10.15,25.19,17.63,18.5,27.2,3.03,-1.77,-18.98,-14.89,3.45,106.05,29.45,0.89,1.47,4.53,1.73,-1.53,Descend
49.19,47.37,31.27,4.14,24.6,8.26,2.14,23.55,-9.81,39.18,12.98,83.66,66.29,1.55,2.75,-4.74,-1.55,3.4,Forward
2.7,17.25,11.76,14.29,11.07,3.18,2.57,-18.49,12.94,1.35,4.56,57.0,94.67,17.87,6.47,1.27,-0.71,-2.96,Turn_Left
5.02,22.13,35.99,28.48,19.78,2.19,4.15,-12.73,-16.0,-74.91,3.33,20.2,62.03,18.39,4.98,-4.27,-1.24,5.84,Slow_Forward
36.08,35.41,27.45,12.85,16.94,24.6,4.65,21.18,11.09,86.77,4.56,47.39,85.54,22.42,1.52,-2.98,1.98,18.81,Hover
14.23,29.47,22.45,25.97,2.4,1.74,3.65,-9.64,-0.24,-74.51,10.61,94.67,60.89,14.42,0.81,0.44,4.14,41.04,Forward
9.38,16.03,40.53,8.06,18.84,29.65,3.8,27.74,-24.48,-61.48,7.88,28.84,70.71,10.09,0.73,2.94,2.78,11.81,Slow_Forward
2.16,27.78,12.33,17.34,24.51,28.59,1.61,-13.86,-6.8,-14.34,1.61,85.77,61.1,11.28,4.5,-0.64,-2.37,44.33,Turn_Left
1.29,36.59,44.18,25.39,29.78,3.46,2.34,-3.47,22.15,80.03,2.06,30.43,61.78,10.79,7.99,3.79,0.4,11.96,Turn_Right
38.77,2.31,28.14,27.66,1.37,36.29,4.43,-24.26,29.36,-37.25,5.68,56.16,76.53,24.34,5.95,2.16,-0.22,22.4,Ascend
6.89,0.76,30.54,14.83,19.97,21.02,3.93,29.53,-7.86,12.36,5.08,11.17,45.66,9.5,8.19,-3.06,-4.84,43.06,Slow_Forward
23.49,23.01,43.78,19.37,12.73,36.21,3.42,23.41,-26.71,3.86,12.78,55.14,91.36,2.4,3.53,1.86,4.38,23.09,Forward
30.37,6.77,40.92,0.59,0.79,36.09,0.34,19.05,-22.19,-30.57,8.58,73.91,87.71,7.24,1.83,-1.82,-0.34,11.28,Ascend
21.53,33.28,30.16,7.97,18.62,8.12,0.21,-20.56,17.29,35.34,2.8,68.03,75.28,24.0,8.13,2.67,4.43,18.9,Hover
1.55,10.86,37.71,8.72,4.11,15.41,0.66,28.16,9.35,0.26,0.43,49.37,76.91,10.71,7.41,-2.69,1.64,19.91,Turn_Right
39.22,21.76,21.78,3.26,11.67,5.64,2.91,25.75,-12.9,14.09,1.54,44.99,47.19,7.9,6.1,-3.56,2.08,-4.22,Ascend
0.72,10.04,27.46,8.75,8.21,31.07,2.69,-3.86,-6.52,-52.17,10.51,33.77,84.93,7.77,8.93,1.38,-0.73,12.26,Turn_Right
38.14,27.51,3.29,9.97,11.15,20.31,4.71,10.9,18.67,76.78,12.71,92.29,93.93,0.23,6.49,1.17,3.58,18.95,Forward
44.69,5.98,4.67,29.08,15.03,37.17,3.48,29.55,-5.21,-70.1,11.74,94.13,81.56,15.83,5.5,0.74,-3.15,32.86,Forward
21.76,1.35,41.51,20.22,11.1,8.57,1.48,-5.42,15.35,34.25,11.85,58.48,21.97,18.11,5.27,-2.57,4.59,-9.67,Forward
26.87,2.75,3.17,13.07,16.81,27.63,0.82,-23.22,-12.29,69.46,3.91,46.52,80.8,8.82,6.37,-2.94,1.16,34.76,Forward
23.95,47.72,8.64,29.65,7.54,39.57,4.25,22.07,13.49,-74.88,14.84,76.85,51.81,21.82,5.41,4.12,-1.68,4.86,Hover
19.58,7.29,39.83,5.02,19.24,26.72,2.3,-1.41,-2.02,-84.82,1.3,67.37,64.78,18.57,3.09,0.33,2.39,29.35,Forward
44.39,35.48,0.26,14.54,25.69,3.03,3.27,29.22,2.72,-30.03,12.32,80.4,99.2,15.02,9.56,-0.93,2.45,32.48,Forward
44.72,3.58,14.26,19.59,7.11,23.66,2.83,3.05,5.92,52.19,1.45,37.42,42.34,17.6,9.6,3.19,2.75,37.28,Forward
16.92,5.59,29.29,2.14,15.48,7.44,0.55,-28.23,-2.97,39.13,4.01,94.81,41.37,19.24,2.09,-4.49,-2.07,42.35,Forward
30.83,25.54,29.85,21.65,19.64,1.51,0.29,-0.5,-2.03,57.99,7.43,38.69,33.68,13.18,5.54,1.76,-4.74,39.5,Forward
46.36,23.35,38.9,3.45,17.16,13.6,1.89,13.08,-14.06,-18.45,0.8,50.83,21.44,9.95,8.0,-3.53,3.89,24.83,Forward
48.11,47.59,25.4,4.64,11.29,10.86,1.81,-28.44,29.15,88.88,5.91,16.76,25.14,3.14,1.02,-2.74,2.98,29.9,Forward
25.55,47.25,25.57,5.21,19.44,31.61,3.37,-5.19,24.35,-24.1,5.25,102.79,56.28,10.12,1.67,1.39,-0.98,28.62,Descend
22.75,39.02,36.32,27.9,1.33,15.14,3.16,-20.67,1.64,54.97,9.71,77.67,91.88,13.75,5.68,-2.2,-3.34,18.48,Ascend
14.08,30.18,25.03,20.66,11.41,29.4,4.85,8.59,-27.92,-26.85,10.77,29.0,82.89,23.7,0.77,2.78,-0.31,32.27,Hover
47.95,22.86,30.5,19.84,16.21,0.94,4.29,27.44,-19.89,-50.68,1.36,102.35,26.42,3.87,8.41,0.19,-1.94,14.91,Descend
7.31,17.94,44.91,16.89,1.11,0.89,2.49,7.48,21.24,-29.4,0.57,84.87,60.55,18.92,8.8,-1.77,-3.06,35.1,Ascend
29.08,47.36,20.19,9.14,15.48,1.46,2.51,11.69,25.85,-55.32,11.64,53.62,86.22,6.02,7.49,3.65,-0.14,30.91,Slow_Forward
14.27,30.22,19.38,18.82,19.8,9.01,3.37,-6.21,-20.32,-66.76,7.92,118.79,58.55,23.93,8.31,1.29,3.3,16.94,Descend
14.09,29.04,0.38,12.6,22.9,15.15,0.58,3.79,14.07,-24.49,8.02,41.13,92.03,14.87,6.88,-0.79,0.82,18.28,Forward
20.37,11.75,30.75,4.79,3.84,24.43,5.0,2.63,7.38,-63.58,14.71,12.85,91.71,10.82,1.85,-0.47,-0.13,25.26,Forward
49.94,2.53,1.68,20.84,29.72,39.44,2.6,15.58,-11.8,0.42,6.57,88.28,41.34,8.67,0.78,-2.31,4.94,8.32,Forward
2.94,47.27,25.31,4.32,18.38,14.37,4.55,21.41,-3.83,-83.63,2.94,91.09,88.65,5.05,8.56,-3.92,2.6,20.58,Turn_Left
29.01,15.82,40.25,6.12,11.21,2.51,4.84,9.77,10.64,-12.36,10.21,8.02,62.66,17.86,7.22,-1.97,-3.68,39.5,Forward
4.31,22.24,27.59,24.62,7.85,8.04,2.91,28.79,-23.92,82.44,12.24,98.51,53.19,15.9,4.29,-2.36,-0.83,7.11,Ascend
7.9,5.91,13.63,19.97,17.4,35.94,0.53,19.7,-18.66,-25.41,7.54,93.34,79.68,22.25,8.07,-1.64,-0.35,27.92,Hover
22.09,41.88,39.35,19.11,26.51,28.07,2.87,-22.52,-28.0,-65.22,10.38,111.62,81.07,14.93,1.01,-0.31,1.11,-7.81,Descend
25.62,1.58,13.63,12.84,15.86,31.67,2.99,0.45,24.13,-35.06,7.71,15.11,70.79,4.25,3.53,-4.37,1.82,-2.95,Forward
13.09,41.73,36.7,12.19,20.01,5.23,3.95,24.19,4.43,52.43,6.11,72.5,82.98,17.07,3.75,-3.94,-1.74,38.68,Forward
15.96,7.19,30.59,20.86,11.05,5.66,0.25,26.64,1.41,-33.54,0.51,27.11,95.63,21.97,1.5,2.29,-1.33,39.68,Hover
4.53,44.35,8.67,22.33,11.95,4.76,2.34,-7.19,12.37,-20.97,2.61,48.53,88.58,24.76,7.55,-3.17,-3.97,21.28,Ascend
15.3,36.54,45.28,15.55,8.94,34.33,4.61,13.54,29.3,51.98,7.2,32.55,16.68,17.13,7.89,-1.61,-4.11,22.83,Forward
48.33,8.4,10.19,29.09,21.32,8.64,4.96,-5.37,-19.67,-43.1,5.95,54.47,86.5,7.24,6.04,1.37,2.58,12.53,Forward
47.25,28.38,49.48,28.69,11.1,25.83,0.96,-22.58,-22.01,-3.91,12.64,14.43,80.34,14.13,4.47,4.77,4.26,22.82,Forward
16.88,15.77,0.56,12.67,6.13,20.79,4.35,23.08,-12.31,-78.63,1.63,37.12,93.41,12.87,6.27,-3.67,-3.03,38.16,Forward
28.63,9.08,13.32,24.71,11.4,21.91,0.74,25.92,24.24,-58.67,0.75,9.44,76.56,12.8,9.03,2.57,4.23,-1.5,Forward
45.5,42.99,10.15,16.53,25.69,8.06,4.21,0.29,-5.31,-52.3,1.31,59.53,89.01,1.97,3.9,-0.09,-1.56,17.53,Forward
0.51,20.3,0.9,15.6,22.28,25.52,1.39,-28.9,17.61,-6.56,10.17,36.31,10.92,4.86,3.68,-4.06,3.81,38.19,Turn_Left
40.57,20.05,36.67,2.12,10.37,2.01,4.8,18.96,-17.82,57.78,8.92,71.25,98.0,13.1,6.42,-3.31,-4.74,-6.1,Forward
47.43,8.66,34.73,17.43,27.25,39.74,3.48,-1.38,-0.38,-26.19,9.48,55.32,27.18,19.95,6.99,1.94,-4.09,1.07,Forward
4.75,19.28,39.66,27.07,2.71,1.36,2.0,-25.5,-22.35,-21.51,2.35,30.02,87.78,4.54,4.85,3.79,-0.65,18.21,Ascend
8.24,43.61,12.98,23.51,1.97,2.29,1.41,-18.64,-5.23,-35.82,7.75,13.25,93.66,4.11,8.67,-4.88,3.48,23.96,Ascend
48.05,18.28,22.33,23.7,4.26,13.19,1.18,-20.87,-14.26,-32.31,11.52,90.64,10.2,19.0,3.85,-2.77,-0.51,28.89,Hover
26.97,47.59,33.02,5.22,3.94,33.32,3.41,11.18,2.97,-17.37,10.26,76.34,92.23,17.26,6.59,-1.42,3.39,0.17,Forward
0.91,47.33,22.1,11.07,3.09,10.51,4.48,-12.04,16.82,71.89,6.58,4.92,84.63,12.13,6.84,4.89,-1.59,22.88,Turn_Left
13.03,7.42,34.93,7.38,20.01,19.04,3.78,-22.34,26.3,-85.61,1.55,118.73,93.02,1.26,3.3,1.52,-3.68,8.89,Descend
22.61,9.03,31.77,9.82,18.22,1.01,4.18,25.06,-12.97,22.43,13.06,77.46,25.92,11.82,0.68,-1.39,4.25,7.4,Forward
34.71,43.16,5.91,17.6,19.6,3.43,3.91,27.39,14.59,69.78,7.89,25.65,79.97,20.87,8.35,-2.98,-4.23,-6.54,Hover
36.71,19.76,39.1,11.26,20.81,24.44,4.9,-21.69,23.14,-14.95,13.34,101.02,53.87,0.27,5.08,-2.73,2.07,-3.18,Descend
49.77,0.42,36.09,17.04,22.83,8.02,3.79,-16.19,-22.51,27.16,6.58,105.97,33.19,2.57,1.41,-4.51,3.83,33.94,Ascend
14.52,13.84,32.86,13.44,6.61,27.86,1.06,5.53,5.16,15.43,3.56,69.27,78.06,20.23,9.6,4.95,-3.8,15.12,Hover
27.0,29.96,7.92,8.96,18.86,31.48,3.96,-20.97,6.71,-29.05,4.61,106.38,52.59,13.13,3.32,4.82,0.19,31.2,Descend
26.76,40.0,13.55,3.31,17.61,34.06,1.62,-20.48,-13.66,-65.26,6.27,4.47,90.99,16.56,5.01,-4.89,-4.47,34.97,Forward
20.4,6.84,19.78,26.81,28.34,5.61,4.98,-9.81,-28.65,-50.47,9.21,113.47,73.97,18.63,5.1,-2.29,-0.41,33.64,Turn_Left
8.62,5.7,14.14,0.84,7.35,18.38,1.89,26.95,-14.6,-79.66,11.53,7.81,22.52,7.51,4.02,-4.8,2.87,43.97,Slow_Forward
48.88,46.12,11.54,0.55,2.23,37.9,1.47,27.75,5.08,47.65,3.64,77.44,32.57,7.45,1.94,-1.98,-1.96,4.26,Forward
42.7,37.61,40.31,24.89,19.78,30.95,1.2,20.51,-18.21,5.91,2.82,42.16,33.81,6.6,7.19,4.01,-2.67,-6.0,Forward
25.02,29.57,31.98,29.91,22.34,4.94,3.3,11.74,-12.76,51.41,3.04,5.68,40.96,4.18,2.36,3.75,-2.48,18.75,Forward
30.24,38.51,28.36,21.95,8.85,20.25,0.56,13.24,12.48,-37.76,14.02,111.59,69.98,7.62,6.98,1.85,2.91,42.98,Slow_Forward
11.52,21.56,11.45,0.95,17.34,36.92,4.77,-1.83,-6.1,54.84,2.46,17.11,90.49,23.82,8.12,4.87,4.74,1.12,Hover
27.28,37.97,45.92,7.19,2.26,17.77,1.48,1.81,-26.07,-34.34,5.19,102.6,63.43,2.15,0.72,2.46,-2.72,19.91,Descend
34.81,18.72,9.72,29.17,28.82,33.55,1.48,8.07,-6.05,-68.16,7.29,40.31,77.66,6.02,7.45,-2.59,-4.31,12.53,Forward
25.86,12.36,39.79,24.35,3.74,19.98,0.24,13.88,29.99,6.09,8.34,89.2,38.51,7.95,6.56,3.35,-3.74,24.3,Ascend
49.52,36.5,48.34,17.22,2.49,4.54,1.24,-24.19,-14.34,80.15,12.87,31.25,57.02,3.85,2.36,0.08,1.28,13.99,Forward
30.64,21.1,36.41,7.49,1.8,6.17,2.1,-16.51,-14.08,-15.41,1.69,70.43,55.37,1.94,6.39,0.04,1.76,44.37,Ascend
18.67,49.07,49.64,0.92,13.1,2.15,1.85,27.78,-19.81,2.77,1.62,96.15,73.1,4.05,4.5,3.33,-0.51,32.86,Forward
38.65,17.6,32.62,1.12,3.37,8.05,1.37,-9.89,-13.7,-8.77,4.75,68.38,56.62,13.19,1.3,0.34,-4.21,32.51,Forward
8.69,46.1,11.03,18.55,22.47,35.78,0.21,-13.89,4.49,-7.66,6.2,37.48,40.08,14.92,5.48,-1.73,4.28,10.18,Slow_Forward
19.35,46.66,10.35,1.14,27.02,26.11,1.51,-4.69,27.88,-51.42,5.61,28.78,31.95,5.38,9.75,4.29,4.3,32.09,Forward
17.48,12.24,16.36,29.81,8.18,29.63,3.89,-12.54,6.46,-13.95,5.88,21.8,32.92,12.6,6.66,-4.26,-1.06,18.7,Forward
21.7,39.95,0.56,5.91,19.05,24.98,2.2,-24.53,-5.41,-0.56,12.77,100.82,98.28,0.16,3.64,1.58,3.21,37.15,Descend
39.13,21.77,34.15,21.47,1.75,15.65,1.46,-17.52,-6.62,44.07,12.55,73.7,42.17,15.05,5.85,2.85,3.99,33.02,Ascend
24.31,45.89,13.58,5.07,11.9,8.91,1.53,8.41,-28.55,-64.83,12.08,61.53,82.59,0.03,7.51,-4.49,0.08,26.86,Forward
39.74,22.62,40.8,16.43,9.14,37.05,2.78,-16.61,-29.85,12.89,11.33,30.7,16.42,16.07,1.98,-2.66,1.01,3.26,Forward
28.91,37.27,18.09,2.88,7.24,20.74,1.52,8.86,17.83,29.19,0.61,52.62,18.07,12.08,5.52,-2.77,2.33,21.55,Forward
17.24,23.45,24.1,23.12,19.52,19.4,3.16,-24.0,-0.59,-21.1,2.24,74.79,71.75,2.73,5.32,3.89,3.91,39.12,Forward
40.54,11.54,48.29,17.76,4.34,39.85,4.95,-27.49,-28.01,8.85,10.98,9.55,51.15,2.21,4.08,1.5,-4.11,24.32,Forward
12.07,10.13,12.26,3.04,25.89,15.54,0.22,21.69,-12.84,37.93,8.92,43.93,89.24,0.17,7.6,-2.83,-4.47,35.75,Forward
11.37,21.39,36.12,25.53,20.11,34.21,0.85,15.6,-8.6,-6.28,10.11,29.5,87.6,13.79,5.87,4.1,1.75,19.35,Forward
25.32,37.82,37.8,16.64,21.47,34.54,0.9,9.96,17.0,-30.0,10.75,77.94,78.01,20.16,7.14,-2.56,-4.52,36.36,Hover
13.19,30.33,11.21,27.69,28.09,9.54,2.24,-28.15,-3.94,58.45,13.67,73.15,83.38,21.41,6.16,1.62,-3.96,22.1,Hover
0.65,34.49,25.15,27.54,28.3,4.07,0.22,-15.64,17.36,87.99,9.53,36.63,88.35,14.23,7.92,-0.48,-0.78,36.82,Turn_Left
32.49,14.26,17.64,27.65,16.77,39.03,2.39,18.74,8.02,-51.01,4.13,5.95,80.52,22.18,6.52,-4.02,-3.18,16.01,Hover
25.65,24.18,38.64,2.79,15.11,17.21,4.65,-21.32,-28.01,70.09,1.25,22.75,57.42,21.55,6.94,2.53,3.99,26.66,Hover
22.39,2.41,31.2,4.07,10.39,0.39,0.07,18.77,28.12,8.18,6.48,20.05,33.83,17.46,2.64,-1.72,-1.68,-6.85,Forward
48.36,40.91,23.9,29.64,21.61,20.11,1.83,5.05,-19.11,-9.37,10.65,68.64,80.86,9.08,8.54,-1.4,0.78,14.08,Turn_Left
28.65,49.5,39.01,14.88,16.38,24.89,3.81,14.42,-13.46,70.77,4.23,21.15,38.59,20.68,1.98,-2.85,-4.9,-2.33,Hover
43.2,20.46,11.91,7.53,28.02,31.11,0.78,8.67,18.56,73.86,1.8,58.4,32.03,9.79,3.73,3.04,0.13,2.66,Forward
7.14,0.75,37.73,23.21,7.54,37.73,0.4,-4.98,-18.61,-40.92,14.98,74.13,25.45,10.08,8.95,-3.4,3.1,19.77,Slow_Forward
28.55,8.66,43.3,8.3,9.65,36.63,3.16,-12.48,-5.93,-25.49,6.28,105.67,66.45,16.95,1.53,-2.82,4.68,19.74,Descend
43.43,32.7,43.96,21.95,9.82,37.62,0.06,10.36,21.9,63.35,3.24,30.16,31.82,23.2,8.73,-0.93,1.79,33.97,Hover
29.24,30.68,39.23,25.2,24.28,1.58,4.01,18.41,8.24,-1.65,2.47,23.12,43.73,12.5,5.02,-3.51,-2.97,16.13,Forward
35.96,39.44,20.52,23.64,3.42,28.56,0.34,-27.32,-11.88,-38.15,12.94,21.62,73.82,4.43,2.24,-3.87,-1.37,41.94,Hover
18.73,12.84,49.09,8.58,13.94,9.27,2.63,-7.21,8.64,83.19,12.29,43.89,81.44,3.56,7.5,0.22,-3.43,8.42,Forward
4.8,38.23,19.1,12.35,13.11,7.75,3.7,-8.96,18.76,-50.93,9.2,78.25,38.33,7.56,3.2,4.54,-1.62,15.25,Ascend
23.0,34.46,32.0,12.69,2.66,32.07,1.22,3.57,-5.77,19.86,8.21,80.95,85.85,11.44,6.94,3.02,0.61,32.37,Forward
19.85,16.28,8.22,14.99,12.62,16.86,0.53,-23.16,4.3,-12.98,14.27,26.1,15.22,7.44,8.01,-3.23,-0.13,26.14,Forward
43.38,27.37,49.03,5.44,15.64,36.69,0.89,26.01,29.28,-8.77,3.42,16.62,98.73,17.8,5.91,0.88,3.74,-0.83,Forward
12.35,7.53,35.26,13.85,2.42,1.98,4.27,2.91,27.87,-70.92,6.23,54.39,47.52,13.57,7.97,2.94,-2.96,18.54,Forward
48.34,22.74,37.72,15.57,15.54,32.15,3.53,25.43,0.54,-43.72,0.37,17.8,39.24,10.17,9.38,-3.55,-0.66,-5.83,Forward
47.92,44.08,3.48,16.19,28.8,5.73,1.0,19.02,-24.23,-59.94,6.28,97.74,93.13,5.34,5.73,-4.18,1.32,-1.79,Forward
12.53,21.18,38.22,24.69,29.38,7.31,3.58,-18.5,12.04,44.93,5.76,10.98,21.92,15.14,1.95,3.91,4.81,-4.25,Turn_Right
17.53,42.01,38.78,15.76,16.18,19.25,3.55,-22.06,-13.88,35.59,14.24,90.5,42.2,16.85,7.24,-2.55,-2.86,-4.77,Forward
44.8,29.59,33.65,7.31,15.7,16.0,4.99,21.68,10.17,52.94,5.37,6.08,42.3,19.6,4.4,-0.02,3.33,-1.95,Forward
48.34,9.76,14.74,20.06,8.92,19.6,1.96,2.17,-8.89,35.87,12.52,97.03,48.19,24.77,5.55,-2.91,1.18,38.97,Hover
22.28,29.14,24.59,24.02,29.91,37.62,4.33,-28.82,13.13,-66.83,11.5,75.63,86.35,5.78,6.45,-4.52,-3.66,27.84,Forward
16.19,25.4,5.7,9.92,8.59,26.4,2.24,26.05,-7.96,86.15,2.21,39.36,86.44,0.38,7.32,0.13,2.84,27.15,Forward
26.4,20.05,23.69,19.54,13.86,11.83,4.49,-1.62,26.47,-56.07,14.44,49.26,63.25,12.51,6.58,-0.65,-3.25,39.27,Forward
34.45,6.16,12.34,4.83,0.59,7.16,0.47,-11.94,-21.8,-26.92,9.46,81.16,99.26,23.1,2.71,2.26,2.0,28.38,Ascend
13.82,20.95,17.59,10.59,10.8,16.98,0.88,1.0,-25.9,37.24,8.95,23.09,85.97,6.22,7.61,3.57,-2.59,23.49,Forward
36.88,3.82,8.3,27.32,2.61,18.23,4.25,19.38,16.87,-64.72,0.18,106.95,71.3,18.9,8.17,-3.58,-0.32,30.99,Descend
2.77,5.12,11.66,27.38,22.44,24.17,4.1,-23.38,-5.92,-59.31,10.49,58.46,27.95,7.99,0.86,-3.28,2.83,28.38,Turn_Right
2.65,20.91,4.01,17.47,17.05,10.86,1.53,-8.46,-2.07,67.78,0.83,91.46,59.48,9.78,3.43,4.5,1.34,23.05,Turn_Left
19.44,15.41,46.01,21.22,17.38,30.77,2.99,-10.87,26.03,-30.24,2.78,61.3,29.25,23.69,9.79,-0.82,2.4,-4.08,Hover
17.8,46.29,26.61,25.69,8.95,4.21,1.92,20.38,5.4,29.81,1.48,54.82,37.15,11.53,2.19,4.53,3.03,-6.14,Forward
15.92,18.91,19.96,28.78,24.54,22.55,0.06,16.71,9.61,64.57,5.67,56.88,71.73,18.13,2.24,-1.62,-4.65,-0.93,Forward
24.65,37.94,26.84,14.95,0.6,25.05,0.14,-5.99,-28.83,85.18,11.94,44.21,26.6,13.75,6.12,-1.52,-0.19,24.17,Ascend
16.17,26.61,31.49,17.07,10.34,8.51,0.28,9.87,10.23,-52.15,10.61,88.2,18.18,19.1,3.71,2.07,4.86,18.71,Forward
9.77,35.26,46.11,12.76,19.96,33.09,2.97,-6.33,-6.7,-67.87,1.6,101.69,57.84,7.93,6.74,-4.03,2.95,20.06,Slow_Forward
15.61,13.15,9.1,2.62,27.28,24.73,1.4,4.28,-2.39,43.33,11.98,102.67,10.09,21.92,3.0,-0.87,-1.34,11.21,Descend
48.75,47.11,14.92,12.97,7.42,25.94,0.73,29.47,18.48,-56.12,6.91,15.42,64.8,13.72,4.55,-1.2,-2.15,35.26,Forward
20.67,26.6,48.79,23.82,16.46,20.06,4.71,2.13,1.43,14.43,0.49,91.6,91.12,7.73,9.99,-4.65,2.05,30.82,Forward
22.35,41.6,18.69,24.24,16.37,36.41,0.62,29.31,29.21,5.88,3.36,24.79,27.12,0.95,4.05,-1.87,-3.63,-7.17,Forward
28.91,18.38,1.32,26.83,26.29,27.85,3.37,14.83,17.81,10.79,11.78,2.45,44.45,0.33,1.32,-1.01,3.83,1.02,Forward
49.17,5.19,7.55,2.02,1.99,15.46,4.47,-22.76,13.72,26.96,11.0,33.78,92.47,8.83,7.55,-4.42,-4.18,20.02,Ascend
12.23,33.75,1.51,16.05,13.02,9.77,0.83,17.76,5.32,63.16,2.83,35.85,73.35,5.39,6.09,-4.8,0.59,0.52,Forward
34.13,0.59,49.5,3.67,5.88,3.12,1.08,-20.32,-5.26,-41.07,0.57,97.36,22.18,1.32,4.72,1.0,3.47,-2.24,Forward
35.86,23.87,14.09,6.42,1.14,6.86,2.87,1.94,-26.83,9.94,4.43,89.35,44.38,13.82,9.13,-2.94,2.2,-9.48,Ascend
30.44,9.8,46.19,27.06,4.84,39.71,2.55,6.79,-28.89,-29.4,11.92,11.08,78.04,24.72,1.89,-1.37,-0.14,44.06,Hover
4.61,31.44,49.8,15.16,29.31,16.45,2.61,23.53,-27.19,-32.63,14.08,39.79,69.83,10.56,5.15,-4.2,-2.71,2.72,Ascend
33.91,48.98,30.07,22.88,6.84,35.98,2.78,-17.37,27.53,-86.32,8.59,30.9,24.01,13.8,2.32,-3.99,1.0,13.23,Forward
3.39,23.33,1.85,2.4,28.08,7.07,4.75,22.56,-10.61,17.89,1.37,71.86,15.62,5.5,1.29,-3.46,4.66,24.48,Forward
29.89,40.91,4.26,12.8,6.56,17.19,0.28,26.07,12.04,85.05,7.53,65.44,71.35,5.12,4.7,-4.7,-4.05,3.54,Forward
37.03,25.49,24.18,20.39,27.97,38.43,3.8,-24.63,5.66,47.03,14.98,81.79,64.81,8.21,9.5,2.62,-4.68,34.77,Forward
10.71,24.89,20.43,4.44,19.81,3.92,1.17,23.12,4.3,-46.3,14.08,109.38,15.34,20.88,7.36,4.06,-0.8,22.59,Descend
42.11,46.54,30.39,10.11,3.84,23.88,1.87,-14.45,4.75,38.9,14.9,51.11,97.73,24.01,2.73,0.22,0.91,27.66,Hover
1.71,44.52,22.05,2.4,17.67,36.79,0.46,-25.14,-11.86,-36.49,10.49,79.05,32.72,18.49,4.89,3.16,-1.42,-1.55,Turn_Left
42.22,39.33,46.72,19.71,9.9,38.0,2.23,27.51,23.19,45.66,6.39,110.28,44.74,0.51,8.08,-3.64,2.18,29.74,Descend
23.12,14.95,26.83,29.14,11.8,33.89,4.02,-6.47,25.15,63.89,13.4,65.46,25.98,10.96,2.36,-0.51,0.23,-7.09,Forward
11.04,27.34,34.75,24.9,13.49,34.28,0.5,7.38,8.67,-29.82,13.43,37.69,84.57,10.52,2.44,-3.57,-1.53,7.65,Forward
6.86,11.35,44.84,29.25,12.97,26.19,1.39,3.17,21.84,-89.61,2.17,48.95,96.63,23.38,2.22,4.95,2.94,13.68,Hover
47.67,22.31,7.51,25.45,20.09,9.05,1.87,-17.21,-26.4,-35.1,11.63,90.8,29.2,18.64,6.27,-4.42,-4.01,-4.77,Slow_Forward
3.82,24.31,11.64,25.73,23.17,29.31,0.53,10.17,-23.98,-52.95,13.79,86.68,35.49,17.86,0.78,-0.56,-4.6,20.76,Ascend
10.11,41.62,5.54,17.53,10.21,39.14,3.81,-27.23,3.54,21.35,13.48,90.06,73.59,14.12,6.08,-3.88,-4.43,8.75,Forward
17.52,44.82,7.15,15.79,27.77,21.18,3.94,-17.81,20.79,-37.79,10.6,89.45,57.51,16.15,8.34,-4.31,3.14,-2.56,Forward
31.09,20.85,25.73,12.48,28.18,10.65,4.18,26.68,-11.07,-83.51,8.06,110.53,19.46,17.47,7.94,2.35,2.98,5.7,Descend
27.33,1.08,16.19,24.63,1.7,23.07,2.92,27.21,2.88,5.64,11.65,91.92,93.58,13.81,6.83,-4.2,3.31,21.91,Ascend
6.46,43.12,21.27,5.87,0.94,27.72,2.54,-1.04,-29.4,67.44,7.74,102.8,65.0,21.12,2.59,-4.76,-2.16,2.39,Ascend
14.63,8.88,49.13,2.16,13.04,8.57,1.32,-19.86,29.2,-8.76,4.82,69.27,37.11,0.92,8.26,4.5,-0.08,15.86,Forward
12.09,31.17,8.0,28.46,17.92,28.85,3.28,-4.7,16.02,-22.27,3.88,77.66,54.08,23.53,9.6,-3.15,-1.8,27.97,Hover
10.83,1.44,27.13,0.61,8.7,23.62,2.23,22.62,-8.31,-57.87,8.11,116.16,55.02,19.34,2.25,3.44,0.87,23.62,Descend
20.67,20.1,5.12,29.32,8.15,24.61,4.85,-25.78,28.98,-20.27,6.84,104.57,57.29,13.22,9.15,4.53,3.45,32.02,Descend
35.26,49.3,16.06,22.0,20.51,12.45,4.84,-22.33,-24.45,-30.43,7.87,93.51,54.76,21.51,8.6,2.52,-4.8,28.06,Hover
11.03,5.21,26.47,10.19,18.25,6.46,4.53,23.74,-2.15,89.09,3.91,82.58,60.56,20.7,9.8,-3.96,0.7,16.64,Hover
18.46,21.3,47.34,21.09,5.43,25.05,1.81,-5.08,-26.47,-84.52,8.86,43.66,45.4,10.48,3.53,-3.3,-2.99,18.58,Descend
19.67,15.5,19.68,24.63,26.59,23.57,1.85,-24.99,-9.9,-47.01,9.93,66.23,23.15,21.0,9.37,-3.21,3.7,4.56,Hover
48.83,45.27,3.43,7.74,20.56,13.72,4.26,-21.65,-16.84,-77.65,12.1,7.56,69.81,4.71,2.21,1.54,4.57,41.26,Forward
47.74,43.49,19.53,23.24,11.2,12.05,3.65,22.95,-11.01,64.34,8.85,50.52,81.32,11.73,2.16,-3.2,3.28,39.61,Forward
40.05,12.04,7.46,24.23,20.67,14.09,3.52,-0.59,26.84,-14.88,11.34,14.32,85.69,5.81,1.52,-4.7,-4.66,34.9,Forward
12.23,4.24,11.65,7.86,3.82,19.75,1.41,-20.22,-4.37,53.33,2.54,87.71,11.98,3.11,4.56,-0.41,-1.97,-1.8,Forward
3.59,31.43,30.98,1.74,14.31,39.0,4.17,23.64,-10.51,34.59,1.82,107.19,46.42,22.37,0.62,0.89,-2.7,32.48,Hover
15.98,16.95,3.56,6.52,5.49,30.61,2.9,20.72,8.45,77.05,2.69,21.72,98.06,9.17,4.12,-0.4,3.26,41.01,Forward
13.49,33.67,23.34,6.42,1.72,34.11,2.24,-28.62,11.0,-85.72,12.69,30.24,15.63,17.11,6.45,-0.11,-4.82,40.04,Ascend
25.4,1.8,30.55,2.42,10.48,20.37,4.33,4.86,29.03,-52.68,8.34,102.98,80.7,9.38,1.24,-0.43,4.23,39.78,Descend
38.93,6.84,21.21,21.92,4.95,21.19,1.98,-15.34,2.76,36.37,6.83,70.71,21.35,13.6,8.28,-2.35,0.87,27.07,Forward
42.94,34.38,1.15,11.71,19.19,8.41,3.27,1.99,15.15,15.34,11.43,71.01,84.22,8.7,3.28,4.56,2.44,3.76,Forward
42.27,10.78,49.28,26.59,20.39,28.93,2.33,-13.24,-7.07,35.04,1.86,67.98,70.5,18.57,0.94,3.38,-0.44,22.21,Forward
18.11,42.91,18.48,7.94,4.89,17.04,2.97,-11.05,-19.74,13.59,0.09,26.97,75.25,19.66,4.06,-1.77,2.07,5.61,Forward
34.42,3.12,38.97,13.87,1.23,29.78,0.21,6.11,-4.21,14.58,4.66,29.95,97.96,10.76,1.82,-4.6,-1.66,34.04,Ascend
15.78,10.93,16.42,19.35,23.89,16.54,2.31,2.33,-4.87,77.86,3.73,114.01,94.55,21.49,8.06,3.58,1.6,-0.53,Descend
3.23,49.93,23.86,26.39,0.56,4.61,2.79,-6.29,-4.76,75.83,4.61,87.09,37.39,8.88,3.67,2.42,-0.69,1.9,Ascend
35.14,21.77,19.55,15.98,10.65,7.17,2.47,-23.55,11.73,-83.16,14.6,11.76,43.77,19.06,1.61,-4.19,4.32,4.58,Forward
0.69,35.21,17.26,11.52,15.09,32.52,4.24,28.17,-5.64,-15.54,8.52,27.53,46.65,16.25,4.81,1.98,4.3,22.69,Turn_Left
20.58,9.3,1.29,26.08,24.65,10.57,1.56,-19.52,27.25,1.9,8.84,75.63,26.25,11.4,4.79,-0.47,0.7,22.34,Turn_Right
16.6,30.57,18.13,9.65,25.24,10.79,4.42,7.99,28.96,-25.58,9.84,34.73,44.3,22.22,3.12,-3.7,2.73,20.21,Hover
34.73,36.36,44.5,2.84,21.89,37.2,2.02,-25.04,1.4,-81.08,5.97,30.96,98.11,14.31,3.61,2.25,2.42,-2.01,Forward
38.36,15.86,34.58,13.63,7.79,26.41,3.48,11.3,3.51,-4.99,14.68,25.08,54.06,21.0,7.8,-1.44,2.06,15.49,Hover
15.34,41.48,7.44,23.66,21.75,4.84,0.44,-24.31,-5.54,85.63,14.6,23.1,95.73,18.33,6.57,4.1,4.74,41.07,Forward
40.62,30.25,29.64,1.41,7.77,6.0,1.01,-16.23,-8.66,-77.0,11.54,73.99,16.43,13.31,2.54,-4.57,3.78,41.6,Hover
14.84,19.58,44.63,17.78,6.83,11.11,3.81,8.82,29.12,57.0,3.18,108.8,13.54,8.16,9.51,4.37,2.45,16.43,Descend
22.43,27.97,35.06,18.04,16.64,23.88,0.07,-13.02,-27.56,-54.78,13.2,43.97,61.78,23.78,3.39,-4.12,-4.21,4.43,Hover
36.41,28.92,7.6,27.89,20.53,30.19,4.84,1.97,-5.39,13.82,1.51,15.46,76.26,1.42,5.57,-4.64,-1.45,44.6,Forward
34.71,8.44,43.42,8.95,2.07,11.2,0.96,-22.53,-20.92,-20.33,9.45,15.79,29.57,22.36,5.93,0.82,-1.57,2.1,Hover
49.37,20.26,15.22,8.73,2.27,34.86,4.51,-17.86,13.58,-27.18,6.86,112.11,55.3,12.66,2.53,1.11,0.12,36.25,Ascend
11.41,17.3,22.81,13.49,23.63,4.63,2.58,14.03,-18.33,66.67,0.59,63.92,88.56,18.72,3.27,-3.02,3.57,6.21,Forward
33.18,20.16,26.4,11.03,25.86,8.54,2.83,-27.89,23.08,85.23,13.56,56.49,78.56,8.35,5.07,3.76,1.72,40.05,Forward
30.56,38.1,42.56,22.22,18.33,38.83,0.43,-23.29,-7.53,-20.4,14.42,107.0,30.86,9.61,2.94,3.02,2.72,-3.46,Descend
45.77,24.23,46.59,19.43,13.15,5.65,1.83,-17.1,25.03,25.28,13.61,61.35,40.1,4.77,3.4,-2.17,-4.58,7.4,Forward
7.99,47.03,46.5,22.89,25.44,35.56,0.79,-28.79,29.19,10.15,2.89,58.19,37.52,23.86,6.32,-0.57,-4.46,25.36,Hover
37.64,14.83,0.6,24.69,22.0,28.25,2.63,-24.28,16.27,-76.15,4.99,111.27,74.76,1.08,7.47,2.83,4.28,-4.79,Descend
28.5,20.9,46.11,27.73,17.6,3.2,2.76,-13.12,7.39,-82.59,14.34,57.46,97.14,9.67,8.11,3.33,-2.9,11.54,Forward
13.88,39.39,2.91,13.21,9.93,19.5,3.55,-24.42,-21.01,49.21,1.6,47.52,35.21,8.37,1.66,2.96,2.95,11.65,Forward
23.83,27.39,13.44,29.55,6.34,20.9,4.39,21.97,25.98,-18.98,8.75,70.22,62.95,20.33,7.5,-2.32,0.48,18.12,Hover
16.82,27.44,25.85,6.86,12.85,37.31,2.35,-26.04,16.61,-34.64,7.28,117.29,98.97,12.54,9.4,2.65,-1.5,-9.8,Descend
29.05,2.86,24.1,21.57,8.96,17.02,1.17,21.66,-12.72,87.4,2.28,115.7,24.18,4.23,6.02,1.33,2.64,25.82,Descend
44.47,20.05,30.31,16.25,10.51,18.04,1.67,19.37,-1.89,-74.66,13.3,93.3,69.32,12.73,6.24,0.26,4.65,12.51,Forward
28.55,13.68,24.08,24.6,15.71,4.77,4.24,-23.95,-25.94,-41.57,2.01,60.41,39.88,5.9,9.58,4.64,-2.41,3.32,Forward
31.66,49.97,46.73,14.56,5.49,25.68,0.74,-28.49,9.54,64.22,8.89,105.89,99.25,0.43,8.76,0.98,-1.48,1.34,Descend
26.03,15.56,12.18,23.63,24.28,8.67,3.14,-27.0,-22.48,-15.3,4.77,50.91,19.79,13.61,5.8,3.69,-2.07,32.63,Forward
2.75,44.25,13.85,27.94,4.79,3.38,0.08,5.42,9.09,15.16,6.27,77.18,50.61,9.01,7.78,2.52,1.45,5.75,Turn_Left
11.8,33.88,46.05,22.1,14.69,39.88,1.24,10.22,10.29,-81.29,3.17,22.35,32.95,5.97,2.22,-4.55,2.24,27.25,Forward
24.7,17.18,4.02,23.39,22.51,11.0,2.96,7.24,-10.52,75.65,9.37,79.69,12.85,4.31,4.42,-2.33,-0.22,-9.46,Forward
15.65,27.27,30.56,2.48,14.81,5.9,2.29,2.49,26.92,-65.35,14.83,33.86,96.72,11.34,7.3,1.09,-2.85,43.37,Forward
9.25,42.06,34.15,6.55,11.15,28.07,2.47,-19.52,16.74,-51.59,12.5,92.84,61.14,21.74,3.24,-0.62,-1.79,-5.58,Hover
25.31,44.19,25.38,29.24,14.51,32.92,3.31,20.46,-0.2,-61.78,10.25,50.27,73.07,18.95,4.81,4.55,2.47,12.25,Forward
16.28,8.19,34.77,20.95,25.54,2.84,1.18,-10.35,25.11,-0.45,11.35,48.41,65.82,0.12,2.14,0.84,3.84,26.72,Forward
13.05,17.11,8.8,17.06,29.72,4.48,1.41,29.17,21.35,57.03,12.59,89.84,23.36,18.28,9.03,4.29,0.08,24.33,Forward
23.31,16.89,42.66,11.33,19.12,3.88,3.43,-6.91,11.53,-41.95,7.09,51.61,25.35,1.82,9.01,-2.94,-2.51,39.09,Forward
6.84,2.29,7.17,1.81,23.91,2.16,2.7,-14.22,-20.82,-64.38,8.51,85.97,66.38,13.7,5.04,3.98,1.66,43.33,Slow_Forward
46.4,29.99,20.16,11.39,0.93,26.48,0.08,23.66,-0.18,-16.21,13.43,102.75,80.18,19.5,2.32,0.37,1.39,29.59,Ascend
43.41,42.77,3.95,15.22,26.47,23.66,3.35,4.04,21.87,86.7,10.44,17.29,65.0,11.33,6.95,-2.86,4.09,25.13,Forward
35.44,19.2,27.35,6.74,28.64,26.61,3.1,13.31,6.53,-88.01,2.04,58.0,61.33,9.42,2.53,-1.1,-2.15,-4.59,Forward
5.49,37.05,33.55,5.61,17.47,20.37,0.4,-5.5,2.73,0.72,11.69,113.44,77.14,23.49,2.67,4.69,3.17,14.23,Hover
38.84,31.46,47.07,15.5,22.74,32.76,3.74,23.21,27.31,30.49,0.34,97.65,31.92,0.73,9.73,4.59,1.71,0.28,Forward
40.44,18.91,37.02,17.78,15.63,22.0,2.62,25.06,-29.01,55.21,12.71,116.86,75.85,2.65,1.45,-4.78,3.4,10.88,Descend
38.43,7.22,27.15,7.58,8.94,36.77,1.03,-3.79,-29.28,44.31,11.82,103.38,47.01,21.76,4.1,-1.93,-3.97,-2.22,Descend
5.88,35.52,46.64,17.83,25.64,19.58,2.8,-15.56,23.57,-76.6,12.46,37.92,70.66,22.16,5.77,3.99,3.27,33.19,Hover
32.27,42.76,24.03,27.06,18.11,31.69,2.98,8.86,-27.69,-6.86,0.35,22.32,34.72,9.32,1.52,-4.67,-0.23,18.22,Forward
41.75,34.36,28.15,14.46,17.59,16.47,4.6,27.28,-10.05,-75.83,14.59,26.05,22.37,13.5,0.87,4.57,2.75,-3.92,Forward
28.95,1.09,29.89,25.79,19.94,17.58,3.71,7.35,25.44,21.57,9.21,26.81,12.62,4.11,5.65,-1.12,-2.57,18.64,Forward
32.39,10.97,20.62,27.85,25.75,34.0,1.52,27.25,11.47,-76.13,12.0,10.01,82.31,22.11,1.59,-3.85,-1.52,8.12,Hover
23.03,3.66,41.96,3.23,22.09,4.57,0.6,-9.37,8.89,-81.29,8.5,108.91,27.73,11.73,2.89,-1.99,-0.85,17.57,Descend
26.53,28.61,9.42,3.33,6.73,22.73,4.27,24.9,9.42,-34.91,5.1,60.8,42.71,14.1,5.22,3.08,0.5,4.13,Forward
1.91,37.87,27.83,14.54,14.27,29.14,4.23,-23.25,-10.94,78.99,4.44,13.05,79.2,2.95,3.8,4.98,0.1,31.6,Turn_Left
32.02,5.71,36.17,17.85,29.42,30.09,0.88,-8.47,1.83,37.8,1.05,91.75,50.52,15.37,7.25,-3.66,-2.63,-9.55,Forward
4.26,41.95,45.22,13.06,16.86,23.78,0.32,-0.33,7.8,-89.28,8.14,39.75,29.58,17.4,9.64,1.38,4.04,-2.29,Ascend
21.86,27.86,44.22,10.13,28.18,18.09,3.56,9.19,-11.66,-38.75,2.15,9.45,27.53,7.37,7.66,4.25,4.44,21.42,Forward
14.77,34.56,25.54,19.41,24.49,10.65,3.62,-12.35,17.72,-86.85,8.51,23.58,46.71,22.4,10.0,4.0,-2.63,25.66,Hover
27.36,48.58,32.23,0.56,20.15,36.4,0.89,25.45,-10.7,-37.02,9.37,79.25,60.87,5.1,4.19,-1.17,-1.09,-7.71,Forward
6.84,4.37,19.83,29.06,10.81,14.98,3.34,24.21,-25.71,33.39,6.63,95.49,45.31,22.43,3.4,3.66,3.05,26.65,Hover
34.64,45.08,23.52,7.35,9.48,32.02,1.4,17.96,-17.91,46.76,2.34,31.19,91.41,17.58,2.52,-3.08,2.83,1.08,Forward
39.79,6.48,45.33,27.55,19.48,1.56,1.31,-23.14,-5.5,54.74,6.49,69.67,10.35,20.77,8.91,1.32,4.74,-1.89,Hover
8.34,19.77,46.55,3.72,13.26,9.52,1.63,-25.3,24.48,73.8,13.18,1.1,46.18,17.48,4.2,0.98,4.47,-8.89,Slow_Forward
5.39,42.6,44.79,7.52,24.06,14.02,2.61,-0.11,-5.05,-24.16,6.87,34.13,76.86,10.71,7.25,2.83,3.75,17.05,Slow_Forward
7.45,45.33,7.09,7.43,22.93,26.96,4.02,15.92,-24.61,65.27,5.14,22.61,90.18,8.29,6.91,-2.71,0.87,31.38,Slow_Forward
43.88,25.42,42.53,29.89,9.71,12.98,2.5,-22.61,-18.21,40.98,9.45,10.11,42.26,18.35,1.04,1.29,-1.62,22.75,Forward
26.5,29.79,47.43,0.64,21.23,1.94,1.5,8.49,2.67,6.8,9.28,58.58,70.62,7.45,8.86,1.1,0.22,37.62,Forward
23.47,35.47,18.19,19.37,15.09,7.2,4.42,1.67,-19.34,81.83,1.36,76.09,62.23,1.55,5.12,-4.16,2.71,19.38,Forward
5.51,41.67,26.03,26.16,10.04,10.59,0.28,13.56,-26.16,80.59,3.55,6.52,28.14,6.18,2.62,-1.69,-3.96,-9.51,Slow_Forward
32.55,6.25,39.0,20.33,12.68,7.29,3.99,-3.88,12.89,71.57,7.42,17.41,71.28,18.88,9.8,-2.93,2.03,37.01,Forward
43.43,40.54,28.19,11.2,26.91,8.39,3.92,11.6,17.06,-53.6,5.49,111.94,32.46,19.83,7.65,5.0,3.96,40.53,Descend
41.44,24.17,49.68,28.77,11.11,30.83,1.28,-20.42,21.04,-52.58,4.8,27.55,80.55,6.92,6.36,4.91,-2.9,38.03,Forward
31.38,22.64,22.89,26.86,8.98,16.66,1.0,-17.12,20.64,72.18,6.69,91.44,87.93,8.2,9.89,-2.48,3.11,0.46,Forward
3.95,21.31,35.75,13.3,10.88,16.39,4.37,24.2,-7.24,-18.38,4.35,89.98,53.06,13.73,7.69,3.09,3.91,44.48,Descend
5.8,25.56,39.67,17.41,6.83,38.67,2.8,-10.24,14.07,53.54,5.21,39.27,14.87,6.55,1.65,3.16,-4.33,42.87,Hover
2.66,47.26,24.81,29.04,16.57,18.03,0.24,29.13,5.01,33.65,11.6,25.29,76.36,15.15,9.92,4.36,4.58,37.1,Turn_Left
13.02,27.5,42.88,29.49,4.85,37.13,4.46,-27.23,-28.6,47.22,7.65,30.03,52.05,7.05,6.18,-3.71,0.02,21.97,Forward
6.96,47.67,27.4,13.77,24.61,12.17,1.75,-0.25,-5.9,-85.27,13.09,68.34,18.51,3.02,3.34,1.68,-0.42,0.9,Slow_Forward
13.15,9.18,20.7,25.5,7.15,16.2,1.72,-10.5,-26.83,-12.61,14.23,46.36,39.8,3.87,8.27,-2.94,1.03,0.65,Forward
19.38,36.26,5.57,9.41,18.14,16.03,3.22,29.76,-25.0,64.28,13.83,59.97,36.16,6.26,0.96,1.58,-2.86,18.54,Forward
47.16,40.65,19.79,11.47,4.19,21.98,3.31,29.4,-26.64,-1.81,3.81,97.58,75.37,4.2,6.72,3.72,1.64,39.09,Forward
30.6,34.02,36.75,5.36,29.36,23.49,1.77,-15.89,27.66,34.22,7.09,60.77,48.17,24.36,2.01,-4.19,3.09,11.06,Hover
41.78,30.42,46.08,6.67,13.91,10.15,0.72,-13.96,20.65,46.07,8.03,119.43,62.83,16.46,1.33,1.37,-1.78,17.17,Descend
35.58,28.33,12.73,19.88,24.75,31.81,2.77,14.98,-3.65,-68.26,12.78,80.23,55.1,4.48,3.86,0.38,-2.44,13.06,Ascend
5.8,43.07,17.89,15.57,23.18,20.01,3.13,23.38,-15.12,-61.97,8.39,25.66,75.18,10.6,3.89,-3.24,4.15,30.61,Slow_Forward
36.85,41.12,7.87,7.32,21.55,0.58,4.3,9.82,-25.65,40.42,3.79,60.44,74.62,6.73,6.21,-2.62,-0.32,-4.56,Forward
13.9,6.29,34.6,12.39,24.91,23.78,2.43,21.88,-4.13,-80.18,8.21,97.8,50.39,17.11,5.87,0.21,1.29,29.61,Forward
32.03,42.46,48.02,11.51,3.46,31.98,3.23,-26.2,6.02,-28.46,0.66,26.98,22.15,21.68,7.04,3.6,3.55,33.19,Hover
17.18,20.82,32.12,29.63,20.52,10.24,0.28,8.43,17.83,75.26,12.51,87.8,46.71,10.02,2.15,1.75,2.17,29.33,Forward
49.88,12.83,30.93,25.68,8.34,1.8,4.47,12.01,-26.91,13.38,8.49,4.98,24.41,10.72,8.77,-4.73,-1.78,27.24,Forward
13.32,43.51,27.76,11.95,23.68,32.34,1.64,-18.58,-4.93,73.89,9.78,113.17,96.32,9.96,8.66,-3.74,-4.8,11.47,Slow_Forward
14.1,21.71,4.61,27.46,28.73,39.06,3.16,16.68,28.61,-34.31,3.01,79.94,95.51,11.23,2.55,3.83,-0.31,16.6,Forward
46.55,40.46,36.53,10.61,27.09,3.34,4.58,26.66,-22.76,24.59,8.37,20.35,51.1,0.9,5.0,1.53,-2.52,1.65,Forward
1.43,13.32,30.18,20.2,3.89,37.54,4.05,23.88,-5.98,-38.39,7.96,105.04,12.49,14.82,5.14,-4.82,-0.8,28.07,Turn_Right
34.9,0.4,33.14,29.02,11.4,14.56,3.19,-15.3,-13.5,-70.0,9.29,10.74,43.72,23.8,9.25,0.96,-0.42,1.5,Hover
36.32,24.87,44.96,12.01,11.25,37.68,3.52,-10.56,-21.96,88.33,12.71,49.31,90.56,19.63,9.1,-3.31,3.66,20.69,Forward
41.85,5.19,39.24,20.56,4.11,26.06,4.61,-0.02,20.34,-58.28,11.47,88.7,35.92,21.54,1.14,4.2,2.67,31.08,Hover
48.73,37.77,39.09,9.23,3.39,35.64,4.06,-20.5,11.83,-56.07,8.2,112.55,65.98,5.73,9.6,-3.78,-3.04,0.15,Descend
48.78,13.95,46.37,8.36,11.85,31.5,3.05,27.24,-5.31,61.55,13.4,42.51,26.55,15.18,1.15,-4.23,-1.84,4.9,Forward
3.45,22.29,49.5,17.44,29.77,1.41,3.3,-20.3,-7.86,54.4,5.38,99.83,84.26,22.32,5.72,1.45,0.84,14.15,Ascend
41.13,4.53,29.15,29.39,17.28,2.9,0.74,15.69,19.66,86.01,7.39,24.41,90.27,1.72,3.46,2.93,0.65,25.59,Forward
32.39,14.48,5.62,13.87,18.84,21.17,2.36,-9.51,-24.55,-77.09,9.74,5.18,65.36,21.93,4.21,-2.26,0.46,7.78,Hover
32.44,39.12,23.06,28.16,14.4,5.45,1.51,4.42,-21.19,-73.06,6.61,4.42,66.14,1.61,6.45,-1.99,4.52,-0.22,Forward
6.59,7.75,39.42,27.47,20.04,18.6,2.17,-27.17,24.39,-9.23,5.42,79.32,44.07,24.58,6.05,-1.43,1.93,-1.44,Hover
32.58,32.43,1.58,7.99,28.72,38.2,3.31,-17.7,19.03,16.51,1.69,19.35,73.64,2.1,2.09,2.66,-4.03,4.45,Forward
49.13,45.89,3.03,12.35,17.87,12.0,0.75,-3.34,16.49,-83.15,9.54,6.99,53.06,9.2,9.71,-2.38,4.4,12.25,Forward
45.61,34.06,3.54,19.48,2.42,19.71,0.1,10.63,7.44,-61.49,2.89,117.23,77.09,1.37,0.77,-4.12,-0.37,-4.89,Descend
22.07,40.59,36.61,15.78,15.04,15.56,1.99,16.65,-12.45,36.6,2.07,29.8,97.17,1.42,3.76,-1.91,0.81,42.37,Forward
2.19,5.63,25.16,3.33,29.79,25.3,1.62,-28.19,26.09,30.34,2.73,56.04,84.01,21.66,8.11,4.66,3.19,44.94,Turn_Right
18.24,12.69,18.57,29.81,11.93,8.0,2.11,-20.85,-0.49,-73.86,10.33,73.96,56.56,1.59,8.58,-0.65,-2.87,37.92,Forward
41.35,44.75,5.46,22.7,18.02,10.62,4.66,13.79,-13.16,77.7,2.08,18.19,98.1,19.82,8.07,0.6,0.12,35.51,Forward
35.13,35.81,36.67,13.41,3.65,34.39,3.54,18.78,-8.07,-44.14,14.64,43.5,64.64,22.67,4.04,2.62,3.59,13.6,Hover
23.08,32.05,16.19,18.74,4.66,32.51,1.64,-15.81,-28.99,69.7,11.38,78.08,15.84,23.38,6.9,0.59,2.37,8.54,Hover
2.94,33.26,13.41,3.08,26.3,31.63,0.9,-16.22,-14.69,76.14,5.89,77.13,75.73,21.6,7.76,1.57,-1.49,13.81,Turn_Left
21.46,20.83,32.69,15.11,9.36,30.91,3.1,-24.72,-18.72,-1.79,8.9,101.2,83.81,23.88,5.99,3.8,0.89,-8.96,Descend
23.56,2.42,28.04,27.96,9.51,18.54,3.29,-20.98,-21.87,-15.85,0.11,53.05,22.14,1.29,6.95,-1.27,-4.92,-1.21,Forward
46.44,39.27,18.25,26.95,11.92,29.24,2.42,-29.52,-28.07,-39.94,12.67,106.89,71.14,24.92,5.76,-3.89,-4.53,20.05,Descend
32.13,34.0,32.15,10.45,29.01,15.67,1.07,5.39,-16.39,55.33,4.07,82.18,92.88,0.51,1.02,-4.06,-3.87,40.99,Forward
15.72,23.75,13.71,16.18,2.99,4.3,0.15,24.23,-23.79,-54.61,1.08,67.89,32.63,4.16,3.1,2.83,1.94,41.0,Forward
26.36,45.01,39.78,21.07,24.65,15.92,1.34,-21.03,-27.29,21.98,11.37,14.94,62.65,2.02,7.18,1.55,1.2,29.29,Forward
3.49,16.94,11.62,10.53,10.58,6.6,2.29,15.09,-21.76,12.08,4.94,69.39,34.71,18.6,2.79,0.66,4.16,16.67,Ascend
48.63,14.86,8.11,2.41,25.56,15.82,3.94,4.42,-17.86,-45.2,8.51,71.77,79.7,2.18,4.83,4.3,2.09,4.72,Forward
18.13,43.67,39.17,15.41,29.76,12.11,4.27,26.4,-5.04,86.95,12.66,91.3,62.26,7.32,5.58,1.27,-0.79,12.77,Forward
24.0,39.89,35.45,18.25,10.79,24.09,2.07,17.89,5.02,62.34,11.64,86.58,48.53,15.95,6.87,-4.52,3.67,44.17,Forward
17.89,25.85,9.3,0.67,4.32,14.65,3.98,21.16,-10.66,-86.3,5.05,64.07,12.61,12.45,2.96,-0.31,-4.57,37.15,Forward
34.19,6.71,5.99,3.32,4.76,28.31,4.97,8.35,-21.52,-13.99,13.03,71.55,95.03,3.41,6.15,-2.85,-4.9,16.65,Slow_Forward
33.18,10.91,41.95,6.62,22.88,20.63,3.59,18.68,26.42,-25.39,5.83,92.91,54.8,13.04,6.17,1.21,-2.5,36.95,Forward
35.82,32.88,38.87,10.77,4.78,36.8,3.65,-8.95,0.89,68.91,7.5,42.82,82.37,8.52,8.53,-3.12,-3.72,31.11,Forward
13.55,19.38,16.5,16.46,8.18,3.91,4.55,-17.46,14.51,-42.39,9.19,17.06,45.27,14.65,5.74,1.45,-2.3,12.19,Forward
15.92,41.86,32.98,9.17,6.53,27.6,1.7,24.75,11.67,89.72,1.06,105.04,86.42,13.46,3.3,3.83,-1.94,17.17,Descend
6.44,47.51,6.38,8.65,10.99,26.99,0.07,14.06,-12.91,-53.99,8.96,115.84,24.4,24.74,5.47,-4.23,-0.45,15.49,Hover
32.84,40.32,25.45,26.15,2.69,38.04,4.94,-24.56,3.59,-46.1,8.66,52.09,30.83,21.59,1.52,-2.41,1.11,-9.2,Hover
2.18,19.0,1.13,4.78,25.77,15.05,2.46,22.01,6.13,29.89,13.1,118.85,40.01,0.09,6.27,1.73,-1.48,7.67,Turn_Left
29.96,39.48,19.7,15.12,25.87,12.43,3.93,-9.07,-8.89,-61.01,5.3,39.4,17.97,4.4,9.2,2.11,4.67,-7.87,Forward
43.51,17.7,3.93,28.61,12.68,7.14,4.06,-12.1,10.25,69.98,3.63,8.92,49.95,22.83,5.53,0.87,0.42,38.67,Hover
44.56,8.52,23.86,18.94,18.56,10.83,1.99,7.4,17.44,-70.21,7.15,69.12,53.73,13.49,3.28,-3.61,3.76,22.26,Forward
22.56,1.86,21.2,21.66,19.44,20.23,2.71,4.12,-8.15,87.0,10.31,104.32,20.33,18.99,4.35,-2.57,3.02,12.22,Descend
23.07,19.41,22.33,13.22,22.6,33.56,2.7,2.3,-29.11,67.44,8.43,74.48,48.44,12.59,9.07,4.07,-4.52,-4.52,Forward
4.03,45.2,2.46,1.09,15.86,11.59,1.11,-14.71,-9.04,61.14,2.07,2.12,27.76,19.64,8.22,3.19,-0.29,-7.76,Forward
33.6,12.1,18.21,19.56,15.55,6.56,0.6,27.59,-22.99,-16.7,5.22,2.41,88.77,3.32,8.13,4.5,3.06,4.09,Forward
41.1,10.48,37.87,19.14,19.12,11.1,2.72,27.01,-20.66,2.46,0.96,87.2,55.84,18.45,5.86,-0.91,4.07,11.77,Forward
12.38,48.5,18.57,3.76,21.24,4.31,0.61,-29.75,-8.04,-7.86,11.09,101.6,95.68,21.74,4.27,-0.6,1.33,22.93,Descend
21.18,1.45,35.82,14.13,10.73,37.09,1.74,-9.73,-17.54,87.74,13.24,31.11,40.73,6.64,1.76,-2.41,4.32,9.36,Forward
41.97,39.33,18.6,27.5,10.25,34.94,0.94,-27.27,26.09,-83.73,0.69,56.95,40.73,9.21,9.77,0.25,1.63,16.47,Forward
43.88,16.2,21.28,6.55,8.46,12.55,3.54,21.01,9.17,-21.29,7.88,115.37,40.48,14.76,2.2,3.3,-2.92,27.4,Descend
12.31,2.07,28.28,14.1,16.69,10.11,4.36,23.19,1.1,84.31,8.49,55.81,34.15,21.71,2.9,-2.52,0.59,-7.6,Hover
27.62,45.91,47.54,14.1,11.12,36.24,2.89,1.1,-29.42,-23.51,6.58,17.16,80.58,22.69,7.76,-3.59,2.56,18.87,Hover
9.79,7.15,5.62,24.42,16.44,0.37,2.06,20.38,-23.78,-18.29,7.54,109.49,35.45,13.36,3.83,2.51,1.66,5.66,Slow_Forward
5.27,27.68,1.84,24.82,12.48,24.14,4.98,12.2,17.31,23.63,10.66,59.92,35.92,16.45,6.05,1.93,-4.17,33.01,Slow_Forward
45.57,13.85,30.48,22.9,25.18,36.67,0.12,-0.03,-6.62,73.31,7.26,41.97,14.22,21.82,7.74,3.29,-2.63,7.76,Hover
41.06,3.45,47.47,11.28,2.66,20.49,1.53,-8.17,-27.27,-36.99,13.79,12.59,96.88,5.78,5.78,2.52,1.88,-0.66,Forward
38.05,2.69,49.49,2.63,17.38,0.42,1.4,-14.03,19.53,80.57,8.11,55.53,89.77,20.63,5.16,-0.81,0.28,33.42,Hover
2.63,5.95,24.31,10.81,17.48,8.99,1.79,-14.43,-11.84,-39.14,1.08,92.59,36.33,6.55,0.98,-3.43,-4.69,32.28,Turn_Right
42.22,3.75,23.51,20.55,11.82,36.92,1.16,3.72,-6.82,56.77,14.3,86.34,56.87,14.53,5.13,2.15,2.38,15.52,Forward
22.01,38.08,32.32,21.23,12.92,0.98,1.33,-19.99,28.46,-40.35,2.2,60.09,53.45,23.37,4.82,3.78,-4.21,0.13,Hover
17.25,24.38,27.87,28.97,24.1,15.97,1.3,-19.51,-29.07,-76.86,11.77,86.62,17.89,12.79,8.86,-3.47,-3.15,16.01,Forward
27.41,17.28,31.78,13.88,8.78,31.65,2.53,-29.38,13.28,56.21,7.9,42.74,57.81,2.34,4.75,0.19,4.04,14.3,Forward
4.75,21.03,43.73,19.16,26.21,33.57,1.96,6.8,26.93,-8.99,11.11,88.5,20.2,22.4,6.48,-1.71,-1.85,-1.91,Ascend
37.88,46.46,37.37,16.41,26.94,19.26,3.2,29.66,-26.17,-19.67,7.7,11.2,49.07,14.62,7.85,0.19,-4.66,9.96,Forward
29.21,45.56,24.94,4.94,19.69,9.53,2.58,23.35,21.96,-12.62,0.88,24.71,17.9,1.78,4.94,-4.69,-4.83,34.8,Forward
9.49,35.84,23.2,14.11,23.3,24.11,0.93,12.34,-5.03,20.08,5.62,105.45,63.0,0.26,2.98,-1.46,4.36,17.67,Slow_Forward
9.57,44.26,32.05,16.57,18.58,10.77,4.05,17.13,22.68,-42.72,9.31,35.94,14.41,6.53,8.99,-0.16,-1.27,-2.88,Hover
9.38,16.12,22.89,28.55,16.0,10.43,2.37,-4.99,-11.5,-47.29,9.43,25.51,66.56,3.01,9.01,-3.49,1.21,38.65,Slow_Forward
3.04,19.18,23.0,11.31,29.02,32.36,0.77,-12.12,28.96,-2.98,14.6,11.59,73.65,15.71,9.05,-0.93,-0.86,30.92,Ascend
29.47,30.76,1.01,29.41,8.84,6.42,0.84,-7.88,8.82,-83.59,9.09,47.76,61.38,14.92,3.09,-3.24,-2.87,19.88,Forward
42.05,31.26,8.87,16.5,5.05,0.52,3.99,-25.11,7.63,25.71,4.3,8.97,52.25,21.02,3.5,-2.84,3.78,4.71,Hover
1.07,24.19,24.53,7.65,8.98,13.67,3.52,8.03,18.35,58.11,0.65,60.14,15.47,12.83,9.23,4.78,4.5,-4.68,Turn_Right
2.64,20.15,41.17,6.15,18.63,19.79,2.54,-19.51,-3.8,40.94,11.83,110.39,11.02,6.33,1.69,1.02,4.88,30.6,Turn_Right
28.72,49.31,14.08,4.68,5.96,28.29,1.54,15.77,-14.48,-5.53,13.34,94.67,40.82,1.26,6.73,-1.11,-4.59,24.5,Forward
41.01,41.09,26.23,13.86,27.31,31.31,2.31,-18.6,-14.22,11.77,9.2,5.84,79.41,0.26,3.28,0.21,-4.5,35.08,Forward
16.47,21.86,17.38,1.15,12.63,26.64,3.19,-16.31,-10.16,-85.29,7.24,36.67,68.26,23.14,7.35,-1.17,3.58,27.9,Hover
17.61,36.42,5.42,13.63,25.57,25.17,4.4,27.44,7.04,74.22,12.91,23.33,21.28,3.61,8.42,1.02,-3.24,-1.5,Forward
29.9,13.62,47.92,29.66,7.85,26.73,2.78,-23.68,20.3,10.45,3.61,8.97,71.91,12.48,4.38,-5.0,0.62,14.88,Forward
13.86,5.19,42.76,20.27,9.74,11.08,1.39,-0.07,-0.03,-33.05,5.98,13.93,61.74,19.87,1.94,-2.64,0.8,7.16,Forward
1.53,17.75,4.11,22.91,2.25,15.48,0.22,-26.24,-5.79,-37.16,7.61,109.07,25.01,23.22,7.46,4.89,1.62,37.6,Turn_Left
36.81,20.27,36.05,4.01,8.1,24.77,0.89,-24.58,17.63,28.74,0.74,37.9,77.98,5.04,1.03,-3.88,-4.62,5.05,Forward
31.36,1.02,17.51,14.46,14.96,2.9,3.25,8.01,-12.62,15.18,10.33,47.67,84.73,5.8,0.64,-4.21,-1.91,17.24,Forward
29.12,40.78,49.74,8.94,28.41,12.02,0.81,7.84,11.34,-56.19,2.83,58.8,30.93,4.49,8.83,-0.07,0.14,20.16,Forward
37.14,18.09,15.26,26.88,11.97,16.43,2.41,-18.41,-23.65,-16.21,5.0,89.65,67.23,3.97,8.26,-2.09,-3.26,24.39,Forward
33.83,29.1,12.09,5.85,19.37,21.48,3.5,22.35,-23.21,31.71,6.22,96.01,44.03,11.37,6.03,0.34,4.44,24.94,Forward
10.45,3.88,28.48,14.03,13.12,19.61,1.55,12.13,8.64,-36.42,9.58,115.68,15.26,15.9,6.82,4.61,3.29,25.51,Descend
17.75,8.91,41.79,17.85,1.88,28.81,3.35,-11.96,-25.03,1.67,0.98,26.07,87.52,17.66,9.55,-3.74,-3.61,9.55,Ascend
6.48,44.51,9.79,15.66,15.35,19.1,2.91,-15.1,-20.7,-44.12,5.11,36.83,83.87,8.18,1.1,-0.6,1.71,17.82,Slow_Forward
6.67,30.51,35.53,24.99,2.44,36.19,2.2,15.26,7.46,-77.1,4.12,38.24,38.61,15.6,2.56,2.59,-0.9,-6.79,Slow_Forward
33.87,47.52,3.26,7.33,26.57,15.4,4.49,14.02,-3.71,-20.12,0.02,53.99,57.84,0.06,7.43,-3.39,-1.89,19.01,Forward
42.96,49.94,45.96,11.63,22.71,21.16,3.46,-21.07,3.68,41.77,10.37,97.08,56.11,22.21,3.01,2.12,-2.09,24.21,Hover
48.14,18.72,4.24,23.87,11.67,0.43,1.81,-9.05,28.62,-51.51,3.54,29.5,25.97,21.74,2.47,-1.0,1.63,30.94,Hover
31.49,15.08,45.73,16.08,19.39,12.63,4.02,-17.0,7.92,45.81,2.5,94.17,23.11,13.6,4.7,1.21,4.04,-1.9,Forward
9.37,42.95,24.64,12.36,3.8,34.7,3.69,-12.35,5.45,30.51,11.97,25.28,85.98,6.08,7.38,0.26,3.36,24.09,Slow_Forward
5.46,49.93,22.51,1.37,21.23,13.54,3.96,-12.75,-7.19,1.33,0.59,85.51,88.06,24.31,2.5,-0.49,-1.51,8.01,Hover
40.68,31.56,48.67,22.72,24.77,10.35,3.21,28.56,7.85,84.86,13.5,96.08,75.27,20.27,4.58,-0.21,2.08,12.21,Hover
29.02,39.8,49.52,29.18,24.74,21.88,1.9,15.01,-29.22,69.01,10.3,102.6,16.55,0.42,5.43,-3.53,0.27,16.12,Descend
30.99,39.13,32.58,18.8,8.89,3.43,1.75,16.8,3.44,11.37,2.58,61.72,91.82,11.74,2.14,-0.66,-0.6,-2.91,Forward
39.12,17.9,6.53,25.77,8.28,21.4,3.27,-13.35,-25.87,10.4,5.25,40.12,98.27,2.55,5.03,2.53,-2.03,3.2,Forward
35.22,28.8,25.41,15.75,15.88,12.36,0.66,-29.97,-16.79,-40.0,14.25,92.91,79.81,3.31,8.73,3.97,-4.19,-6.53,Forward
41.76,41.69,26.55,7.33,29.05,15.51,4.1,-26.51,3.79,75.64,9.28,39.19,41.81,0.03,7.59,1.27,-3.08,43.58,Forward
3.0,34.47,25.82,0.93,27.66,31.72,1.86,3.18,10.08,71.27,9.13,18.62,46.52,17.19,5.28,3.27,0.66,0.49,Forward
37.43,1.25,28.56,19.78,11.11,26.58,3.16,-12.87,-6.91,43.57,9.8,100.33,88.27,6.31,1.69,0.08,2.29,24.86,Descend
42.57,16.97,1.13,15.05,23.5,18.01,2.5,-18.42,-4.86,-66.98,6.94,49.94,35.22,7.62,0.72,-2.84,-4.63,-3.65,Forward
14.45,7.39,35.62,23.57,27.68,23.23,2.6,-27.02,-0.12,36.66,2.51,68.93,22.77,1.18,1.14,2.24,-1.21,28.33,Forward
32.09,11.8,35.68,20.99,8.2,30.74,3.69,22.55,15.54,-44.44,2.26,110.29,84.05,0.2,7.63,2.02,-3.34,38.12,Descend
15.85,45.29,5.95,29.64,24.99,29.91,3.14,6.01,-28.94,-56.01,10.31,17.16,27.4,19.82,7.19,-4.93,1.02,16.14,Forward
47.91,2.04,28.6,15.55,8.4,7.66,1.26,-23.56,-3.18,46.66,13.26,67.3,91.66,16.54,7.59,-0.21,3.65,27.76,Forward
1.86,11.15,28.5,13.1,10.63,12.25,0.38,15.98,-29.14,82.75,4.5,67.49,63.61,9.56,3.42,4.37,4.3,26.34,Turn_Right
29.07,15.62,34.19,8.96,6.37,14.13,4.2,15.35,-10.85,-70.4,7.55,103.57,59.98,1.75,1.35,4.84,3.85,25.96,Descend
8.49,30.92,4.45,14.57,15.46,7.75,4.43,-12.64,1.19,-60.48,14.88,41.61,79.82,19.4,7.29,-0.43,3.72,-4.18,Slow_Forward
35.67,26.8,31.4,26.25,25.38,0.78,0.83,-18.69,-25.2,-50.54,3.86,48.74,11.48,23.16,9.26,2.22,1.01,34.92,Hover
8.96,11.07,14.18,1.75,16.08,7.21,1.55,18.84,-0.89,83.32,5.85,62.8,74.22,13.19,4.8,-4.82,-2.57,22.23,Slow_Forward
11.92,8.38,25.45,29.35,4.14,32.39,1.42,-10.23,25.47,35.35,5.45,20.9,63.86,3.47,7.76,-2.32,2.47,2.48,Ascend
24.82,11.99,38.71,29.8,7.93,21.97,4.69,20.85,11.12,32.09,0.49,57.01,57.14,16.31,7.42,2.22,2.25,14.19,Forward
45.76,25.23,35.34,18.14,17.1,13.86,1.03,-27.38,16.94,0.9,7.64,52.89,29.56,1.79,8.61,1.53,-3.33,29.88,Forward
10.74,13.7,6.12,10.28,17.7,24.45,0.84,-0.04,4.82,6.77,3.13,24.49,84.65,4.14,0.77,1.61,-3.05,25.34,Forward
7.38,47.39,29.64,7.08,17.52,29.67,0.92,-19.22,23.78,-37.77,1.93,100.13,32.56,11.77,9.58,1.96,-3.91,-1.61,Slow_Forward
38.0,23.3,48.46,8.66,2.77,14.37,3.65,10.32,-21.19,-62.18,10.66,52.29,54.08,6.23,8.72,-0.71,-0.01,23.05,Forward
25.13,3.13,8.01,1.98,22.73,18.8,4.44,29.83,-3.01,50.45,11.49,37.42,24.23,23.26,8.83,4.38,-1.78,17.97,Hover
45.61,36.52,42.67,14.52,27.33,2.85,1.97,-5.25,5.82,-5.28,13.33,16.51,97.63,20.22,9.97,-1.34,4.0,25.97,Hover
7.5,16.58,35.19,2.19,15.56,24.0,0.69,-23.98,22.41,-43.92,14.01,11.68,27.51,6.92,6.58,4.02,-4.63,33.14,Ascend
32.37,32.74,38.75,21.69,21.71,14.45,2.93,-10.94,-11.52,23.9,13.04,115.27,82.29,24.09,1.28,-4.4,-1.76,8.1,Turn_Right
11.8,14.12,14.24,11.47,27.46,17.51,1.06,23.49,-29.93,-52.3,1.84,119.42,33.68,9.46,8.32,3.49,3.76,12.49,Turn_Right
8.01,28.62,14.54,6.38,19.46,17.08,0.33,15.95,28.46,-2.02,3.35,107.85,33.04,14.21,1.78,-1.97,4.99,22.69,Slow_Forward
34.23,38.65,45.32,16.57,20.39,25.41,4.43,-16.07,-28.44,-55.76,1.84,55.58,47.95,14.1,7.51,1.6,2.23,33.02,Forward
29.77,46.41,18.12,29.23,21.78,23.03,4.36,27.22,-20.86,46.74,5.3,97.14,86.13,16.24,4.53,-4.45,4.01,23.93,Forward
37.79,13.2,3.34,21.01,8.18,17.06,4.88,7.33,-4.68,-32.26,1.86,100.28,71.88,6.09,0.56,-4.2,-4.84,-9.19,Descend
15.61,16.88,30.11,15.01,17.69,0.97,2.38,-19.92,-0.22,-10.49,9.8,36.68,88.45,23.05,4.64,-4.43,2.72,44.51,Hover
22.51,23.32,6.42,23.42,25.34,24.95,1.48,4.34,20.07,45.88,10.75,70.74,14.25,6.64,8.07,-0.15,-0.38,-8.43,Forward
20.39,46.37,39.87,22.26,9.24,35.22,3.85,-2.92,-3.13,28.73,2.39,114.86,96.01,16.62,1.33,-0.84,1.9,37.75,Descend
49.21,45.09,32.16,26.81,26.97,30.85,0.91,19.18,2.85,-18.05,9.32,34.33,16.94,19.14,0.52,-1.81,-0.7,39.81,Forward
14.75,4.68,43.76,6.54,18.8,39.27,1.22,-9.35,-18.0,-77.21,0.34,79.88,74.9,22.04,4.8,-0.54,0.69,1.81,Hover
14.88,6.77,39.28,25.84,12.98,5.82,1.29,22.5,4.15,75.89,6.52,79.84,28.65,11.42,0.51,-1.86,-2.4,32.64,Forward
17.86,24.88,5.78,9.38,18.88,9.13,4.76,18.72,-9.1,-88.57,4.28,54.87,85.68,17.79,9.38,3.71,0.74,16.22,Forward
28.32,5.51,19.18,28.26,12.35,21.71,3.65,10.48,-24.08,42.23,14.98,59.35,87.61,2.13,8.34,0.63,-2.09,12.97,Forward
12.77,17.41,38.77,8.79,25.22,9.66,0.68,-14.48,26.79,80.17,13.84,55.31,59.61,19.45,6.49,-1.9,-2.2,-1.92,Forward
45.78,7.59,20.98,27.84,14.73,1.67,0.47,28.22,-25.1,-34.8,2.21,63.01,46.26,18.89,0.66,-0.45,-1.73,15.32,Forward
13.43,31.87,48.62,28.93,27.09,16.27,4.22,2.92,10.67,-76.42,13.76,18.7,81.4,10.27,5.91,3.67,-2.99,25.06,Forward
44.81,47.48,36.84,4.79,15.54,11.72,4.01,24.45,24.49,-45.08,6.28,95.57,88.66,7.84,6.88,-0.91,-2.77,17.4,Forward
5.35,49.84,0.97,29.25,19.98,10.77,3.36,-17.06,-19.25,-33.58,8.65,79.67,76.44,9.5,6.08,-0.73,4.32,2.32,Slow_Forward
32.9,18.89,44.02,3.03,29.93,38.14,0.99,29.0,-15.77,-8.76,8.01,116.88,91.62,2.26,9.5,-1.62,-0.46,16.78,Descend
45.37,30.03,5.22,6.95,4.84,9.77,2.41,18.96,-4.4,4.54,10.89,30.23,66.39,15.95,8.4,-2.4,1.14,38.02,Forward
8.6,42.84,7.2,13.6,22.23,5.44,3.02,26.95,-12.33,40.56,5.02,18.37,70.34,22.83,3.97,-0.28,0.72,34.98,Slow_Forward
48.42,6.05,36.78,29.81,4.6,5.28,4.66,-17.26,15.54,72.16,1.05,41.76,61.47,16.64,7.1,2.37,-2.35,0.55,Turn_Right
22.75,34.54,43.28,14.91,25.25,32.31,0.86,-4.16,-9.71,-6.34,6.26,61.66,53.93,14.51,4.88,-1.32,-5.0,16.91,Forward
47.3,20.56,26.91,16.74,18.1,28.68,2.58,-24.14,29.15,44.34,8.17,25.4,68.94,24.77,9.32,-2.73,-3.96,23.21,Hover
33.91,10.47,14.59,20.99,28.18,5.44,0.8,-21.78,21.53,-67.1,8.32,55.81,60.5,13.55,6.37,1.6,3.31,19.26,Forward
15.22,20.26,17.7,29.06,26.05,9.02,2.22,-12.96,23.72,-30.82,11.89,77.47,75.81,8.65,6.03,3.09,-3.91,26.33,Forward
9.58,3.98,17.28,23.61,2.71,29.97,1.01,27.1,-26.18,-68.75,0.66,7.68,94.08,17.62,5.26,-4.78,-2.93,27.64,Slow_Forward
15.33,34.83,16.47,7.11,4.55,11.2,4.18,10.03,-19.42,34.51,14.82,91.21,43.57,13.04,4.09,1.32,4.13,12.23,Forward
4.83,12.79,12.3,9.44,18.23,39.27,1.28,-11.12,-19.84,73.38,14.86,112.83,47.01,24.3,1.91,4.01,3.08,3.31,Ascend
7.36,15.71,30.52,3.38,15.79,21.76,2.09,27.27,10.32,70.03,1.49,32.92,11.35,22.45,3.1,-4.12,-4.47,14.32,Hover
5.41,6.23,45.04,19.51,5.47,7.92,2.04,14.38,-29.29,-31.24,5.16,93.37,57.43,23.67,3.66,3.99,1.43,-4.06,Hover
21.26,43.26,15.49,5.83,4.32,34.39,4.33,24.42,18.39,-47.84,8.85,50.73,21.83,0.03,1.96,-3.82,0.16,31.11,Ascend
39.82,24.77,9.5,8.09,17.14,12.98,3.79,25.63,2.82,-40.67,5.6,80.07,74.44,8.36,8.22,4.97,-1.35,32.66,Forward
7.24,28.69,41.96,26.7,1.94,11.77,0.3,15.05,3.98,-38.28,7.31,89.42,80.16,15.68,0.52,0.12,-0.02,41.88,Ascend
6.69,28.56,37.14,10.14,26.28,13.3,0.34,-15.41,2.24,-75.2,4.89,36.1,75.05,7.71,9.2,2.3,-3.49,39.44,Slow_Forward
32.24,20.64,46.56,17.22,24.31,30.8,2.76,29.8,2.12,-66.0,10.68,94.7,59.2,16.41,1.72,-4.37,4.55,-3.0,Forward
10.02,9.79,8.44,12.23,23.67,7.18,2.14,-10.49,-18.13,-51.39,5.46,13.51,58.08,17.87,0.98,-3.98,-3.29,20.03,Forward
5.06,37.31,7.38,2.68,0.97,15.46,1.39,10.3,-13.01,-88.53,6.45,118.42,68.19,15.58,9.95,4.63,-3.14,28.8,Ascend
8.51,6.53,27.16,11.2,1.91,1.52,3.97,20.69,-0.74,-81.5,8.64,41.11,59.92,11.46,10.0,4.89,-1.31,35.56,Ascend
46.2,5.37,30.8,12.54,16.72,33.12,0.65,-19.49,10.67,35.74,14.54,27.63,77.53,17.42,2.32,-2.23,-2.87,6.39,Forward
41.11,35.57,24.11,26.92,29.84,13.83,4.87,6.54,-13.68,21.48,9.63,17.5,90.51,19.51,1.77,-1.58,-1.87,44.28,Hover
17.83,10.6,30.03,10.07,10.6,10.15,0.13,-7.49,18.37,80.18,1.45,97.65,58.25,17.4,2.38,-4.9,-4.6,17.74,Forward
32.86,15.48,9.18,11.69,10.66,23.32,0.6,-15.34,18.64,-17.68,4.78,70.72,19.93,20.3,5.36,4.56,1.14,15.43,Hover
26.96,23.87,24.08,23.6,4.46,28.29,1.56,-29.29,-13.57,-10.02,6.3,114.25,21.79,23.68,3.55,4.18,-2.59,13.21,Descend
33.92,22.58,32.97,22.89,20.39,32.57,2.55,22.32,3.6,-77.81,11.1,78.07,43.83,2.56,3.7,-3.84,4.71,-0.21,Forward
34.2,35.49,21.75,24.05,19.58,14.11,1.09,-21.85,-9.06,-62.59,6.7,41.53,54.67,22.66,8.19,-1.35,-3.86,20.69,Hover
31.51,31.25,34.04,28.64,3.49,32.55,3.68,22.69,-18.56,34.49,9.89,100.53,30.25,6.84,8.96,4.67,-4.23,-3.14,Descend
13.45,32.29,22.67,23.97,14.29,18.76,1.79,6.04,18.36,-47.69,12.59,34.47,50.75,14.09,9.71,-3.74,-3.26,36.39,Forward
2.14,35.76,16.81,12.52,20.18,4.32,0.2,7.26,29.49,49.19,1.57,35.61,22.22,23.56,5.39,3.74,0.42,-7.35,Turn_Left
22.89,14.77,15.32,24.73,15.06,33.9,4.39,19.72,3.94,37.02,11.49,4.37,31.67,15.5,2.84,-2.98,2.47,36.89,Forward
44.57,16.25,20.66,15.51,20.39,22.04,4.72,0.57,24.84,44.51,11.18,30.99,76.06,2.1,5.77,-4.32,0.59,34.6,Forward
28.56,22.01,1.35,8.69,24.58,24.22,3.1,-8.56,8.53,34.3,12.3,32.11,98.7,12.48,8.77,-3.58,3.6,6.54,Forward
41.65,15.51,33.49,9.44,20.73,37.52,4.03,-21.67,3.94,37.38,14.34,36.41,26.76,22.36,0.79,2.1,0.94,-8.04,Hover
49.58,49.25,42.29,7.1,18.68,22.5,0.61,4.22,-1.19,8.42,4.64,44.87,40.52,10.3,9.16,-3.63,-3.61,38.65,Forward
8.35,40.74,17.86,4.78,25.68,0.52,1.35,3.19,-15.86,32.08,6.44,69.62,41.56,21.2,2.65,-4.96,-3.14,34.24,Hover
34.65,8.4,2.49,5.94,27.07,34.86,1.63,-12.37,-24.94,4.71,3.94,26.75,30.1,19.85,3.45,2.76,-1.42,24.91,Slow_Forward
33.78,0.48,49.34,2.36,11.97,11.6,4.8,6.0,-3.46,-52.9,4.91,76.77,28.37,22.66,3.96,1.56,4.2,-6.97,Forward
49.0,2.33,13.33,26.71,5.61,20.22,2.57,-3.64,3.68,-50.83,4.95,16.86,21.85,6.58,9.18,3.78,-0.4,17.98,Forward
49.28,12.35,6.51,27.96,24.63,8.43,0.05,18.33,0.57,-17.05,13.05,111.78,91.68,12.41,2.17,0.78,3.74,41.37,Descend
34.4,5.89,18.61,17.81,6.81,12.09,1.91,3.57,11.73,-87.49,0.94,4.11,68.44,8.38,2.62,-4.54,-4.25,-4.12,Forward
12.33,26.76,36.98,25.29,27.9,27.56,0.05,26.02,-18.47,70.07,3.04,109.08,36.14,13.36,7.45,-4.78,1.87,18.05,Descend
39.97,42.93,14.84,5.92,1.17,17.35,1.2,1.08,-8.75,-41.71,9.16,66.12,33.23,0.48,9.38,2.85,-0.33,34.19,Ascend
5.53,36.89,28.82,27.1,27.68,25.2,2.28,23.25,-5.07,-80.72,11.48,85.5,63.08,6.04,1.49,3.9,-3.27,26.36,Slow_Forward
39.08,10.94,20.89,15.44,17.88,33.0,1.62,1.23,-18.81,-13.6,10.46,36.5,72.75,24.35,5.46,3.0,-4.18,11.7,Hover
45.53,20.09,6.06,2.48,23.35,13.83,0.17,3.48,24.39,56.81,0.7,21.68,32.77,15.08,9.19,-1.26,-1.85,39.06,Forward
19.27,25.49,16.65,4.67,12.26,22.86,0.59,-7.99,10.89,-18.48,6.81,113.73,41.24,4.33,8.92,1.62,3.21,18.99,Descend
31.61,40.55,36.3,9.61,29.76,31.17,2.76,-5.99,-24.49,-42.72,2.77,53.48,36.16,12.71,9.51,-4.22,1.41,37.79,Forward
21.62,41.99,30.68,1.78,7.21,28.69,3.48,25.99,12.77,8.08,14.82,58.18,17.89,17.45,9.07,2.18,-0.38,23.64,Forward
22.0,45.5,6.16,9.62,8.3,21.73,2.03,-16.6,2.87,13.39,14.98,118.3,44.79,15.09,3.49,-2.5,3.45,7.21,Descend
15.66,25.56,8.33,2.27,2.02,15.52,3.66,-22.71,1.44,46.65,0.76,40.99,58.03,12.55,2.48,4.34,-3.19,39.43,Forward
38.15,34.77,32.11,7.46,28.24,16.48,0.83,19.81,29.39,53.96,10.02,12.92,68.98,16.85,9.06,-1.62,-2.21,38.38,Forward
46.82,5.77,40.71,8.34,13.95,17.5,0.62,4.61,7.09,37.12,12.2,70.84,47.51,4.17,7.26,-1.61,0.54,6.87,Forward
47.05,28.35,17.6,29.83,20.41,14.15,4.2,-12.92,23.8,-89.18,4.87,67.02,98.5,10.95,4.1,-2.14,0.9,1.9,Forward
8.9,12.58,29.85,7.45,20.78,28.05,1.7,-4.06,24.81,-89.63,10.4,93.0,66.33,18.76,7.27,1.34,-1.79,43.83,Slow_Forward
43.76,21.7,8.7,7.56,26.3,5.28,2.17,1.49,-23.91,85.94,2.82,114.65,89.79,14.49,3.42,-4.03,0.04,16.05,Descend
36.92,31.78,15.71,20.76,20.12,38.71,4.74,5.53,-29.5,-42.44,1.92,37.61,92.44,22.66,6.02,-4.47,-3.8,44.87,Hover
12.79,13.0,1.21,25.85,17.08,31.23,2.13,19.26,-3.88,-39.18,13.88,86.89,83.93,11.09,2.72,1.96,-4.89,3.95,Forward
3.55,2.8,38.46,11.92,21.45,12.14,0.03,-6.34,16.16,41.8,9.64,52.71,34.3,3.3,5.84,4.46,4.05,-4.43,Ascend
13.55,0.71,20.17,26.33,22.65,1.99,4.69,10.59,19.45,14.69,12.25,94.27,48.81,1.22,9.27,2.44,-0.58,-9.58,Forward
45.63,1.3,40.84,10.53,5.98,28.54,0.08,20.09,17.25,-6.56,7.99,20.55,10.03,11.94,7.83,-2.5,-2.69,7.17,Forward
31.73,0.62,35.48,6.31,3.74,29.45,3.31,20.63,-3.16,-69.04,2.32,60.6,50.63,10.94,6.73,-1.38,-1.7,22.17,Forward
36.11,5.7,41.47,10.22,2.71,38.56,1.62,-14.75,15.0,-75.33,5.65,10.19,36.44,6.41,2.84,-2.97,0.18,3.68,Forward
13.01,12.13,14.43,18.48,11.53,10.37,2.36,-8.99,13.13,36.65,13.22,67.78,20.07,14.76,1.1,1.84,4.46,21.67,Forward
36.03,11.22,9.42,11.33,15.19,3.58,2.74,5.69,-11.17,-67.57,0.23,21.11,85.47,6.25,7.25,-2.63,2.21,-6.9,Forward
1.6,49.34,48.6,20.35,18.66,36.63,2.05,23.15,-19.88,-11.55,3.11,115.25,70.61,5.41,5.97,0.71,4.48,43.38,Turn_Left
18.89,15.44,35.92,7.49,28.76,10.57,3.87,17.43,7.29,42.5,3.8,66.97,99.92,15.56,2.52,3.39,-3.88,9.11,Forward
31.41,6.55,41.74,21.18,10.26,28.94,4.65,5.04,10.63,76.18,3.94,64.0,54.85,23.62,9.38,0.16,-3.22,43.53,Hover
7.48,27.37,0.85,10.75,22.95,2.71,0.44,29.02,4.08,67.25,1.48,116.71,39.76,5.07,5.74,0.93,-1.37,19.4,Slow_Forward
41.19,42.93,17.85,13.95,16.18,30.5,4.0,-3.66,-17.21,65.53,12.72,60.31,33.74,4.57,5.93,4.68,-2.56,15.65,Forward
11.9,33.97,37.19,16.95,6.99,5.34,0.65,20.55,-13.4,-25.47,2.39,81.53,49.18,12.98,3.34,-1.81,4.57,-5.07,Forward
32.68,14.94,4.08,20.74,18.65,27.91,0.41,19.11,12.51,76.89,12.45,6.56,37.89,2.99,8.85,2.97,-3.29,-5.34,Forward
20.38,28.17,28.45,7.54,29.03,21.43,4.78,24.48,27.76,33.06,5.33,85.29,99.17,7.35,8.97,1.87,-3.3,18.25,Forward
29.88,35.8,21.57,25.16,4.17,38.23,2.45,29.26,26.69,69.57,6.86,13.41,26.45,24.77,7.29,-3.87,-0.12,7.51,Hover
5.55,36.46,1.08,21.79,15.46,1.77,0.77,-0.26,1.18,-73.99,6.94,93.85,11.72,21.03,1.44,4.9,1.97,0.24,Hover
1.04,33.39,11.95,7.41,2.02,11.89,2.85,-18.26,23.19,-82.88,10.7,105.34,21.7,17.65,1.3,1.9,-1.21,-2.56,Turn_Left
45.5,43.57,14.38,29.26,9.98,3.06,1.32,-2.35,-28.23,-12.66,10.97,38.54,90.24,0.65,4.96,-4.86,-4.56,20.73,Forward
13.63,43.53,5.77,20.11,18.81,35.2,2.33,21.23,21.67,59.04,9.61,105.5,72.45,6.63,1.85,2.22,2.66,6.57,Descend
41.02,29.03,31.65,13.85,25.31,23.88,3.13,20.17,-1.43,-16.46,11.61,58.43,80.56,14.24,3.65,-3.66,4.45,34.32,Forward
49.97,21.61,12.27,5.15,22.04,21.54,4.35,-9.84,16.89,69.24,0.12,69.02,38.84,17.76,2.13,-2.07,3.1,-5.06,Forward
10.73,32.15,14.03,16.23,14.15,5.52,0.03,-27.16,-29.67,-47.74,7.57,49.91,66.04,16.71,3.45,-1.52,3.4,-9.55,Forward
13.41,40.95,44.93,5.36,27.32,19.71,1.08,0.59,22.11,-82.92,7.86,57.71,73.71,4.64,9.46,-1.9,3.48,41.81,Forward
33.21,0.48,23.46,13.17,9.43,16.13,0.49,-1.55,5.7,47.03,3.59,109.08,39.38,11.66,7.66,2.44,2.6,-9.05,Descend
48.28,49.6,19.73,12.56,22.74,12.84,0.49,-24.85,-15.59,22.71,8.35,113.73,75.21,4.96,1.81,2.53,3.05,37.3,Descend
45.81,9.31,36.25,21.74,14.48,30.96,4.73,17.69,-9.15,-10.78,7.01,54.06,66.67,23.09,6.85,0.28,-4.23,38.42,Hover
25.24,23.62,45.5,6.18,27.01,2.73,4.68,-12.98,-17.96,62.15,7.08,62.21,36.66,13.94,0.79,0.67,-4.45,42.08,Forward
39.8,43.63,1.45,24.75,24.02,25.97,3.75,8.75,-4.54,58.35,1.78,14.82,14.76,9.76,9.84,-1.86,-4.25,17.21,Forward
6.96,11.41,22.52,10.12,27.09,32.97,3.22,-23.91,-10.2,-31.58,6.53,39.75,31.41,22.95,5.55,-4.77,0.92,24.31,Hover
48.88,23.94,30.62,13.6,6.82,36.32,4.24,21.64,2.07,60.84,11.5,62.08,65.76,22.6,5.3,-1.48,-2.59,10.15,Hover
48.22,6.8,16.06,23.28,20.21,29.91,0.3,14.36,18.89,-27.87,6.15,25.11,63.91,12.6,2.78,-4.91,-4.72,43.45,Forward
8.35,19.87,38.67,18.95,22.28,11.51,0.61,-6.69,28.94,21.94,7.31,69.61,55.69,17.17,4.85,3.65,-4.23,30.25,Slow_Forward
15.11,9.02,48.58,9.59,22.4,24.14,1.59,7.77,-14.91,-55.35,14.51,82.55,32.63,7.97,5.5,1.41,-4.31,29.63,Forward
5.19,18.31,47.18,11.89,15.37,5.91,4.16,-18.75,-23.61,-42.45,13.08,78.35,50.01,7.69,6.75,4.79,1.28,9.44,Slow_Forward
13.73,18.8,13.45,9.52,0.83,4.95,2.37,29.13,-6.26,-9.38,13.93,53.66,22.96,13.74,0.94,-3.17,-3.57,6.56,Ascend
40.83,49.66,11.47,18.05,8.21,25.65,2.52,17.77,-21.39,-33.37,1.17,92.55,69.61,21.17,3.75,1.58,3.46,20.66,Hover
19.04,49.74,47.88,10.31,10.04,34.09,1.15,17.34,20.05,-66.75,9.28,39.02,88.22,14.93,4.18,-3.12,4.93,-5.53,Forward
4.6,5.92,23.04,21.91,25.64,2.97,3.25,-20.8,0.07,-3.18,3.35,56.84,51.73,11.48,1.92,1.39,-0.59,13.04,Ascend
17.24,36.35,10.57,17.6,25.31,4.51,4.44,-28.94,7.2,2.04,6.06,33.15,29.17,16.6,2.78,-0.08,0.38,19.26,Forward
49.07,2.78,35.41,4.8,3.59,22.75,1.65,5.12,-20.96,-61.43,10.2,72.83,84.51,20.31,2.75,1.65,-2.4,31.26,Hover
31.56,1.7,14.36,9.65,28.52,8.96,3.1,-21.35,14.98,-58.62,8.68,53.44,38.18,19.68,8.2,2.25,1.56,21.44,Forward
20.92,5.45,13.51,7.03,5.88,24.59,1.67,16.83,28.41,-84.72,7.59,26.84,63.46,9.26,7.03,0.23,4.15,11.45,Forward
8.49,48.28,43.99,12.01,12.72,8.82,3.97,-5.04,-1.06,-84.54,12.22,37.67,16.79,23.39,9.27,-0.06,-3.19,-8.46,Hover
49.31,47.06,8.29,15.72,6.85,4.92,2.38,-9.68,27.75,-25.45,10.24,34.26,74.61,0.39,3.44,-4.3,4.53,28.96,Forward
41.08,9.86,3.41,15.45,25.88,21.96,1.7,-25.58,-27.92,-63.6,12.32,109.4,51.46,11.27,8.88,-1.36,-2.79,32.23,Descend
14.22,8.25,13.61,22.76,22.61,34.53,2.11,29.76,-27.86,75.44,13.98,63.11,48.1,22.69,8.71,-1.98,-2.34,36.98,Hover
3.69,12.18,30.43,6.08,10.93,27.5,0.47,27.36,27.6,-54.11,10.68,78.67,94.14,17.4,4.76,1.26,4.12,0.9,Ascend
3.02,25.87,6.33,28.42,20.62,32.8,4.33,-22.1,12.02,-78.13,5.93,112.23,54.23,17.6,6.48,-2.24,0.93,17.77,Turn_Right
6.19,28.57,23.69,10.61,5.94,10.87,4.79,-10.03,-18.68,-17.25,3.19,22.68,11.51,3.91,6.18,-2.68,-4.68,15.32,Slow_Forward
29.12,11.24,31.44,9.36,11.78,35.47,2.39,-6.55,-8.17,-55.36,4.06,112.49,96.38,14.55,3.42,3.49,3.03,31.84,Descend
46.45,37.88,42.47,20.71,11.62,15.27,1.11,-12.19,0.47,-78.88,5.95,65.22,11.1,24.17,2.99,3.28,1.42,17.66,Hover
24.94,15.62,11.65,24.26,7.52,34.14,3.33,26.07,12.16,45.49,11.1,102.89,58.23,5.29,2.11,-1.71,2.43,33.88,Descend
42.18,46.12,40.9,11.66,26.35,19.01,2.27,13.28,20.52,10.28,0.6,20.99,67.02,8.18,8.46,-4.14,-3.38,-5.44,Descend
22.41,32.9,11.9,22.53,20.53,10.93,1.27,27.35,-25.04,-79.74,12.21,33.48,90.5,9.72,5.57,-0.02,3.73,-7.05,Forward
35.49,21.93,33.9,26.57,8.76,10.63,0.2,22.47,9.39,-5.76,11.37,24.11,71.13,9.0,3.71,-0.49,2.83,4.67,Forward
36.65,39.54,21.65,23.12,7.64,22.84,4.45,15.27,-1.4,-83.01,7.49,78.76,83.0,15.68,5.34,3.7,4.57,16.09,Forward
8.86,40.93,5.91,1.51,1.03,3.44,3.99,11.82,5.86,-26.22,6.0,17.75,79.29,5.86,1.27,0.47,-0.91,31.32,Ascend
18.19,14.67,35.77,24.91,10.72,37.22,4.15,21.97,0.51,-24.61,1.69,95.31,29.22,12.64,1.51,4.43,0.18,10.1,Forward
31.94,17.12,11.04,23.35,16.04,11.08,2.2,11.05,-2.96,58.14,4.35,30.8,73.04,10.01,7.71,-0.17,2.02,30.76,Forward
3.72,46.81,9.0,20.24,8.69,13.62,3.77,-18.68,-17.67,42.35,1.64,31.4,67.38,16.11,9.06,1.67,-3.96,35.73,Ascend
18.2,8.4,18.04,22.92,21.16,9.56,2.91,8.89,-1.66,71.45,12.28,34.45,31.96,6.05,3.54,-0.2,-2.9,17.64,Forward
26.83,2.3,32.73,29.39,12.65,0.42,1.88,0.9,-18.62,-64.71,7.64,89.82,21.55,13.83,4.39,-1.79,-2.12,42.69,Forward
49.81,22.81,11.85,13.22,9.83,27.79,4.22,28.91,-27.32,6.08,3.7,110.98,77.65,18.51,4.05,-4.73,4.45,-1.63,Descend
23.83,40.1,9.35,2.48,28.2,23.74,4.99,0.6,-7.57,-86.37,0.27,108.99,97.4,17.32,5.05,2.93,-4.99,6.26,Descend
40.84,38.63,0.7,14.1,8.25,32.44,4.5,-27.69,-28.5,58.59,7.86,13.05,76.46,20.86,4.43,4.03,4.94,44.87,Hover
21.72,45.99,23.69,1.87,12.25,1.93,3.88,-14.15,3.75,-24.02,11.28,32.23,77.45,23.9,4.17,2.34,-1.04,-0.83,Hover
39.86,26.75,21.55,9.18,11.78,37.17,3.74,25.04,-25.66,-77.52,11.5,80.99,25.0,21.35,6.77,-2.28,1.48,40.12,Hover
29.85,5.18,11.85,17.81,7.62,13.44,3.25,27.74,-3.75,-31.56,3.22,74.61,32.23,23.46,3.09,3.17,-0.89,40.61,Hover
44.35,29.52,2.87,9.63,6.92,36.55,4.27,13.71,28.81,-38.36,14.93,42.65,62.72,0.44,9.46,1.13,2.84,25.17,Forward
20.66,38.96,21.58,20.72,9.42,4.55,2.47,-26.59,-29.41,47.88,8.53,103.68,12.83,15.72,3.43,1.83,4.51,-7.31,Descend
30.29,4.85,39.45,24.75,25.99,29.83,0.92,-28.59,-7.99,-67.21,4.98,16.53,70.11,6.69,2.54,-4.34,-0.52,18.01,Forward
31.57,8.8,35.82,12.9,23.13,23.3,3.84,-1.22,10.4,10.04,5.89,77.04,23.03,20.22,9.73,0.82,-3.2,-6.19,Hover
20.99,0.81,43.07,27.05,20.59,14.52,4.6,29.98,-20.46,52.91,1.87,33.5,47.21,20.48,2.67,0.61,-2.78,8.23,Hover
7.39,29.76,0.68,2.86,13.98,3.44,1.71,22.16,3.64,43.12,7.4,63.73,38.82,1.19,5.6,1.62,-2.34,-9.05,Slow_Forward
4.86,44.36,48.33,25.28,15.48,24.31,3.92,25.99,-14.51,78.46,11.3,47.11,19.58,14.89,3.62,2.72,-2.78,-7.48,Ascend
1.03,33.6,17.2,24.94,8.38,1.35,1.38,7.41,-16.63,-89.89,6.14,117.59,62.09,21.27,1.24,-0.95,-4.87,28.35,Turn_Left
43.7,49.11,49.52,10.0,2.69,20.2,4.71,21.55,23.7,-26.32,13.0,58.92,42.51,14.69,9.55,-3.45,3.62,44.02,Forward
11.98,3.34,12.78,9.31,10.27,24.29,3.42,-10.82,-17.8,-23.47,7.15,117.16,13.96,10.64,4.06,4.24,1.81,33.04,Descend
10.73,45.17,23.68,9.5,15.12,29.38,2.85,-28.36,-7.41,-84.0,13.51,31.35,50.0,1.92,6.63,2.77,0.16,11.78,Forward
36.85,40.74,17.83,24.44,2.19,39.66,3.9,25.1,-19.82,57.11,10.55,92.38,63.12,18.26,8.69,0.4,-3.53,8.56,Forward
16.14,15.85,17.92,25.03,3.1,10.63,4.07,-16.89,-12.97,34.0,0.83,86.33,21.74,1.87,5.75,-1.45,-4.59,44.66,Forward
25.4,48.68,42.15,10.23,8.26,13.1,4.46,13.71,-12.41,5.05,1.01,101.87,62.65,14.95,7.27,4.84,-1.15,2.75,Descend
8.29,14.54,37.37,17.98,11.33,13.84,4.51,9.54,-10.39,-17.1,12.0,83.54,37.18,22.94,7.95,-4.07,-4.95,-7.87,Hover
48.0,44.49,49.61,4.6,12.1,29.34,0.27,-20.51,8.46,71.17,5.35,82.2,33.37,10.48,4.12,4.35,-4.43,4.37,Forward
42.61,44.06,30.75,14.33,3.98,37.29,0.62,-18.25,14.56,-42.4,2.84,79.62,81.59,19.25,6.47,-0.96,-4.27,8.79,Forward
43.22,37.93,23.27,29.96,7.16,38.98,4.13,-10.26,0.64,-29.78,12.98,118.22,52.1,20.0,2.46,-4.03,3.16,16.84,Descend
20.46,28.26,4.69,5.19,8.22,37.85,4.73,15.42,6.63,81.47,14.75,28.14,44.01,0.26,1.03,-1.21,2.26,28.38,Forward
38.17,6.18,49.83,28.45,2.5,35.21,1.55,-27.65,18.8,-78.37,12.13,4.58,83.17,22.87,9.87,2.5,-1.91,26.08,Hover
7.37,26.69,27.67,24.82,10.12,39.64,0.05,-5.58,29.97,50.51,10.88,81.68,91.93,4.72,1.38,-0.75,-1.96,24.57,Slow_Forward
0.63,17.97,35.08,29.18,2.63,15.23,1.62,9.91,-2.61,39.25,0.01,21.51,38.36,7.07,4.57,-0.07,-1.56,38.85,Turn_Right
1.19,39.65,20.46,5.8,21.25,37.95,1.92,-19.71,26.19,72.34,1.59,81.85,14.54,21.77,1.14,3.23,0.66,21.93,Turn_Left
29.41,37.95,27.48,6.8,11.89,30.51,3.81,-22.83,-0.58,-73.7,10.06,39.04,58.66,17.16,9.27,1.16,3.6,-0.32,Forward
22.88,45.55,47.14,1.0,10.14,6.99,0.25,-6.59,16.92,84.68,6.14,6.16,74.36,9.3,1.54,1.68,-0.23,9.85,Forward
26.0,0.94,8.49,21.88,4.23,2.1,1.07,-12.81,4.39,-84.81,0.29,92.6,62.9,2.2,7.97,-3.46,-3.52,26.98,Forward
0.57,40.49,14.76,19.5,7.18,8.82,4.47,8.95,23.04,-29.21,11.11,7.15,71.93,9.66,7.3,-2.48,-3.41,18.89,Turn_Left
21.25,46.94,7.77,5.75,7.36,31.22,0.78,28.17,-3.08,-74.73,6.28,27.67,68.21,24.16,0.93,-0.89,-4.43,21.84,Hover
35.96,39.51,39.65,23.84,29.56,25.38,3.8,-29.73,11.75,-80.79,9.88,41.03,96.04,2.62,7.35,-3.9,2.4,6.41,Forward
22.25,6.68,3.29,9.33,25.14,9.21,1.81,24.14,-2.02,83.65,7.03,16.8,87.93,21.15,9.71,-2.21,-1.01,5.85,Hover
36.66,4.25,4.27,4.48,0.95,29.75,3.32,-4.01,21.42,39.54,0.4,109.71,21.87,8.13,5.45,3.33,4.18,14.77,Ascend
11.8,1.24,15.07,12.97,18.7,5.91,0.38,9.84,29.66,1.02,9.54,75.0,50.73,16.36,3.25,-4.78,-1.9,-8.14,Forward
40.69,31.51,25.81,3.18,8.05,32.93,1.44,21.06,-15.4,-70.53,11.82,105.17,50.93,15.79,5.68,-4.49,2.98,13.8,Descend
29.5,31.56,20.43,8.27,3.58,31.83,2.13,4.41,-1.54,4.68,2.34,82.16,51.07,8.14,1.65,1.87,-0.05,17.0,Forward
10.7,49.35,2.43,11.45,21.32,38.91,4.29,-24.16,-25.12,-32.39,13.37,119.04,93.76,1.36,9.58,-1.14,3.49,-6.69,Descend
11.99,20.02,47.88,25.63,4.38,6.27,2.82,-21.56,-21.54,-41.11,2.72,63.49,39.45,3.72,3.97,2.73,0.61,-8.2,Ascend
31.48,16.73,47.65,23.88,13.59,36.29,0.24,17.36,25.75,21.26,6.34,7.4,65.28,14.15,4.84,4.32,-3.08,-9.5,Forward
41.53,31.3,14.11,13.56,19.15,13.84,4.01,-16.25,2.62,52.37,7.91,20.14,90.67,23.72,4.31,-2.33,3.01,9.9,Hover
20.9,41.32,36.63,21.87,16.86,16.82,0.28,4.14,-6.29,-10.21,4.71,71.02,14.55,23.14,0.76,-4.63,-4.94,17.41,Turn_Left
13.06,46.85,29.01,17.28,29.34,18.9,4.67,-4.32,10.29,-1.21,7.51,42.38,89.07,2.84,0.83,-0.44,0.04,-0.5,Forward
43.38,40.2,12.03,10.55,23.68,25.19,1.07,-11.78,3.61,27.26,10.78,14.43,78.85,21.88,5.84,4.64,-3.04,39.26,Hover
33.53,21.45,13.26,21.91,23.34,39.79,2.44,17.22,-12.68,-67.57,10.72,29.34,28.71,5.85,5.27,0.45,-1.62,22.08,Forward
22.51,31.82,24.66,20.66,10.99,24.12,0.37,13.87,-16.4,59.15,13.83,57.47,39.3,22.75,9.87,-1.23,-0.91,22.87,Hover
24.5,42.84,21.08,18.76,0.75,37.09,2.81,8.77,5.41,60.65,12.93,62.66,37.95,18.96,3.0,0.52,0.6,-6.38,Ascend
10.37,24.63,14.7,18.73,22.17,10.42,2.49,-7.64,-18.7,7.39,14.78,112.22,29.92,24.03,4.0,-3.35,-1.45,-5.58,Descend
31.41,10.99,40.41,20.65,29.99,16.12,2.06,-16.41,-21.65,-56.24,8.93,11.79,67.47,11.04,9.88,2.51,1.45,17.76,Forward
18.07,8.65,24.18,11.84,12.47,20.33,0.19,0.95,-10.9,0.14,6.01,43.58,98.45,18.29,0.95,1.8,-3.13,31.94,Forward
49.78,0.21,32.81,26.14,29.57,13.12,4.4,19.03,21.68,-70.93,3.6,61.22,25.0,18.38,6.61,2.24,2.9,36.13,Forward
24.11,35.97,9.63,5.29,4.68,39.08,4.02,4.54,-27.79,47.39,3.66,14.48,30.9,12.4,1.47,-1.98,1.02,19.76,Forward
24.4,5.73,26.77,26.57,9.25,29.11,3.17,28.21,20.0,-33.99,2.26,82.85,36.13,24.36,9.49,3.14,-1.48,22.41,Hover
28.38,12.34,16.04,10.6,5.54,19.31,2.87,-29.07,7.26,-34.0,10.9,62.29,94.38,6.09,3.24,3.93,0.32,23.79,Forward
45.85,15.03,26.42,4.19,14.52,30.13,3.48,29.9,-27.58,80.11,9.81,55.68,66.32,24.66,8.23,4.56,-0.96,7.07,Hover
40.08,28.11,39.09,18.2,24.01,18.86,0.73,11.48,6.12,-14.07,4.38,79.07,29.14,20.3,9.16,1.39,3.75,43.65,Hover
22.67,20.02,38.49,11.59,10.55,0.98,4.66,19.96,-4.44,52.12,13.38,35.25,82.36,15.4,8.55,-1.52,0.46,43.67,Forward
35.99,33.8,17.84,24.56,27.23,21.86,1.43,-9.9,20.47,24.69,8.28,41.38,93.06,1.89,5.79,-1.12,2.89,24.36,Forward
29.39,2.97,34.78,13.21,16.57,25.12,3.29,0.5,24.43,-33.09,1.04,20.36,46.31,6.48,9.75,0.66,2.95,10.83,Forward
24.72,6.37,47.08,20.22,14.23,39.25,3.04,17.82,-12.81,-67.72,0.92,63.32,25.55,21.03,6.93,0.75,2.34,36.73,Hover
9.78,25.06,31.36,9.59,23.72,1.92,3.19,15.64,17.05,53.59,2.15,45.32,37.89,18.2,7.97,2.92,2.51,-0.36,Slow_Forward
23.3,16.98,7.59,6.68,3.49,20.63,4.4,-9.96,-11.41,47.25,3.17,31.98,29.54,24.07,2.82,-4.15,-2.75,23.2,Hover
12.44,14.93,34.05,11.95,23.33,4.2,1.49,-10.54,-12.26,-59.55,13.31,15.84,28.13,9.92,4.47,0.67,3.71,33.4,Forward
45.76,3.54,5.42,18.4,7.67,6.22,3.75,9.77,-18.44,-45.16,11.68,3.76,25.37,22.36,6.18,-1.51,2.08,-9.78,Hover
16.9,44.81,43.63,19.88,8.78,24.54,3.0,26.02,10.71,47.92,3.03,24.01,88.84,21.55,1.89,3.34,-4.46,13.75,Hover
47.62,34.65,25.93,17.56,18.18,9.49,0.39,-3.67,-14.3,87.05,3.73,30.44,17.73,24.15,9.67,-1.48,1.48,4.41,Hover
26.75,6.26,19.38,29.65,27.11,30.04,2.08,-8.82,-2.11,61.86,9.55,58.77,47.2,6.81,1.54,-0.32,-0.18,33.9,Forward
31.65,3.44,3.04,20.89,17.56,20.71,4.19,23.68,18.73,33.15,13.07,29.68,11.33,12.36,7.46,-2.72,-3.58,40.8,Forward
27.24,48.75,19.16,27.98,19.64,8.96,1.58,10.98,17.51,74.78,4.75,98.3,36.41,2.02,1.05,-2.04,-0.27,-0.47,Forward
6.64,34.12,45.18,3.98,23.41,19.9,2.42,-6.7,21.33,-38.66,7.88,57.42,73.62,14.77,1.48,0.56,4.22,-0.12,Slow_Forward
18.92,20.99,1.24,2.31,8.15,0.34,2.45,-26.56,-20.34,-88.26,13.36,75.23,28.26,18.31,6.42,-0.74,3.76,42.9,Forward
5.14,35.15,23.84,9.67,24.9,34.55,3.09,13.29,5.21,-32.23,11.56,25.74,99.89,5.95,4.8,-2.98,-4.14,18.16,Slow_Forward
31.22,37.87,46.57,4.53,12.83,0.8,4.42,-8.83,24.89,84.95,13.37,50.52,14.35,4.24,0.53,-0.26,-0.59,-4.62,Forward
22.45,39.04,19.86,16.01,5.68,0.58,0.88,-25.77,-27.48,68.75,4.17,72.73,22.28,15.99,4.24,-3.35,0.1,-5.82,Forward
38.94,24.0,21.52,15.81,10.83,24.58,2.53,6.74,17.67,-80.94,10.36,38.01,80.82,9.83,2.88,3.82,1.91,43.04,Forward
11.18,21.61,29.01,17.46,7.76,38.95,2.13,-10.62,-15.23,0.35,1.71,41.01,97.84,10.66,8.78,4.24,2.67,13.76,Forward
8.4,0.75,23.25,22.48,7.25,34.28,1.49,-9.69,10.18,-75.78,9.24,97.08,95.86,11.78,7.23,-2.74,3.28,41.82,Slow_Forward
20.44,46.34,8.6,29.15,8.84,10.31,4.6,-1.25,13.04,52.03,4.56,100.62,81.84,12.79,7.51,-4.48,0.96,21.73,Descend
46.34,30.24,1.12,26.41,5.84,8.11,0.05,13.05,25.54,-22.93,10.52,64.42,97.57,4.89,9.53,4.27,3.82,29.72,Forward
35.58,10.32,30.57,3.99,20.2,25.16,0.62,-13.42,0.53,74.15,2.13,107.67,85.67,14.44,7.24,-1.88,0.57,5.35,Descend
21.06,46.0,46.06,10.49,17.61,32.96,3.67,-25.14,20.89,-80.2,9.98,88.67,15.22,1.73,2.03,-3.12,-4.77,-6.29,Hover
25.96,45.76,5.5,8.05,19.63,14.67,1.32,-4.53,-27.28,42.12,10.63,7.58,86.11,2.84,9.4,4.19,-0.41,33.24,Forward
4.39,49.46,10.71,5.72,10.64,17.46,3.62,-26.7,-4.77,-18.11,12.86,67.58,53.54,17.79,1.57,3.83,-3.39,-0.75,Ascend
49.23,43.73,18.64,16.57,23.21,4.88,4.16,11.84,-3.63,-41.72,10.31,84.04,51.11,18.29,2.33,-4.47,0.74,29.4,Forward
33.39,49.89,40.48,16.82,4.32,6.37,1.28,27.55,2.3,3.14,7.84,65.37,10.23,6.66,3.21,-2.92,1.81,-5.84,Forward
14.41,12.39,13.61,7.2,17.35,22.86,0.97,9.53,-1.12,-2.61,11.76,100.01,65.82,4.62,2.16,3.13,1.81,21.64,Descend
29.37,42.14,44.13,21.5,8.63,4.38,0.74,-13.48,28.08,-27.21,4.27,36.8,70.44,1.35,0.67,-2.33,-0.1,31.42,Forward
5.65,41.19,2.94,22.12,16.06,8.32,1.01,-19.1,-25.29,26.79,10.16,8.79,81.16,10.47,4.86,1.68,2.17,-8.95,Forward
48.3,11.7,47.06,1.12,10.05,9.62,1.34,-16.03,-14.1,29.04,10.87,76.4,39.34,12.73,7.04,-4.6,-3.86,11.36,Forward
8.9,5.1,28.13,12.17,23.82,17.92,4.35,-16.7,28.12,-76.12,5.89,87.97,21.53,22.49,4.5,3.42,4.48,22.36,Hover
32.47,48.98,33.01,26.76,26.79,2.11,3.85,-11.17,-3.28,17.17,14.83,92.07,49.59,0.06,2.73,-0.78,3.43,33.91,Forward
12.42,14.94,18.51,15.85,22.41,20.14,0.02,-24.16,4.27,37.93,5.34,2.32,42.61,10.15,8.89,-0.3,3.55,4.19,Forward
35.93,43.57,39.14,10.76,5.68,37.17,4.37,23.74,-25.14,-76.34,1.27,81.13,77.78,10.48,4.19,3.08,-4.67,34.89,Forward
38.89,0.41,8.49,7.98,8.61,1.27,0.4,23.11,-12.96,28.64,4.55,3.47,30.65,22.16,8.47,-0.46,-2.71,25.64,Hover
33.74,1.25,2.64,7.68,27.62,25.35,3.28,6.91,-27.62,54.72,1.49,93.2,22.44,4.9,2.2,-3.96,-4.01,9.07,Forward
30.8,23.4,19.9,3.44,13.4,33.48,0.77,-26.28,-21.75,59.75,5.09,84.67,49.62,1.65,3.67,0.04,3.65,6.48,Forward
44.64,12.09,42.71,24.61,28.26,12.7,0.32,18.24,8.0,-82.5,1.92,68.52,66.52,9.54,8.13,-0.43,2.5,28.61,Forward
4.12,34.55,37.8,3.06,12.08,5.52,3.8,-26.29,15.82,35.54,6.59,61.25,35.29,15.31,0.79,-0.5,-4.04,29.82,Forward
16.68,28.37,25.95,9.12,28.58,2.02,2.34,-23.61,22.21,53.46,11.67,86.1,20.3,21.45,9.24,-3.07,-0.98,25.04,Hover
12.56,4.06,28.69,1.85,27.81,25.86,3.0,-10.48,-14.91,-18.57,1.01,7.81,49.52,6.73,4.27,-3.36,0.12,14.43,Forward
49.4,8.3,6.67,23.55,19.99,22.22,2.13,-4.11,-10.03,7.71,8.45,100.03,96.57,6.28,9.79,2.78,2.15,-8.79,Descend
19.59,19.52,42.07,1.66,0.76,9.4,0.35,-8.77,4.16,-42.28,0.66,24.95,97.06,8.15,7.16,1.19,-2.07,21.57,Ascend
36.68,9.44,39.39,9.59,12.31,33.32,3.7,-20.09,-24.98,-34.16,13.27,57.86,73.78,2.96,9.52,-4.94,-2.1,23.67,Forward
34.3,39.65,32.89,17.41,27.38,29.5,4.1,-23.27,18.4,0.29,13.82,58.93,79.94,24.43,1.13,3.35,0.32,3.21,Hover
10.76,20.92,23.42,12.58,26.61,11.27,0.22,21.56,-1.0,-62.8,7.39,93.48,28.32,13.52,7.36,-3.79,0.26,1.18,Forward
12.1,4.85,48.23,8.83,6.03,30.21,1.88,-8.21,27.93,-23.31,11.54,23.97,43.72,6.81,8.82,2.38,-3.88,37.54,Forward
14.21,24.32,43.98,8.62,12.28,10.03,2.79,-16.88,-22.96,-35.74,8.89,36.67,64.43,9.04,9.88,-4.04,2.13,-0.11,Forward
20.67,4.72,32.29,24.03,25.15,27.11,3.03,-0.78,-22.0,-47.12,5.11,79.91,77.54,21.65,0.82,4.71,-3.21,1.54,Hover
11.87,6.62,18.72,29.23,17.55,5.01,2.89,-27.79,-9.09,-2.9,3.68,50.12,25.0,16.84,1.29,4.01,3.5,24.26,Forward
1.18,12.13,30.98,10.77,25.5,27.78,3.47,6.02,-17.59,60.96,11.38,36.56,51.19,13.83,7.45,-3.17,2.73,7.55,Turn_Right
43.99,43.0,28.86,1.65,24.88,9.78,4.83,-15.09,11.8,-46.39,6.45,74.95,24.65,18.12,0.87,-4.92,4.81,14.26,Forward
48.29,46.25,19.83,1.58,27.27,23.03,1.96,5.89,26.81,28.75,13.8,11.3,67.0,18.9,0.61,-4.4,-3.29,19.16,Forward
17.21,41.35,15.47,22.9,3.96,7.15,2.79,6.85,-24.61,-44.25,14.64,94.98,79.49,4.86,5.68,3.09,4.45,41.21,Forward
17.06,16.84,20.47,16.79,4.78,29.12,3.5,18.55,-15.47,-64.42,3.16,63.45,85.0,3.97,5.53,-4.23,2.33,4.33,Forward
0.55,13.77,28.78,23.62,2.94,2.72,2.97,-16.21,-15.73,79.8,8.42,25.52,75.91,24.17,6.33,2.78,3.81,-7.55,Turn_Right
34.08,27.55,21.52,21.08,28.09,6.87,1.94,-2.19,0.54,23.98,8.05,49.61,24.32,4.64,0.63,3.2,-4.66,-3.63,Forward
41.31,36.15,13.33,27.27,14.52,7.61,3.12,27.71,-2.88,-71.17,13.02,16.6,84.56,11.62,5.28,-1.93,-1.79,-7.16,Ascend
7.5,49.67,38.1,26.63,2.4,1.94,3.25,13.63,13.61,23.88,10.36,74.37,40.1,24.57,3.22,2.35,-4.71,31.48,Slow_Forward
8.15,6.75,26.67,23.76,9.99,29.88,2.93,28.52,13.96,-58.26,9.11,80.65,85.22,10.43,7.68,3.2,-3.18,43.95,Slow_Forward
39.55,2.65,3.57,14.52,10.87,39.24,1.03,25.64,4.37,69.8,10.19,49.23,32.58,12.87,3.81,2.81,3.84,-5.59,Forward
30.89,34.78,18.54,9.59,24.38,31.2,2.53,6.64,5.46,-45.46,5.84,41.42,52.81,19.96,3.89,-3.08,-0.89,5.65,Forward
2.43,41.64,44.27,15.46,22.2,34.47,4.42,-14.16,20.54,55.22,14.4,102.12,61.89,8.51,6.72,-0.51,1.72,36.96,Turn_Right
31.2,42.35,37.81,15.31,20.84,0.54,4.34,15.42,-6.18,-54.14,0.86,69.55,13.12,10.78,6.78,-4.32,-0.16,39.36,Forward
15.58,33.99,16.3,18.5,1.14,4.98,3.76,11.89,-29.26,10.49,0.44,80.38,91.33,8.3,1.05,0.25,-0.26,1.9,Ascend
18.56,47.71,46.92,5.99,27.37,22.49,3.49,5.33,-17.22,74.22,6.23,16.17,56.04,7.18,6.45,-0.58,1.5,40.54,Forward
38.53,25.65,4.01,19.84,6.86,39.12,0.77,11.87,-27.88,-36.72,2.32,85.89,27.28,11.8,6.75,4.03,-0.65,21.78,Forward
40.58,45.71,48.07,13.97,19.06,26.53,2.3,6.82,-6.39,-75.35,8.17,53.91,24.47,18.65,4.85,-4.82,-4.79,44.73,Forward
20.14,48.4,12.44,18.8,2.32,15.15,0.56,1.16,-8.53,9.47,0.14,44.63,71.79,21.68,8.36,0.3,3.01,-8.76,Hover
47.37,42.39,0.65,7.57,2.91,6.1,4.09,-5.04,-24.08,-58.98,6.9,111.6,17.36,11.75,0.59,2.32,-2.27,33.23,Descend
20.44,15.63,21.8,13.31,0.78,6.37,1.46,-27.32,15.3,41.1,4.42,7.42,49.58,8.03,9.7,-0.36,1.71,-6.96,Ascend
38.64,9.97,18.08,6.7,17.19,14.7,3.84,21.94,3.18,16.35,3.04,24.28,58.62,22.79,4.07,-2.62,1.58,30.39,Hover
24.3,27.5,27.05,26.32,19.07,28.64,4.07,21.93,-16.46,-27.65,6.67,45.63,30.98,8.4,6.16,1.1,-3.55,41.92,Forward
44.9,22.76,39.88,14.89,1.99,1.56,4.46,5.64,15.55,37.02,12.82,39.56,21.63,19.38,0.83,4.87,-3.35,7.97,Ascend
45.41,43.91,42.15,7.14,9.07,34.13,3.77,-13.93,10.08,-47.06,9.83,61.77,54.16,18.72,7.23,-4.59,-0.52,8.64,Forward
4.55,5.18,20.18,1.72,25.62,37.68,2.83,-28.31,-18.5,75.07,2.4,48.71,40.63,1.24,5.67,-3.04,-1.58,3.16,Forward
46.84,13.04,21.61,20.43,3.49,35.59,2.99,-29.91,28.97,-27.56,7.48,94.81,22.62,4.44,9.62,-0.09,-2.27,13.72,Forward
41.31,37.64,7.58,6.83,6.89,36.55,1.61,-25.63,-19.35,47.33,13.98,92.39,28.93,14.32,4.51,0.98,-1.91,16.0,Forward
39.61,4.93,2.57,29.69,13.02,0.91,0.89,-8.41,16.3,-43.47,6.59,92.91,52.38,21.69,7.36,1.24,-2.46,21.45,Hover
10.21,16.17,32.13,16.24,25.35,39.12,0.66,-18.7,28.1,38.67,7.06,44.95,21.97,14.85,1.21,-4.4,-3.89,27.86,Turn_Left
40.29,19.48,3.41,9.02,8.02,14.84,0.92,-14.1,13.53,-84.32,14.12,49.48,94.25,18.57,1.11,-3.77,-4.12,23.98,Forward
42.54,31.21,36.74,19.9,29.92,34.81,4.67,11.98,9.95,-36.81,2.04,86.73,79.79,18.36,9.52,4.45,3.8,-4.56,Forward
14.6,8.08,27.05,8.62,10.98,7.72,0.83,27.55,24.2,-73.28,11.03,15.78,39.3,12.36,2.91,-4.25,3.15,24.77,Forward
47.62,43.06,10.09,24.7,11.9,18.03,3.62,-17.59,-13.85,-8.78,4.49,102.38,33.25,14.02,9.17,-0.81,-0.06,0.6,Descend
2.68,22.49,27.07,9.59,4.1,2.05,0.93,-2.06,-13.37,-11.68,12.99,65.41,88.69,1.78,1.33,0.77,-1.8,19.41,Turn_Right
7.67,45.87,9.31,29.65,20.57,1.89,4.88,29.49,8.47,-25.38,0.82,101.98,48.42,23.19,6.56,-1.86,1.87,22.31,Hover
26.97,23.5,22.05,18.35,7.68,37.75,1.84,25.9,22.93,86.61,14.86,95.44,87.64,16.86,5.74,-2.44,-3.91,13.99,Forward
28.87,13.9,40.02,25.41,19.05,32.48,2.07,-8.86,7.04,-46.06,11.53,45.55,76.82,3.86,9.68,-2.1,-3.98,12.98,Forward
32.33,7.26,23.2,2.65,7.08,21.33,2.03,-10.82,28.62,52.39,4.26,13.09,18.29,6.1,4.34,-2.17,-3.59,13.39,Forward
1.05,0.39,7.61,10.77,11.94,21.16,4.08,-15.47,-16.63,-9.46,11.41,110.58,83.22,0.12,0.96,-1.21,1.92,2.92,Turn_Right
48.03,26.7,36.25,22.26,25.77,30.03,1.1,-20.68,19.55,-29.73,13.84,42.01,58.59,6.6,5.0,-3.84,3.22,34.17,Forward
2.42,5.54,9.5,19.82,22.3,13.86,4.16,-2.4,25.64,-53.38,1.69,45.48,70.98,7.92,8.33,3.54,0.36,16.71,Turn_Right
7.32,19.71,36.98,6.23,5.06,30.55,3.29,-9.53,-4.38,24.01,13.7,109.18,29.71,17.08,1.0,2.59,-3.31,17.78,Slow_Forward
0.9,29.55,24.07,11.01,18.43,19.55,1.11,14.69,27.72,-29.94,5.4,110.16,10.02,11.92,0.84,-4.66,-1.63,0.15,Turn_Left
28.43,13.93,22.8,8.27,19.04,25.63,0.34,-15.79,-17.87,56.33,0.1,32.29,40.03,21.07,8.31,2.61,3.23,16.15,Hover
46.63,8.93,42.6,18.59,3.17,38.6,3.88,14.18,27.17,84.32,1.69,11.59,27.16,2.17,8.33,3.28,0.13,14.05,Forward
33.36,38.78,35.49,10.66,14.24,19.01,1.1,-12.71,24.17,-49.12,13.27,1.13,49.17,17.68,2.4,4.22,-0.49,12.77,Forward
41.17,47.35,1.84,9.62,8.19,16.91,4.45,5.56,-26.03,-66.84,14.74,53.16,18.18,21.87,6.75,1.13,1.59,14.54,Hover
0.86,5.2,14.95,6.62,14.28,36.26,0.66,8.31,1.28,-33.21,13.43,68.66,90.55,10.53,1.11,3.53,-1.45,3.53,Turn_Right
27.19,7.95,43.57,12.57,23.42,36.13,3.09,10.31,1.73,-5.92,6.62,33.17,20.69,7.22,7.77,2.59,-4.96,33.72,Forward
23.09,48.01,1.11,6.27,5.17,39.7,3.46,-19.48,-26.58,-35.83,14.42,31.91,78.78,11.14,3.4,-4.75,4.41,0.74,Forward
25.05,2.08,27.35,28.9,4.14,22.17,3.29,-13.04,-27.63,84.68,6.1,43.46,94.54,19.72,2.69,3.11,2.11,19.66,Forward
3.8,48.89,36.45,5.06,8.44,13.97,1.59,-15.23,-29.69,50.26,1.71,32.31,23.34,22.98,6.94,0.81,4.58,7.73,Turn_Right
34.28,0.43,31.17,27.44,28.59,9.84,4.38,4.57,1.47,83.91,5.11,103.15,41.18,1.64,9.16,1.51,3.5,29.54,Descend
25.26,43.71,38.07,13.14,22.56,1.65,3.85,-25.46,-2.17,-22.82,14.98,77.5,75.8,13.21,0.89,3.85,-1.26,28.02,Forward
38.3,15.5,36.34,11.65,1.07,29.15,2.56,1.1,26.43,-35.16,9.39,99.64,74.3,15.99,1.87,-4.9,-1.21,28.41,Ascend
24.37,46.94,34.66,7.32,12.33,9.57,3.02,-24.75,-9.46,-16.67,5.1,103.4,13.37,0.44,2.93,-3.92,-3.56,38.69,Descend
7.64,15.98,41.11,19.25,8.09,24.38,2.84,-9.78,9.49,4.11,9.36,52.77,16.36,4.53,9.31,0.74,3.07,32.94,Slow_Forward
